"orig_index","cc_num","merchant","category","amt","lat","long","city_pop","unix_time","trans_date_trans_time","is_fraud","card_7d_tx_count","card_30d_tx_count","card_7d_amt_sum","merch_7d_tx_count","merch_30d_tx_count","merch_amt_sum_day","node_degree_card","node_degree_merchant","node_comp_size","node_pagerank_card","node_pagerank_merch","node_eig_card","node_eig_merch","node_clust_card","node_clust_merch","node_core_card","node_core_merch","node_neighbor_fraud_card","node_neighbor_fraud_merch"
"0","40001000000000000000","fraud_Kilback LLC","grocery_pos","5.00","40.7128","-74.0060","8419000","1704049200","2023-12-31 19:00:00","1","1","1","5.00","1","1","5.00","1","1","2","0.0300","0.0400","0.0200","0.0200","0.00","0.10","1","2","0.00","0.20"
"1","40001000000000007919","fraud_Ruecker Group","personal_care","5.54","34.0522","-118.2437","3980000","1704049740","2023-12-31 19:09:00","0","2","3","14.22","4","9","26.41","2","3","5","0.0320","0.0549","0.0300","0.0700","0.10","0.20","2","3","0.10","0.30"
"2","40001000000000015838","fraud_Stokes and Sons","grocery_pos","6.08","41.8781","-87.6298","2746000","1704050280","2023-12-31 19:18:00","0","3","5","24.52","7","17","51.06","3","5","8","0.0340","0.0698","0.0400","0.1200","0.20","0.30","3","1","0.20","0.40"
"3","40001000000000023757","fraud_Bahringer Group","personal_care","6.62","29.7604","-95.3698","2328000","1704050820","2023-12-31 19:27:00","0","4","7","35.90","2","17","25.99","4","7","11","0.0360","0.0847","0.0500","0.1700","0.00","0.00","1","2","0.30","0.00"
"4","40001000000000031676","fraud_Haley Ltd","grocery_pos","7.16","39.9526","-75.1652","1600000","1704051360","2023-12-31 19:36:00","0","5","9","48.36","5","7","52.80","5","2","14","0.0380","0.0996","0.0600","0.2200","0.10","0.10","2","3","0.40","0.10"
"5","40001000000000039595","fraud_McDermott PLC","personal_care","7.70","33.4484","-112.0740","1625000","1704051900","2023-12-31 19:45:00","0","6","11","61.90","8","15","61.60","6","4","17","0.0400","0.1145","0.0700","0.2700","0.20","0.20","3","1","0.00","0.20"
"6","40001000000000047514","fraud_Lynch-Wisozk","grocery_pos","8.24","32.7767","-96.7970","1304000","1704052440","2023-12-31 19:54:00","0","7","13","76.52","3","15","28.97","1","6","2","0.0420","0.1294","0.0800","0.3200","0.00","0.30","1","2","0.10","0.30"
"7","40001000000000055433","fraud_Huels-Nolan","personal_care","8.78","47.6062","-122.3321","737000","1704052980","2023-12-31 20:03:00","0","8","15","70.24","6","23","61.18","2","1","5","0.0440","0.1443","0.0900","0.3700","0.10","0.00","2","3","0.20","0.40"
"8","40001000000000063352","fraud_Schmeler Inc","grocery_pos","9.32","40.7128","-74.0060","8419000","1704053520","2023-12-31 20:12:00","0","9","17","87.02","1","5","22.07","3","3","8","0.0460","0.1591","0.1000","0.4200","0.20","0.10","3","1","0.30","0.00"
"9","40001000000000071271","fraud_Heathcote LLC","personal_care","9.86","34.0522","-118.2437","3980000","1704054060","2023-12-31 20:21:00","0","1","10","16.14","4","13","56.44","4","5","11","0.0480","0.1740","0.1100","0.4700","0.00","0.20","1","2","0.40","0.10"
"10","40001000000000079190","fraud_Kilback LLC","grocery_pos","10.40","41.8781","-87.6298","2746000","1704054600","2023-12-31 20:30:00","0","2","12","30.22","7","21","72.80","5","7","14","0.0500","0.1889","0.1200","0.0500","0.10","0.30","2","3","0.00","0.20"
"11","40001000000000087109","fraud_Ruecker Group","misc_net","10.94","29.7604","-95.3698","2328000","1704055140","2023-12-31 20:39:00","0","3","14","45.38","2","3","26.13","6","2","17","0.0520","0.2038","0.1300","0.1000","0.20","0.00","3","1","0.10","0.30"
"12","40001000000000095028","fraud_Stokes and Sons","shopping_net","11.48","39.9526","-75.1652","1600000","1704055680","2023-12-31 20:48:00","0","4","16","61.62","5","11","65.90","1","4","2","0.0540","0.2187","0.1400","0.1500","0.00","0.10","1","2","0.20","0.40"
"13","40001000000000102947","fraud_Bahringer Group","misc_net","9.81","33.4484","-112.0740","1625000","1704056220","2023-12-31 20:57:00","0","5","18","67.89","8","19","91.23","2","6","5","0.0560","0.0443","0.1500","0.2000","0.10","0.20","2","3","0.30","0.00"
"14","40001000000000110866","fraud_Haley Ltd","shopping_net","10.35","32.7767","-96.7970","1304000","1704056760","2023-12-31 21:06:00","0","6","20","62.10","3","19","48.05","3","1","8","0.0580","0.0591","0.1600","0.2500","0.20","0.30","3","1","0.40","0.10"
"15","40001000000000118785","fraud_McDermott PLC","misc_net","10.89","47.6062","-122.3321","737000","1704057300","2023-12-31 21:15:00","0","7","22","79.37","6","9","65.34","4","3","11","0.0600","0.0740","0.1700","0.3000","0.00","0.00","1","2","0.00","0.20"
"16","40001000000000126704","fraud_Lynch-Wisozk","shopping_net","11.43","40.7128","-74.0060","8419000","1704057840","2023-12-31 21:24:00","0","8","24","97.72","1","9","15.68","5","5","14","0.0620","0.0889","0.1800","0.3500","0.10","0.10","2","3","0.10","0.30"
"17","40001000000000134623","fraud_Huels-Nolan","misc_net","11.97","34.0522","-118.2437","3980000","1704058380","2023-12-31 21:33:00","1","9","26","117.15","4","17","56.38","6","7","17","0.0640","0.1038","0.1900","0.4000","0.20","0.20","3","1","0.20","0.40"
"18","40001000000000142542","fraud_Schmeler Inc","shopping_net","12.51","41.8781","-87.6298","2746000","1704058920","2023-12-31 21:42:00","0","1","19","25.07","7","7","100.32","1","2","2","0.0660","0.1187","0.2000","0.4500","0.00","0.30","1","2","0.30","0.00"
"19","40001000000000150461","fraud_Heathcote LLC","misc_net","13.05","29.7604","-95.3698","2328000","1704059460","2023-12-31 21:51:00","0","2","21","41.80","2","7","43.10","2","4","5","0.0680","0.1336","0.2100","0.0300","0.10","0.00","2","3","0.40","0.10"
"20","40001000000000158380","fraud_Kilback LLC","shopping_net","13.59","39.9526","-75.1652","1600000","1704060000","2023-12-31 22:00:00","0","3","23","59.61","5","15","67.95","3","6","8","0.0700","0.1485","0.2200","0.0800","0.20","0.10","3","1","0.00","0.20"
"21","40001000000000166299","fraud_Ruecker Group","misc_net","14.13","33.4484","-112.0740","1625000","1704060540","2023-12-31 22:09:00","0","4","4","56.52","8","23","117.29","4","1","11","0.0720","0.1634","0.2300","0.1300","0.00","0.20","1","2","0.10","0.30"
"22","40001000000000174218","fraud_Stokes and Sons","gas_transport","14.67","32.7767","-96.7970","1304000","1704061080","2023-12-31 22:18:00","0","5","6","76.49","3","5","52.51","5","3","14","0.0740","0.1783","0.2400","0.1800","0.10","0.30","2","3","0.20","0.40"
"23","40001000000000182137","fraud_Bahringer Group","food_dining","15.21","47.6062","-122.3321","737000","1704061620","2023-12-31 22:27:00","0","6","8","97.54","6","13","104.01","6","5","17","0.0760","0.1932","0.2500","0.2300","0.20","0.00","3","1","0.30","0.00"
"24","40001000000000190056","fraud_Haley Ltd","gas_transport","15.75","40.7128","-74.0060","8419000","1704062160","2023-12-31 22:36:00","0","7","10","119.67","1","13","32.75","1","7","2","0.0780","0.2081","0.2600","0.2800","0.00","0.10","1","2","0.40","0.10"
"25","40001000000000197975","fraud_McDermott PLC","food_dining","16.29","34.0522","-118.2437","3980000","1704062700","2023-12-31 22:45:00","0","8","12","142.88","4","21","65.16","2","2","5","0.0800","0.2230","0.2700","0.3300","0.10","0.20","2","3","0.00","0.20"
"26","40001000000000205894","fraud_Lynch-Wisozk","gas_transport","14.62","41.8781","-87.6298","2746000","1704063240","2023-12-31 22:54:00","0","9","14","147.28","7","11","106.59","3","4","8","0.0820","0.0485","0.2800","0.3800","0.20","0.30","3","1","0.10","0.30"
"27","40001000000000213813","fraud_Huels-Nolan","food_dining","15.16","29.7604","-95.3698","2328000","1704063780","2023-12-31 23:03:00","0","1","7","34.00","2","11","38.82","4","6","11","0.0840","0.0634","0.2900","0.4300","0.00","0.00","1","2","0.20","0.40"
"28","40001000000000221732","fraud_Schmeler Inc","gas_transport","15.70","39.9526","-75.1652","1600000","1704064320","2023-12-31 23:12:00","0","2","9","31.40","5","19","91.25","5","1","14","0.0860","0.0783","0.3000","0.4800","0.10","0.10","2","3","0.30","0.00"
"29","40001000000000229651","fraud_Heathcote LLC","food_dining","16.24","33.4484","-112.0740","1625000","1704064860","2023-12-31 23:21:00","0","3","11","51.86","8","9","146.92","6","3","17","0.0880","0.0932","0.3100","0.0600","0.20","0.20","3","1","0.40","0.10"
"30","40001000000000237570","fraud_Kilback LLC","gas_transport","16.78","32.7767","-96.7970","1304000","1704065400","2023-12-31 23:30:00","0","4","13","73.40","3","9","50.34","1","5","2","0.0900","0.1081","0.3200","0.1100","0.00","0.30","1","2","0.00","0.20"
"31","40001000000000245489","fraud_Ruecker Group","food_dining","17.32","47.6062","-122.3321","737000","1704065940","2023-12-31 23:39:00","0","5","15","96.02","6","17","108.17","2","7","5","0.0920","0.1230","0.3300","0.1600","0.10","0.00","2","3","0.10","0.30"
"32","40001000000000253408","fraud_Stokes and Sons","gas_transport","17.86","40.7128","-74.0060","8419000","1704066480","2023-12-31 23:48:00","0","6","17","119.72","1","17","26.36","3","2","8","0.0940","0.1379","0.3400","0.2100","0.20","0.10","3","1","0.20","0.40"
"33","40001000000000261327","fraud_Bahringer Group","travel","18.40","34.0522","-118.2437","3980000","1704067020","2023-12-31 23:57:00","0","7","19","144.50","4","7","86.35","4","4","11","0.0960","0.1528","0.3500","0.2600","0.00","0.20","1","2","0.30","0.00"
"34","40001000000000269246","fraud_Haley Ltd","entertainment","18.94","41.8781","-87.6298","2746000","1704067560","2024-01-01 00:06:00","1","8","21","170.36","7","15","149.58","5","6","14","0.0980","0.1677","0.3600","0.3100","0.10","0.30","2","3","0.40","0.10"
"35","40001000000000277165","fraud_McDermott PLC","travel","19.48","29.7604","-95.3698","2328000","1704068100","2024-01-01 00:15:00","0","9","23","175.32","2","15","38.96","6","1","17","0.1000","0.1826","0.3700","0.3600","0.20","0.00","3","1","0.00","0.20"
"36","40001000000000285084","fraud_Lynch-Wisozk","entertainment","20.02","39.9526","-75.1652","1600000","1704068640","2024-01-01 00:24:00","0","1","16","23.16","5","5","104.35","1","3","2","0.1020","0.1974","0.3800","0.4100","0.00","0.10","1","2","0.10","0.30"
"37","40001000000000293003","fraud_Huels-Nolan","travel","20.56","33.4484","-112.0740","1625000","1704069180","2024-01-01 00:33:00","0","2","18","47.40","8","13","172.98","2","5","5","0.1040","0.2123","0.3900","0.4600","0.10","0.20","2","3","0.20","0.40"
"38","40001000000000300922","fraud_Schmeler Inc","entertainment","21.10","32.7767","-96.7970","1304000","1704069720","2024-01-01 00:42:00","0","3","20","72.72","3","13","76.05","3","7","8","0.1060","0.2272","0.4000","0.0400","0.20","0.30","3","1","0.30","0.00"
"39","40001000000000308841","fraud_Heathcote LLC","travel","19.43","47.6062","-122.3321","737000","1704070260","2024-01-01 00:51:00","0","4","22","90.28","6","21","133.58","4","2","11","0.1080","0.0528","0.4100","0.0900","0.00","0.00","1","2","0.40","0.10"
"40","40001000000000316760","fraud_Kilback LLC","entertainment","19.97","40.7128","-74.0060","8419000","1704070800","2024-01-01 01:00:00","0","5","24","115.55","1","3","19.97","5","4","14","0.1100","0.0677","0.4200","0.1400","0.10","0.10","2","3","0.00","0.20"
"41","40001000000000324679","fraud_Ruecker Group","travel","20.51","34.0522","-118.2437","3980000","1704071340","2024-01-01 01:09:00","0","6","26","141.90","4","11","86.29","6","6","17","0.1120","0.0826","0.4300","0.1900","0.20","0.20","3","1","0.10","0.30"
"42","40001000000000332598","fraud_Stokes and Sons","entertainment","21.05","41.8781","-87.6298","2746000","1704071880","2024-01-01 01:18:00","0","7","7","147.35","7","19","155.85","1","1","2","0.1140","0.0974","0.4400","0.2400","0.00","0.30","1","2","0.20","0.40"
"43","40001000000000340517","fraud_Bahringer Group","travel","21.59","29.7604","-95.3698","2328000","1704072420","2024-01-01 01:27:00","0","8","9","175.86","2","19","55.93","2","3","5","0.1160","0.1123","0.4500","0.2900","0.10","0.00","2","3","0.30","0.00"
"44","40001000000000348436","fraud_Haley Ltd","home","22.13","39.9526","-75.1652","1600000","1704072960","2024-01-01 01:36:00","0","9","11","205.45","5","9","127.65","3","5","8","0.1180","0.1272","0.4600","0.3400","0.20","0.10","3","1","0.40","0.10"
"45","40001000000000356355","fraud_McDermott PLC","health_fitness","22.67","33.4484","-112.0740","1625000","1704073500","2024-01-01 01:45:00","0","1","4","32.09","8","17","181.36","4","7","11","0.1200","0.1421","0.4700","0.3900","0.00","0.20","1","2","0.00","0.20"
"46","40001000000000364274","fraud_Lynch-Wisozk","home","23.21","32.7767","-96.7970","1304000","1704074040","2024-01-01 01:54:00","0","2","6","58.98","3","17","73.88","5","2","14","0.1220","0.1570","0.4800","0.4400","0.10","0.30","2","3","0.10","0.30"
"47","40001000000000372193","fraud_Huels-Nolan","health_fitness","23.75","47.6062","-122.3321","737000","1704074580","2024-01-01 02:03:00","0","3","8","86.95","6","7","151.00","6","4","17","0.1240","0.1719","0.4900","0.0200","0.20","0.00","3","1","0.20","0.40"
"48","40001000000000380112","fraud_Schmeler Inc","home","24.29","40.7128","-74.0060","8419000","1704075120","2024-01-01 02:12:00","0","4","10","116.00","1","7","37.04","1","6","2","0.1260","0.1868","0.5000","0.0700","0.00","0.10","1","2","0.30","0.00"
"49","40001000000000388031","fraud_Heathcote LLC","health_fitness","24.83","34.0522","-118.2437","3980000","1704075660","2024-01-01 02:21:00","0","5","12","124.15","4","15","116.32","2","1","5","0.1280","0.2017","0.5100","0.1200","0.10","0.20","2","3","0.40","0.10"
"50","40001000000000395950","fraud_Kilback LLC","home","25.37","41.8781","-87.6298","2746000","1704076200","2024-01-01 02:30:00","0","6","14","155.36","7","23","177.59","3","3","8","0.1300","0.2166","0.5200","0.1700","0.20","0.30","3","1","0.00","0.20"
"51","40001000000000403869","fraud_Ruecker Group","health_fitness","25.91","29.7604","-95.3698","2328000","1704076740","2024-01-01 02:39:00","1","7","16","187.65","2","5","56.07","4","5","11","0.1320","0.0421","0.5300","0.2200","0.00","0.00","1","2","0.10","0.30"
"52","40001000000000411788","fraud_Stokes and Sons","home","24.24","39.9526","-75.1652","1600000","1704077280","2024-01-01 02:48:00","0","8","18","203.34","5","13","129.70","5","7","14","0.1340","0.0570","0.5400","0.2700","0.10","0.10","2","3","0.20","0.40"
"53","40001000000000419707","fraud_Bahringer Group","health_fitness","24.78","33.4484","-112.0740","1625000","1704077820","2024-01-01 02:57:00","0","9","20","235.58","8","21","210.99","6","2","17","0.1360","0.0719","0.0200","0.3200","0.20","0.20","3","1","0.30","0.00"
"54","40001000000000427626","fraud_Haley Ltd","home","25.32","32.7767","-96.7970","1304000","1704078360","2024-01-01 03:06:00","0","1","13","41.02","3","3","92.96","1","4","2","0.1380","0.0868","0.0300","0.3700","0.00","0.30","1","2","0.40","0.10"
"55","40001000000000435545","fraud_McDermott PLC","grocery_pos","25.86","47.6062","-122.3321","737000","1704078900","2024-01-01 03:15:00","0","2","15","70.56","6","11","155.16","2","6","5","0.1400","0.1017","0.0400","0.4200","0.10","0.00","2","3","0.00","0.20"
"56","40001000000000443464","fraud_Lynch-Wisozk","personal_care","26.40","40.7128","-74.0060","8419000","1704079440","2024-01-01 03:24:00","0","3","17","79.20","1","11","30.65","3","1","8","0.1420","0.1166","0.0500","0.4700","0.20","0.10","3","1","0.10","0.30"
"57","40001000000000451383","fraud_Huels-Nolan","grocery_pos","26.94","34.0522","-118.2437","3980000","1704079980","2024-01-01 03:33:00","0","4","19","110.90","4","19","116.26","4","3","11","0.1440","0.1315","0.0600","0.0500","0.00","0.20","1","2","0.20","0.40"
"58","40001000000000459302","fraud_Schmeler Inc","personal_care","27.48","41.8781","-87.6298","2746000","1704080520","2024-01-01 03:42:00","0","5","21","143.68","7","9","205.11","5","5","14","0.1460","0.1464","0.0700","0.1000","0.10","0.30","2","3","0.30","0.00"
"59","40001000000000467221","fraud_Heathcote LLC","grocery_pos","28.02","29.7604","-95.3698","2328000","1704081060","2024-01-01 03:51:00","0","6","23","177.54","2","9","73.04","6","7","17","0.1480","0.1613","0.0800","0.1500","0.20","0.00","3","1","0.40","0.10"
"60","40001000000000475140","fraud_Kilback LLC","personal_care","28.56","39.9526","-75.1652","1600000","1704081600","2024-01-01 04:00:00","0","7","25","212.48","5","17","142.80","1","2","2","0.1500","0.1762","0.0900","0.2000","0.00","0.10","1","2","0.00","0.20"
"61","40001000000000483059","fraud_Ruecker Group","grocery_pos","29.10","33.4484","-112.0740","1625000","1704082140","2024-01-01 04:09:00","0","8","27","248.50","8","25","237.05","2","4","5","0.1520","0.1911","0.1000","0.2500","0.10","0.20","2","3","0.10","0.30"
"62","40001000000000490978","fraud_Stokes and Sons","personal_care","29.64","32.7767","-96.7970","1304000","1704082680","2024-01-01 04:18:00","0","9","29","285.60","3","7","97.42","3","6","8","0.1540","0.2060","0.1100","0.3000","0.20","0.30","3","1","0.20","0.40"
"63","40001000000000498897","fraud_Bahringer Group","grocery_pos","30.18","47.6062","-122.3321","737000","1704083220","2024-01-01 04:27:00","0","1","1","30.18","6","15","193.83","4","1","11","0.1560","0.2209","0.1200","0.3500","0.00","0.00","1","2","0.30","0.00"
"64","40001000000000506816","fraud_Haley Ltd","personal_care","30.72","40.7128","-74.0060","8419000","1704083760","2024-01-01 04:36:00","0","2","3","64.58","1","15","47.72","5","3","14","0.1580","0.0464","0.1300","0.4000","0.10","0.10","2","3","0.40","0.10"
"65","40001000000000514735","fraud_McDermott PLC","grocery_pos","29.05","34.0522","-118.2437","3980000","1704084300","2024-01-01 04:45:00","0","3","5","93.43","4","5","116.20","6","5","17","0.1600","0.0613","0.1400","0.4500","0.20","0.20","3","1","0.00","0.20"
"66","40001000000000522654","fraud_Lynch-Wisozk","misc_net","29.59","41.8781","-87.6298","2746000","1704084840","2024-01-01 04:54:00","0","4","7","127.78","7","13","211.38","1","7","2","0.1620","0.0762","0.1500","0.0300","0.00","0.30","1","2","0.10","0.30"
"67","40001000000000530573","fraud_Huels-Nolan","shopping_net","30.13","29.7604","-95.3698","2328000","1704085380","2024-01-01 05:03:00","0","5","9","163.21","2","13","68.76","2","2","5","0.1640","0.0911","0.1600","0.0800","0.10","0.00","2","3","0.20","0.40"
"68","40001000000000538492","fraud_Schmeler Inc","misc_net","30.67","39.9526","-75.1652","1600000","1704085920","2024-01-01 05:12:00","1","6","11","199.72","5","21","166.10","3","4","8","0.1660","0.1060","0.1700","0.1300","0.20","0.10","3","1","0.30","0.00"
"69","40001000000000546411","fraud_Heathcote LLC","shopping_net","31.21","33.4484","-112.0740","1625000","1704086460","2024-01-01 05:21:00","0","7","13","237.31","8","11","266.68","4","6","11","0.1680","0.1209","0.1800","0.1800","0.00","0.20","1","2","0.40","0.10"
"70","40001000000000554330","fraud_Kilback LLC","misc_net","31.75","32.7767","-96.7970","1304000","1704087000","2024-01-01 05:30:00","0","8","15","254.00","3","11","95.25","5","1","14","0.1700","0.1357","0.1900","0.2300","0.10","0.30","2","3","0.00","0.20"
"71","40001000000000562249","fraud_Ruecker Group","shopping_net","32.29","47.6062","-122.3321","737000","1704087540","2024-01-01 05:39:00","0","9","17","293.75","6","19","197.99","6","3","17","0.1720","0.1506","0.2000","0.2800","0.20","0.00","3","1","0.10","0.30"
"72","40001000000000570168","fraud_Stokes and Sons","misc_net","32.83","40.7128","-74.0060","8419000","1704088080","2024-01-01 05:48:00","0","1","10","39.11","1","1","41.33","1","5","2","0.1740","0.1655","0.2100","0.3300","0.00","0.10","1","2","0.20","0.40"
"73","40001000000000578087","fraud_Bahringer Group","shopping_net","33.37","34.0522","-118.2437","3980000","1704088620","2024-01-01 05:57:00","0","2","12","76.16","4","9","146.23","2","7","5","0.1760","0.1804","0.2200","0.3800","0.10","0.20","2","3","0.30","0.00"
"74","40001000000000586006","fraud_Haley Ltd","misc_net","33.91","41.8781","-87.6298","2746000","1704089160","2024-01-01 06:06:00","0","3","14","114.29","7","17","254.37","3","2","8","0.1780","0.1953","0.2300","0.4300","0.20","0.30","3","1","0.40","0.10"
"75","40001000000000593925","fraud_McDermott PLC","shopping_net","34.45","29.7604","-95.3698","2328000","1704089700","2024-01-01 06:15:00","0","4","16","153.50","2","17","68.90","4","4","11","0.1800","0.2102","0.2400","0.4800","0.00","0.00","1","2","0.00","0.20"
"76","40001000000000601844","fraud_Lynch-Wisozk","misc_net","34.99","39.9526","-75.1652","1600000","1704090240","2024-01-01 06:24:00","0","5","18","193.79","5","7","179.20","5","6","14","0.1820","0.2251","0.2500","0.0600","0.10","0.10","2","3","0.10","0.30"
"77","40001000000000609763","fraud_Huels-Nolan","gas_transport","35.53","33.4484","-112.0740","1625000","1704090780","2024-01-01 06:33:00","0","6","20","213.18","8","15","292.74","6","1","17","0.1840","0.0506","0.2600","0.1100","0.20","0.20","3","1","0.20","0.40"
"78","40001000000000617682","fraud_Schmeler Inc","food_dining","33.86","32.7767","-96.7970","1304000","1704091320","2024-01-01 06:42:00","0","7","22","240.16","3","15","114.33","1","3","2","0.1860","0.0655","0.2700","0.1600","0.00","0.30","1","2","0.30","0.00"
"79","40001000000000625601","fraud_Heathcote LLC","gas_transport","34.40","47.6062","-122.3321","737000","1704091860","2024-01-01 06:51:00","0","8","24","281.48","6","23","223.40","2","5","5","0.1880","0.0804","0.2800","0.2100","0.10","0.00","2","3","0.40","0.10"
"80","40001000000000633520","fraud_Kilback LLC","food_dining","34.94","40.7128","-74.0060","8419000","1704092400","2024-01-01 07:00:00","0","9","26","323.88","1","5","34.94","3","7","8","0.1900","0.0953","0.2900","0.2600","0.20","0.10","3","1","0.00","0.20"
"81","40001000000000641439","fraud_Ruecker Group","gas_transport","35.48","34.0522","-118.2437","3980000","1704092940","2024-01-01 07:09:00","0","1","19","48.04","4","13","146.17","4","2","11","0.1920","0.1102","0.3000","0.3100","0.00","0.20","1","2","0.10","0.30"
"82","40001000000000649358","fraud_Stokes and Sons","food_dining","36.02","41.8781","-87.6298","2746000","1704093480","2024-01-01 07:18:00","0","2","21","87.74","7","21","260.64","5","4","14","0.1940","0.1251","0.3100","0.3600","0.10","0.30","2","3","0.20","0.40"
"83","40001000000000657277","fraud_Bahringer Group","gas_transport","36.56","29.7604","-95.3698","2328000","1704094020","2024-01-01 07:27:00","0","3","23","128.52","2","3","85.87","6","6","17","0.1960","0.1400","0.3200","0.4100","0.20","0.00","3","1","0.30","0.00"
"84","40001000000000665196","fraud_Haley Ltd","food_dining","37.10","39.9526","-75.1652","1600000","1704094560","2024-01-01 07:36:00","0","4","4","148.40","5","11","202.50","1","1","2","0.1980","0.1549","0.3300","0.4600","0.00","0.10","1","2","0.40","0.10"
"85","40001000000000673115","fraud_McDermott PLC","gas_transport","37.64","33.4484","-112.0740","1625000","1704095100","2024-01-01 07:45:00","1","5","6","191.34","8","19","301.12","2","3","5","0.2000","0.1698","0.3400","0.0400","0.10","0.20","2","3","0.00","0.20"
"86","40001000000000681034","fraud_Lynch-Wisozk","food_dining","38.18","32.7767","-96.7970","1304000","1704095640","2024-01-01 07:54:00","0","6","8","235.36","3","19","118.79","3","5","8","0.2020","0.1847","0.3500","0.0900","0.20","0.30","3","1","0.10","0.30"
"87","40001000000000688953","fraud_Huels-Nolan","gas_transport","38.72","47.6062","-122.3321","737000","1704096180","2024-01-01 08:03:00","0","7","10","280.46","6","9","240.82","4","7","11","0.2040","0.1996","0.3600","0.1400","0.00","0.00","1","2","0.20","0.40"
"88","40001000000000696872","fraud_Schmeler Inc","travel","39.26","40.7128","-74.0060","8419000","1704096720","2024-01-01 08:12:00","0","8","12","326.64","1","9","52.01","5","2","14","0.2060","0.2145","0.3700","0.1900","0.10","0.10","2","3","0.30","0.00"
"89","40001000000000704791","fraud_Heathcote LLC","entertainment","39.80","34.0522","-118.2437","3980000","1704097260","2024-01-01 08:21:00","0","9","14","373.90","4","17","176.20","6","4","17","0.2080","0.0400","0.3800","0.2400","0.20","0.20","3","1","0.40","0.10"
"90","40001000000000712710","fraud_Kilback LLC","travel","40.34","41.8781","-87.6298","2746000","1704097800","2024-01-01 08:30:00","0","1","7","59.18","7","7","282.38","1","6","2","0.2100","0.0549","0.3900","0.2900","0.00","0.30","1","2","0.00","0.20"
"91","40001000000000720629","fraud_Ruecker Group","entertainment","38.67","29.7604","-95.3698","2328000","1704098340","2024-01-01 08:39:00","0","2","9","77.34","2","7","81.59","2","1","5","0.2120","0.0698","0.4000","0.3400","0.10","0.00","2","3","0.10","0.30"
"92","40001000000000728548","fraud_Stokes and Sons","travel","39.21","39.9526","-75.1652","1600000","1704098880","2024-01-01 08:48:00","0","3","11","120.77","5","15","204.55","3","3","8","0.2140","0.0847","0.4100","0.3900","0.20","0.10","3","1","0.20","0.40"
"93","40001000000000736467","fraud_Bahringer Group","entertainment","39.75","33.4484","-112.0740","1625000","1704099420","2024-01-01 08:57:00","0","4","13","165.28","8","23","330.75","4","5","11","0.2160","0.0996","0.4200","0.4400","0.00","0.20","1","2","0.30","0.00"
"94","40001000000000744386","fraud_Haley Ltd","travel","40.29","32.7767","-96.7970","1304000","1704099960","2024-01-01 09:06:00","0","5","15","210.87","3","5","137.87","5","7","14","0.2180","0.1145","0.4300","0.0200","0.10","0.30","2","3","0.40","0.10"
"95","40001000000000752305","fraud_McDermott PLC","entertainment","40.83","47.6062","-122.3321","737000","1704100500","2024-01-01 09:15:00","0","6","17","257.54","6","13","244.98","6","2","17","0.2200","0.1294","0.4400","0.0700","0.20","0.00","3","1","0.00","0.20"
"96","40001000000000760224","fraud_Lynch-Wisozk","travel","41.37","40.7128","-74.0060","8419000","1704101040","2024-01-01 09:24:00","0","7","19","305.29","1","13","45.62","1","4","2","0.2220","0.1443","0.4500","0.1200","0.00","0.10","1","2","0.10","0.30"
"97","40001000000000768143","fraud_Huels-Nolan","entertainment","41.91","34.0522","-118.2437","3980000","1704101580","2024-01-01 09:33:00","0","8","21","354.12","4","21","176.14","2","6","5","0.0300","0.1591","0.4600","0.1700","0.10","0.20","2","3","0.20","0.40"
"98","40001000000000776062","fraud_Schmeler Inc","travel","42.45","41.8781","-87.6298","2746000","1704102120","2024-01-01 09:42:00","0","9","23","382.05","7","11","309.90","3","1","8","0.0320","0.1740","0.4700","0.2200","0.20","0.30","3","1","0.30","0.00"
"99","40001000000000783981","fraud_Heathcote LLC","home","42.99","29.7604","-95.3698","2328000","1704102660","2024-01-01 09:51:00","0","1","16","46.13","2","11","102.98","4","3","11","0.0340","0.1889","0.4800","0.2700","0.00","0.00","1","2","0.40","0.10"
"100","40001000000000791900","fraud_Kilback LLC","health_fitness","43.53","39.9526","-75.1652","1600000","1704103200","2024-01-01 10:00:00","0","2","18","93.34","5","19","217.65","5","5","14","0.0360","0.2038","0.4900","0.3200","0.10","0.10","2","3","0.00","0.20"
"101","40001000000000799819","fraud_Ruecker Group","home","44.07","33.4484","-112.0740","1625000","1704103740","2024-01-01 10:09:00","0","3","20","141.63","8","9","356.81","6","7","17","0.0380","0.2187","0.5000","0.3700","0.20","0.20","3","1","0.10","0.30"
"102","40001000000000807738","fraud_Stokes and Sons","health_fitness","44.61","32.7767","-96.7970","1304000","1704104280","2024-01-01 10:18:00","1","4","22","191.00","3","9","142.33","1","2","2","0.0400","0.0443","0.5100","0.4200","0.00","0.30","1","2","0.20","0.40"
"103","40001000000000815657","fraud_Bahringer Group","home","45.15","47.6062","-122.3321","737000","1704104820","2024-01-01 10:27:00","0","5","24","241.45","6","17","283.65","2","4","5","0.0420","0.0591","0.5200","0.4700","0.10","0.00","2","3","0.30","0.00"
"104","40001000000000823576","fraud_Haley Ltd","health_fitness","43.48","40.7128","-74.0060","8419000","1704105360","2024-01-01 10:36:00","0","6","26","279.72","1","17","60.48","3","6","8","0.0440","0.0740","0.5300","0.0500","0.20","0.10","3","1","0.40","0.10"
"105","40001000000000831495","fraud_McDermott PLC","home","44.02","34.0522","-118.2437","3980000","1704105900","2024-01-01 10:45:00","0","7","7","308.14","4","7","176.08","4","1","11","0.0460","0.0889","0.5400","0.1000","0.00","0.20","1","2","0.00","0.20"
"106","40001000000000839414","fraud_Lynch-Wisozk","health_fitness","44.56","41.8781","-87.6298","2746000","1704106440","2024-01-01 10:54:00","0","8","9","359.62","7","15","316.17","5","3","14","0.0480","0.1038","0.0200","0.1500","0.10","0.30","2","3","0.10","0.30"
"107","40001000000000847333","fraud_Huels-Nolan","home","45.10","29.7604","-95.3698","2328000","1704106980","2024-01-01 11:03:00","0","9","11","412.18","2","15","98.70","6","5","17","0.0500","0.1187","0.0300","0.2000","0.20","0.00","3","1","0.20","0.40"
"108","40001000000000855252","fraud_Schmeler Inc","health_fitness","45.64","39.9526","-75.1652","1600000","1704107520","2024-01-01 11:12:00","0","1","4","55.06","5","5","240.95","1","7","2","0.0520","0.1336","0.0400","0.2500","0.00","0.10","1","2","0.30","0.00"
"109","40001000000000863171","fraud_Heathcote LLC","home","46.18","33.4484","-112.0740","1625000","1704108060","2024-01-01 11:21:00","0","2","6","104.92","8","13","386.44","2","2","5","0.0540","0.1485","0.0500","0.3000","0.10","0.20","2","3","0.40","0.10"
"110","40001000000000871090","fraud_Kilback LLC","grocery_pos","46.72","32.7767","-96.7970","1304000","1704108600","2024-01-01 11:30:00","0","3","8","155.86","3","13","140.16","3","4","8","0.0560","0.1634","0.0600","0.3500","0.20","0.30","3","1","0.00","0.20"
"111","40001000000000879009","fraud_Ruecker Group","personal_care","47.26","47.6062","-122.3321","737000","1704109140","2024-01-01 11:39:00","0","4","10","207.88","6","21","287.81","4","6","11","0.0580","0.1783","0.0700","0.4000","0.00","0.00","1","2","0.10","0.30"
"112","40001000000000886928","fraud_Stokes and Sons","grocery_pos","47.80","40.7128","-74.0060","8419000","1704109680","2024-01-01 11:48:00","0","5","12","239.00","1","3","56.30","5","1","14","0.0600","0.1932","0.0800","0.4500","0.10","0.10","2","3","0.20","0.40"
"113","40001000000000894847","fraud_Bahringer Group","personal_care","48.34","34.0522","-118.2437","3980000","1704110220","2024-01-01 11:57:00","0","6","14","293.18","4","11","206.11","6","3","17","0.0620","0.2081","0.0900","0.0300","0.20","0.20","3","1","0.30","0.00"
"114","40001000000000902766","fraud_Haley Ltd","grocery_pos","48.88","41.8781","-87.6298","2746000","1704110760","2024-01-01 12:06:00","0","7","16","348.44","7","19","359.16","1","5","2","0.0640","0.2230","0.1000","0.0800","0.00","0.30","1","2","0.40","0.10"
"115","40001000000000910685","fraud_McDermott PLC","personal_care","49.42","29.7604","-95.3698","2328000","1704111300","2024-01-01 12:15:00","0","8","18","404.78","2","19","98.84","2","7","5","0.0660","0.0485","0.1100","0.1300","0.10","0.00","2","3","0.00","0.20"
"116","40001000000000918604","fraud_Lynch-Wisozk","grocery_pos","49.96","39.9526","-75.1652","1600000","1704111840","2024-01-01 12:24:00","0","9","20","462.20","5","9","254.05","3","2","8","0.0680","0.0634","0.1200","0.1800","0.20","0.10","3","1","0.10","0.30"
"117","40001000000000926523","fraud_Huels-Nolan","personal_care","48.29","33.4484","-112.0740","1625000","1704112380","2024-01-01 12:33:00","0","1","13","63.99","8","17","394.82","4","4","11","0.0700","0.0783","0.1300","0.2300","0.00","0.20","1","2","0.20","0.40"
"118","40001000000000934442","fraud_Schmeler Inc","grocery_pos","48.83","32.7767","-96.7970","1304000","1704112920","2024-01-01 12:42:00","0","2","15","116.50","3","17","159.24","5","6","14","0.0720","0.0932","0.1400","0.2800","0.10","0.30","2","3","0.30","0.00"
"119","40001000000000942361","fraud_Heathcote LLC","personal_care","49.37","47.6062","-122.3321","737000","1704113460","2024-01-01 12:51:00","1","3","17","148.11","6","7","313.22","6","1","17","0.0740","0.1081","0.1500","0.3300","0.20","0.00","3","1","0.40","0.10"
"120","40001000000000950280","fraud_Kilback LLC","grocery_pos","49.91","40.7128","-74.0060","8419000","1704114000","2024-01-01 13:00:00","0","4","19","202.78","1","7","49.91","1","3","2","0.0760","0.1230","0.1600","0.3800","0.00","0.10","1","2","0.00","0.20"
"121","40001000000000958199","fraud_Ruecker Group","misc_net","50.45","34.0522","-118.2437","3980000","1704114540","2024-01-01 13:09:00","0","5","21","258.53","4","15","206.05","2","5","5","0.0780","0.1379","0.1700","0.4300","0.10","0.20","2","3","0.10","0.30"
"122","40001000000000966118","fraud_Stokes and Sons","shopping_net","50.99","41.8781","-87.6298","2746000","1704115080","2024-01-01 13:18:00","0","6","23","315.36","7","23","365.43","3","7","8","0.0800","0.1528","0.1800","0.4800","0.20","0.30","3","1","0.20","0.40"
"123","40001000000000974037","fraud_Bahringer Group","misc_net","51.53","29.7604","-95.3698","2328000","1704115620","2024-01-01 13:27:00","0","7","25","373.27","2","5","115.81","4","2","11","0.0820","0.1677","0.1900","0.0600","0.00","0.00","1","2","0.30","0.00"
"124","40001000000000981956","fraud_Haley Ltd","shopping_net","52.07","39.9526","-75.1652","1600000","1704116160","2024-01-01 13:36:00","0","8","27","432.26","5","13","277.35","5","4","14","0.0840","0.1826","0.2000","0.1100","0.10","0.10","2","3","0.40","0.10"
"125","40001000000000989875","fraud_McDermott PLC","misc_net","52.61","33.4484","-112.0740","1625000","1704116700","2024-01-01 13:45:00","0","9","29","492.33","8","21","420.88","6","6","17","0.0860","0.1974","0.2100","0.1600","0.20","0.20","3","1","0.00","0.20"
"126","40001000000000997794","fraud_Lynch-Wisozk","shopping_net","53.15","32.7767","-96.7970","1304000","1704117240","2024-01-01 13:54:00","0","1","1","53.15","3","3","163.70","1","1","2","0.0880","0.2123","0.2200","0.2100","0.00","0.30","1","2","0.10","0.30"
"127","40001000000001005713","fraud_Huels-Nolan","misc_net","53.69","47.6062","-122.3321","737000","1704117780","2024-01-01 14:03:00","0","2","3","110.52","6","11","330.64","2","3","5","0.0900","0.2272","0.2300","0.2600","0.10","0.00","2","3","0.20","0.40"
"128","40001000000001013632","fraud_Schmeler Inc","shopping_net","54.23","40.7128","-74.0060","8419000","1704118320","2024-01-01 14:12:00","0","3","5","168.97","1","11","66.98","3","5","8","0.0920","0.0528","0.2400","0.3100","0.20","0.10","3","1","0.30","0.00"
"129","40001000000001021551","fraud_Heathcote LLC","misc_net","54.77","34.0522","-118.2437","3980000","1704118860","2024-01-01 14:21:00","0","4","7","228.50","4","19","236.08","4","7","11","0.0940","0.0677","0.2500","0.3600","0.00","0.20","1","2","0.40","0.10"
"130","40001000000001029470","fraud_Kilback LLC","shopping_net","53.10","41.8781","-87.6298","2746000","1704119400","2024-01-01 14:30:00","0","5","9","278.06","7","9","371.70","5","2","14","0.0960","0.0826","0.2600","0.4100","0.10","0.30","2","3","0.00","0.20"
"131","40001000000001037389","fraud_Ruecker Group","misc_net","53.64","29.7604","-95.3698","2328000","1704119940","2024-01-01 14:39:00","0","6","11","337.54","2","9","111.53","6","4","17","0.0980","0.0974","0.2700","0.4600","0.20","0.00","3","1","0.10","0.30"
"132","40001000000001045308","fraud_Stokes and Sons","gas_transport","54.18","39.9526","-75.1652","1600000","1704120480","2024-01-01 14:48:00","0","7","13","398.10","5","17","279.40","1","6","2","0.1000","0.1123","0.2800","0.0400","0.00","0.10","1","2","0.20","0.40"
"133","40001000000001053227","fraud_Bahringer Group","food_dining","54.72","33.4484","-112.0740","1625000","1704121020","2024-01-01 14:57:00","0","8","15","437.76","8","25","450.51","2","1","5","0.1020","0.1272","0.2900","0.0900","0.10","0.20","2","3","0.30","0.00"
"134","40001000000001061146","fraud_Haley Ltd","gas_transport","55.26","32.7767","-96.7970","1304000","1704121560","2024-01-01 15:06:00","0","9","17","500.48","3","7","182.78","3","3","8","0.1040","0.1421","0.3000","0.1400","0.20","0.30","3","1","0.40","0.10"
"135","40001000000001069065","fraud_McDermott PLC","food_dining","55.80","47.6062","-122.3321","737000","1704122100","2024-01-01 15:15:00","0","1","10","62.08","6","15","334.80","4","5","11","0.1060","0.1570","0.3100","0.1900","0.00","0.00","1","2","0.00","0.20"
"136","40001000000001076984","fraud_Lynch-Wisozk","gas_transport","56.34","40.7128","-74.0060","8419000","1704122640","2024-01-01 15:24:00","1","2","12","122.10","1","15","60.59","5","7","14","0.1080","0.1719","0.3200","0.2400","0.10","0.10","2","3","0.10","0.30"
"137","40001000000001084903","fraud_Huels-Nolan","food_dining","56.88","34.0522","-118.2437","3980000","1704123180","2024-01-01 15:33:00","0","3","14","183.20","4","5","236.02","6","2","17","0.1100","0.1868","0.3300","0.2900","0.20","0.20","3","1","0.20","0.40"
"138","40001000000001092822","fraud_Schmeler Inc","gas_transport","57.42","41.8781","-87.6298","2746000","1704123720","2024-01-01 15:42:00","0","4","16","245.38","7","13","414.69","1","4","2","0.1120","0.2017","0.3400","0.3400","0.00","0.30","1","2","0.30","0.00"
"139","40001000000001100741","fraud_Heathcote LLC","food_dining","57.96","29.7604","-95.3698","2328000","1704124260","2024-01-01 15:51:00","0","5","18","308.64","2","13","132.92","2","6","5","0.1140","0.2166","0.3500","0.3900","0.10","0.00","2","3","0.40","0.10"
"140","40001000000001108660","fraud_Kilback LLC","gas_transport","58.50","39.9526","-75.1652","1600000","1704124800","2024-01-01 16:00:00","0","6","20","351.00","5","21","292.50","3","1","8","0.1160","0.0421","0.3600","0.4400","0.20","0.10","3","1","0.00","0.20"
"141","40001000000001116579","fraud_Ruecker Group","food_dining","59.04","33.4484","-112.0740","1625000","1704125340","2024-01-01 16:09:00","0","7","22","416.42","8","11","476.57","4","3","11","0.1180","0.0570","0.3700","0.0200","0.00","0.20","1","2","0.10","0.30"
"142","40001000000001124498","fraud_Stokes and Sons","gas_transport","59.58","32.7767","-96.7970","1304000","1704125880","2024-01-01 16:18:00","0","8","24","482.92","3","11","187.24","5","5","14","0.1200","0.0719","0.3800","0.0700","0.10","0.30","2","3","0.20","0.40"
"143","40001000000001132417","fraud_Bahringer Group","travel","57.91","47.6062","-122.3321","737000","1704126420","2024-01-01 16:27:00","0","9","26","530.61","6","19","360.21","6","7","17","0.1220","0.0868","0.3900","0.1200","0.20","0.00","3","1","0.30","0.00"
"144","40001000000001140336","fraud_Haley Ltd","entertainment","58.45","40.7128","-74.0060","8419000","1704126960","2024-01-01 16:36:00","0","1","19","71.01","1","1","75.45","1","2","2","0.1240","0.1017","0.4000","0.1700","0.00","0.10","1","2","0.40","0.10"
"145","40001000000001148255","fraud_McDermott PLC","travel","58.99","34.0522","-118.2437","3980000","1704127500","2024-01-01 16:45:00","0","2","21","133.68","4","9","235.96","2","4","5","0.1260","0.1166","0.4100","0.2200","0.10","0.20","2","3","0.00","0.20"
"146","40001000000001156174","fraud_Lynch-Wisozk","entertainment","59.53","41.8781","-87.6298","2746000","1704128040","2024-01-01 16:54:00","0","3","23","197.43","7","17","420.96","3","6","8","0.1280","0.1315","0.4200","0.2700","0.20","0.30","3","1","0.10","0.30"
"147","40001000000001164093","fraud_Huels-Nolan","travel","60.07","29.7604","-95.3698","2328000","1704128580","2024-01-01 17:03:00","0","4","4","240.28","2","17","128.64","4","1","11","0.1300","0.1464","0.4300","0.3200","0.00","0.00","1","2","0.20","0.40"
"148","40001000000001172012","fraud_Schmeler Inc","entertainment","60.61","39.9526","-75.1652","1600000","1704129120","2024-01-01 17:12:00","0","5","6","306.19","5","7","315.80","5","3","14","0.1320","0.1613","0.4400","0.3700","0.10","0.10","2","3","0.30","0.00"
"149","40001000000001179931","fraud_Heathcote LLC","travel","61.15","33.4484","-112.0740","1625000","1704129660","2024-01-01 17:21:00","0","6","8","373.18","8","15","506.20","6","5","17","0.1340","0.1762","0.4500","0.4200","0.20","0.20","3","1","0.40","0.10"
"150","40001000000001187850","fraud_Kilback LLC","entertainment","61.69","32.7767","-96.7970","1304000","1704130200","2024-01-01 17:30:00","0","7","10","441.25","3","15","185.07","1","7","2","0.1360","0.1911","0.4600","0.4700","0.00","0.30","1","2","0.00","0.20"
"151","40001000000001195769","fraud_Ruecker Group","travel","62.23","47.6062","-122.3321","737000","1704130740","2024-01-01 17:39:00","0","8","12","510.40","6","23","377.63","2","2","5","0.1380","0.2060","0.4700","0.0500","0.10","0.00","2","3","0.10","0.30"
"152","40001000000001203688","fraud_Stokes and Sons","entertainment","62.77","40.7128","-74.0060","8419000","1704131280","2024-01-01 17:48:00","0","9","14","580.63","1","5","71.27","3","4","8","0.1400","0.2209","0.4800","0.1000","0.20","0.10","3","1","0.20","0.40"
"153","40001000000001211607","fraud_Bahringer Group","travel","63.31","34.0522","-118.2437","3980000","1704131820","2024-01-01 17:57:00","1","1","7","82.15","4","13","265.99","4","6","11","0.1420","0.0464","0.4900","0.1500","0.00","0.20","1","2","0.30","0.00"
"154","40001000000001219526","fraud_Haley Ltd","home","63.85","41.8781","-87.6298","2746000","1704132360","2024-01-01 18:06:00","0","2","9","127.70","7","21","463.95","5","1","14","0.1440","0.0613","0.5000","0.2000","0.10","0.30","2","3","0.40","0.10"
"155","40001000000001227445","fraud_McDermott PLC","health_fitness","64.39","29.7604","-95.3698","2328000","1704132900","2024-01-01 18:15:00","0","3","11","196.31","2","3","128.78","6","3","17","0.1460","0.0762","0.5100","0.2500","0.20","0.00","3","1","0.00","0.20"
"156","40001000000001235364","fraud_Lynch-Wisozk","home","62.72","39.9526","-75.1652","1600000","1704133440","2024-01-01 18:24:00","0","4","13","257.16","5","11","317.85","1","5","2","0.1480","0.0911","0.5200","0.3000","0.00","0.10","1","2","0.10","0.30"
"157","40001000000001243283","fraud_Huels-Nolan","health_fitness","63.26","33.4484","-112.0740","1625000","1704133980","2024-01-01 18:33:00","0","5","15","325.72","8","19","514.58","2","7","5","0.1500","0.1060","0.5300","0.3500","0.10","0.20","2","3","0.20","0.40"
"158","40001000000001251202","fraud_Schmeler Inc","home","63.80","32.7767","-96.7970","1304000","1704134520","2024-01-01 18:42:00","0","6","17","395.36","3","19","204.15","3","2","8","0.1520","0.1209","0.5400","0.4000","0.20","0.30","3","1","0.30","0.00"
"159","40001000000001259121","fraud_Heathcote LLC","health_fitness","64.34","47.6062","-122.3321","737000","1704135060","2024-01-01 18:51:00","0","7","19","466.08","6","9","403.04","4","4","11","0.1540","0.1357","0.0200","0.4500","0.00","0.00","1","2","0.40","0.10"
"160","40001000000001267040","fraud_Kilback LLC","home","64.88","40.7128","-74.0060","8419000","1704135600","2024-01-01 19:00:00","0","8","21","537.88","1","9","64.88","5","6","14","0.1560","0.1506","0.0300","0.0300","0.10","0.10","2","3","0.00","0.20"
"161","40001000000001274959","fraud_Ruecker Group","health_fitness","65.42","34.0522","-118.2437","3980000","1704136140","2024-01-01 19:09:00","0","9","23","588.78","4","17","265.93","6","1","17","0.1580","0.1655","0.0400","0.0800","0.20","0.20","3","1","0.10","0.30"
"162","40001000000001282878","fraud_Stokes and Sons","home","65.96","41.8781","-87.6298","2746000","1704136680","2024-01-01 19:18:00","0","1","16","69.10","7","7","470.22","1","3","2","0.1600","0.1804","0.0500","0.1300","0.00","0.30","1","2","0.20","0.40"
"163","40001000000001290797","fraud_Bahringer Group","health_fitness","66.50","29.7604","-95.3698","2328000","1704137220","2024-01-01 19:27:00","0","2","18","139.28","2","7","145.75","2","5","5","0.1620","0.1953","0.0600","0.1800","0.10","0.00","2","3","0.30","0.00"
"164","40001000000001298716","fraud_Haley Ltd","home","67.04","39.9526","-75.1652","1600000","1704137760","2024-01-01 19:36:00","0","3","20","210.54","5","15","352.20","3","7","8","0.1640","0.2102","0.0700","0.2300","0.20","0.10","3","1","0.40","0.10"
"165","40001000000001306635","fraud_McDermott PLC","grocery_pos","67.58","33.4484","-112.0740","1625000","1704138300","2024-01-01 19:45:00","0","4","22","282.88","8","23","540.64","4","2","11","0.1660","0.2251","0.0800","0.2800","0.00","0.20","1","2","0.00","0.20"
"166","40001000000001314554","fraud_Lynch-Wisozk","personal_care","68.12","32.7767","-96.7970","1304000","1704138840","2024-01-01 19:54:00","0","5","24","356.30","3","5","208.61","5","4","14","0.1680","0.0506","0.0900","0.3300","0.10","0.30","2","3","0.10","0.30"
"167","40001000000001322473","fraud_Huels-Nolan","grocery_pos","68.66","47.6062","-122.3321","737000","1704139380","2024-01-01 20:03:00","0","6","26","430.80","6","13","420.46","6","6","17","0.1700","0.0655","0.1000","0.3800","0.20","0.00","3","1","0.20","0.40"
"168","40001000000001330392","fraud_Schmeler Inc","personal_care","69.20","40.7128","-74.0060","8419000","1704139920","2024-01-01 20:12:00","0","7","7","484.40","1","13","81.95","1","1","2","0.1720","0.0804","0.1100","0.4300","0.00","0.10","1","2","0.30","0.00"
"169","40001000000001338311","fraud_Heathcote LLC","grocery_pos","67.53","34.0522","-118.2437","3980000","1704140460","2024-01-01 20:21:00","0","8","9","543.38","4","21","287.12","2","3","5","0.1740","0.0953","0.1200","0.4800","0.10","0.20","2","3","0.40","0.10"
"170","40001000000001346230","fraud_Kilback LLC","personal_care","68.07","41.8781","-87.6298","2746000","1704141000","2024-01-01 20:30:00","1","9","11","618.91","7","11","476.49","3","5","8","0.1760","0.1102","0.1300","0.0600","0.20","0.30","3","1","0.00","0.20"
"171","40001000000001354149","fraud_Ruecker Group","grocery_pos","68.61","29.7604","-95.3698","2328000","1704141540","2024-01-01 20:39:00","0","1","4","78.03","2","11","141.47","4","7","11","0.1780","0.1251","0.1400","0.1100","0.00","0.00","1","2","0.10","0.30"
"172","40001000000001362068","fraud_Stokes and Sons","personal_care","69.15","39.9526","-75.1652","1600000","1704142080","2024-01-01 20:48:00","0","2","6","150.86","5","19","354.25","5","2","14","0.1800","0.1400","0.1500","0.1600","0.10","0.10","2","3","0.20","0.40"
"173","40001000000001369987","fraud_Bahringer Group","grocery_pos","69.69","33.4484","-112.0740","1625000","1704142620","2024-01-01 20:57:00","0","3","8","224.77","8","9","570.27","6","4","17","0.1820","0.1549","0.1600","0.2100","0.20","0.20","3","1","0.30","0.00"
"174","40001000000001377906","fraud_Haley Ltd","personal_care","70.23","32.7767","-96.7970","1304000","1704143160","2024-01-01 21:06:00","0","4","10","299.76","3","9","227.69","1","6","2","0.1840","0.1698","0.1700","0.2600","0.00","0.30","1","2","0.40","0.10"
"175","40001000000001385825","fraud_McDermott PLC","grocery_pos","70.77","47.6062","-122.3321","737000","1704143700","2024-01-01 21:15:00","0","5","12","353.85","6","17","424.62","2","1","5","0.1860","0.1847","0.1800","0.3100","0.10","0.00","2","3","0.00","0.20"
"176","40001000000001393744","fraud_Lynch-Wisozk","misc_net","71.31","40.7128","-74.0060","8419000","1704144240","2024-01-01 21:24:00","0","6","14","431.00","1","17","75.56","3","3","8","0.1880","0.1996","0.1900","0.3600","0.20","0.10","3","1","0.10","0.30"
"177","40001000000001401663","fraud_Huels-Nolan","shopping_net","71.85","34.0522","-118.2437","3980000","1704144780","2024-01-01 21:33:00","0","7","16","509.23","4","7","295.90","4","5","11","0.1900","0.2145","0.2000","0.4100","0.00","0.20","1","2","0.20","0.40"
"178","40001000000001409582","fraud_Schmeler Inc","misc_net","72.39","41.8781","-87.6298","2746000","1704145320","2024-01-01 21:42:00","0","8","18","588.54","7","15","519.48","5","7","14","0.1920","0.0400","0.2100","0.4600","0.10","0.30","2","3","0.30","0.00"
"179","40001000000001417501","fraud_Heathcote LLC","shopping_net","72.93","29.7604","-95.3698","2328000","1704145860","2024-01-01 21:51:00","0","9","20","668.93","2","15","162.86","6","2","17","0.1940","0.0549","0.2200","0.0400","0.20","0.00","3","1","0.40","0.10"
"180","40001000000001425420","fraud_Kilback LLC","misc_net","73.47","39.9526","-75.1652","1600000","1704146400","2024-01-01 22:00:00","0","1","13","89.17","5","5","367.35","1","4","2","0.1960","0.0698","0.2300","0.0900","0.00","0.10","1","2","0.00","0.20"
"181","40001000000001433339","fraud_Ruecker Group","shopping_net","74.01","33.4484","-112.0740","1625000","1704146940","2024-01-01 22:09:00","0","2","15","166.86","8","13","596.33","2","6","5","0.1980","0.0847","0.2400","0.1400","0.10","0.20","2","3","0.10","0.30"
"182","40001000000001441258","fraud_Stokes and Sons","misc_net","72.34","32.7767","-96.7970","1304000","1704147480","2024-01-01 22:18:00","0","3","17","217.02","3","13","225.52","3","1","8","0.2000","0.0996","0.2500","0.1900","0.20","0.30","3","1","0.20","0.40"
"183","40001000000001449177","fraud_Bahringer Group","shopping_net","72.88","47.6062","-122.3321","737000","1704148020","2024-01-01 22:27:00","0","4","19","294.66","6","21","450.03","4","3","11","0.2020","0.1145","0.2600","0.2400","0.00","0.00","1","2","0.30","0.00"
"184","40001000000001457096","fraud_Haley Ltd","misc_net","73.42","40.7128","-74.0060","8419000","1704148560","2024-01-01 22:36:00","0","5","21","373.38","1","3","90.42","5","5","14","0.2040","0.1294","0.2700","0.2900","0.10","0.10","2","3","0.40","0.10"
"185","40001000000001465015","fraud_McDermott PLC","shopping_net","73.96","34.0522","-118.2437","3980000","1704149100","2024-01-01 22:45:00","0","6","23","453.18","4","11","295.84","6","7","17","0.2060","0.1443","0.2800","0.3400","0.20","0.20","3","1","0.00","0.20"
"186","40001000000001472934","fraud_Lynch-Wisozk","misc_net","74.50","41.8781","-87.6298","2746000","1704149640","2024-01-01 22:54:00","0","7","25","534.06","7","19","525.75","1","2","2","0.2080","0.1591","0.2900","0.3900","0.00","0.30","1","2","0.10","0.30"
"187","40001000000001480853","fraud_Huels-Nolan","gas_transport","75.04","29.7604","-95.3698","2328000","1704150180","2024-01-01 23:03:00","1","8","27","616.02","2","19","158.58","2","4","5","0.2100","0.1740","0.3000","0.4400","0.10","0.00","2","3","0.20","0.40"
"188","40001000000001488772","fraud_Schmeler Inc","food_dining","75.58","39.9526","-75.1652","1600000","1704150720","2024-01-01 23:12:00","0","9","29","699.06","5","9","390.65","3","6","8","0.2120","0.1889","0.3100","0.0200","0.20","0.10","3","1","0.30","0.00"
"189","40001000000001496691","fraud_Heathcote LLC","gas_transport","76.12","33.4484","-112.0740","1625000","1704151260","2024-01-01 23:21:00","0","1","1","76.12","8","17","625.96","4","1","11","0.2140","0.2038","0.3200","0.0700","0.00","0.20","1","2","0.40","0.10"
"190","40001000000001504610","fraud_Kilback LLC","food_dining","76.66","32.7767","-96.7970","1304000","1704151800","2024-01-01 23:30:00","0","2","3","156.46","3","17","229.98","5","3","14","0.2160","0.2187","0.3300","0.1200","0.10","0.30","2","3","0.00","0.20"
"191","40001000000001512529","fraud_Ruecker Group","gas_transport","77.20","47.6062","-122.3321","737000","1704152340","2024-01-01 23:39:00","0","3","5","237.88","6","7","467.45","6","5","17","0.2180","0.0443","0.3400","0.1700","0.20","0.00","3","1","0.10","0.30"
"192","40001000000001520448","fraud_Stokes and Sons","food_dining","77.74","40.7128","-74.0060","8419000","1704152880","2024-01-01 23:48:00","0","4","7","320.38","1","7","86.24","1","7","2","0.2200","0.0591","0.3500","0.2200","0.00","0.10","1","2","0.20","0.40"
"193","40001000000001528367","fraud_Bahringer Group","gas_transport","78.28","34.0522","-118.2437","3980000","1704153420","2024-01-01 23:57:00","0","5","9","403.96","4","15","325.87","2","2","5","0.2220","0.0740","0.3600","0.2700","0.10","0.20","2","3","0.30","0.00"
"194","40001000000001536286","fraud_Haley Ltd","food_dining","78.82","41.8781","-87.6298","2746000","1704153960","2024-01-02 00:06:00","0","6","11","488.62","7","23","568.74","3","4","8","0.0300","0.0889","0.3700","0.3200","0.20","0.30","3","1","0.40","0.10"
"195","40001000000001544205","fraud_McDermott PLC","gas_transport","77.15","29.7604","-95.3698","2328000","1704154500","2024-01-02 00:15:00","0","7","13","558.89","2","5","154.30","4","6","11","0.0320","0.1038","0.3800","0.3700","0.00","0.00","1","2","0.00","0.20"
"196","40001000000001552124","fraud_Lynch-Wisozk","food_dining","77.69","39.9526","-75.1652","1600000","1704155040","2024-01-02 00:24:00","0","8","15","621.52","5","13","392.70","5","1","14","0.0340","0.1187","0.3900","0.4200","0.10","0.10","2","3","0.10","0.30"
"197","40001000000001560043","fraud_Huels-Nolan","gas_transport","78.23","33.4484","-112.0740","1625000","1704155580","2024-01-02 00:33:00","0","9","17","707.21","8","21","634.34","6","3","17","0.0360","0.1336","0.4000","0.4700","0.20","0.20","3","1","0.20","0.40"
"198","40001000000001567962","fraud_Schmeler Inc","travel","78.77","32.7767","-96.7970","1304000","1704156120","2024-01-02 00:42:00","0","1","10","85.05","3","3","249.06","1","5","2","0.0380","0.1485","0.4100","0.0500","0.00","0.30","1","2","0.30","0.00"
"199","40001000000001575881","fraud_Heathcote LLC","entertainment","79.31","47.6062","-122.3321","737000","1704156660","2024-01-02 00:51:00","0","2","12","168.04","6","11","492.86","2","7","5","0.0400","0.1634","0.4200","0.1000","0.10","0.00","2","3","0.40","0.10"
"200","40001000000001583800","fraud_Kilback LLC","travel","79.85","40.7128","-74.0060","8419000","1704157200","2024-01-02 01:00:00","0","3","14","252.11","1","11","79.85","3","2","8","0.0420","0.1783","0.4300","0.1500","0.20","0.10","3","1","0.00","0.20"
"201","40001000000001591719","fraud_Ruecker Group","entertainment","80.39","34.0522","-118.2437","3980000","1704157740","2024-01-02 01:09:00","0","4","16","337.26","4","19","325.81","4","4","11","0.0440","0.1932","0.4400","0.2000","0.00","0.20","1","2","0.10","0.30"
"202","40001000000001599638","fraud_Stokes and Sons","travel","80.93","41.8781","-87.6298","2746000","1704158280","2024-01-02 01:18:00","0","5","18","423.49","7","9","575.01","5","6","14","0.0460","0.2081","0.4500","0.2500","0.10","0.30","2","3","0.20","0.40"
"203","40001000000001607557","fraud_Bahringer Group","entertainment","81.47","29.7604","-95.3698","2328000","1704158820","2024-01-02 01:27:00","0","6","20","488.82","2","9","175.69","6","1","17","0.0480","0.2230","0.4600","0.3000","0.20","0.00","3","1","0.30","0.00"
"204","40001000000001615476","fraud_Haley Ltd","travel","82.01","39.9526","-75.1652","1600000","1704159360","2024-01-02 01:36:00","1","7","22","577.21","5","17","427.05","1","3","2","0.0500","0.0485","0.4700","0.3500","0.00","0.10","1","2","0.40","0.10"
"205","40001000000001623395","fraud_McDermott PLC","entertainment","82.55","33.4484","-112.0740","1625000","1704159900","2024-01-02 01:45:00","0","8","24","666.68","8","25","660.40","2","5","5","0.0520","0.0634","0.4800","0.4000","0.10","0.20","2","3","0.00","0.20"
"206","40001000000001631314","fraud_Lynch-Wisozk","travel","83.09","32.7767","-96.7970","1304000","1704160440","2024-01-02 01:54:00","0","9","26","757.23","3","7","253.52","3","7","8","0.0540","0.0783","0.4900","0.4500","0.20","0.30","3","1","0.10","0.30"
"207","40001000000001639233","fraud_Huels-Nolan","entertainment","83.63","47.6062","-122.3321","737000","1704160980","2024-01-02 02:03:00","0","1","19","96.19","6","15","510.28","4","2","11","0.0560","0.0932","0.5000","0.0300","0.00","0.00","1","2","0.20","0.40"
"208","40001000000001647152","fraud_Schmeler Inc","travel","81.96","40.7128","-74.0060","8419000","1704161520","2024-01-02 02:12:00","0","2","21","179.62","1","15","94.71","5","4","14","0.0580","0.1081","0.5100","0.0800","0.10","0.10","2","3","0.30","0.00"
"209","40001000000001655071","fraud_Heathcote LLC","home","82.50","34.0522","-118.2437","3980000","1704162060","2024-01-02 02:21:00","0","3","23","266.34","4","5","347.00","6","6","17","0.0600","0.1230","0.5200","0.1300","0.20","0.20","3","1","0.40","0.10"
"210","40001000000001662990","fraud_Kilback LLC","health_fitness","83.04","41.8781","-87.6298","2746000","1704162600","2024-01-02 02:30:00","0","4","4","332.16","7","13","581.28","1","1","2","0.0620","0.1379","0.5300","0.1800","0.00","0.30","1","2","0.00","0.20"
"211","40001000000001670909","fraud_Ruecker Group","home","83.58","29.7604","-95.3698","2328000","1704163140","2024-01-02 02:39:00","0","5","6","421.04","2","13","171.41","2","3","5","0.0640","0.1528","0.5400","0.2300","0.10","0.00","2","3","0.10","0.30"
"212","40001000000001678828","fraud_Stokes and Sons","health_fitness","84.12","39.9526","-75.1652","1600000","1704163680","2024-01-02 02:48:00","0","6","8","511.00","5","21","429.10","3","5","8","0.0660","0.1677","0.0200","0.2800","0.20","0.10","3","1","0.20","0.40"
"213","40001000000001686747","fraud_Bahringer Group","home","84.66","33.4484","-112.0740","1625000","1704164220","2024-01-02 02:57:00","0","7","10","602.04","8","11","690.03","4","7","11","0.0680","0.1826","0.0300","0.3300","0.00","0.20","1","2","0.30","0.00"
"214","40001000000001694666","fraud_Haley Ltd","health_fitness","85.20","32.7767","-96.7970","1304000","1704164760","2024-01-02 03:06:00","0","8","12","694.16","3","11","272.60","5","2","14","0.0700","0.1974","0.0400","0.3800","0.10","0.30","2","3","0.40","0.10"
"215","40001000000001702585","fraud_McDermott PLC","home","85.74","47.6062","-122.3321","737000","1704165300","2024-01-02 03:15:00","0","9","14","787.36","6","19","514.44","6","4","17","0.0720","0.2123","0.0500","0.4300","0.20","0.00","3","1","0.00","0.20"
"216","40001000000001710504","fraud_Lynch-Wisozk","health_fitness","86.28","40.7128","-74.0060","8419000","1704165840","2024-01-02 03:24:00","0","1","7","105.12","1","1","90.53","1","6","2","0.0740","0.2272","0.0600","0.4800","0.00","0.10","1","2","0.10","0.30"
"217","40001000000001718423","fraud_Huels-Nolan","home","86.82","34.0522","-118.2437","3980000","1704166380","2024-01-02 03:33:00","0","2","9","173.64","4","9","355.78","2","1","5","0.0760","0.0528","0.0700","0.0600","0.10","0.20","2","3","0.20","0.40"
"218","40001000000001726342","fraud_Schmeler Inc","health_fitness","87.36","41.8781","-87.6298","2746000","1704166920","2024-01-02 03:42:00","0","3","11","265.22","7","17","624.27","3","3","8","0.0780","0.0677","0.0800","0.1100","0.20","0.30","3","1","0.30","0.00"
"219","40001000000001734261","fraud_Heathcote LLC","home","87.90","29.7604","-95.3698","2328000","1704167460","2024-01-02 03:51:00","0","4","13","357.88","2","17","192.80","4","5","11","0.0800","0.0826","0.0900","0.1600","0.00","0.00","1","2","0.40","0.10"
"220","40001000000001742180","fraud_Kilback LLC","grocery_pos","88.44","39.9526","-75.1652","1600000","1704168000","2024-01-02 04:00:00","0","5","15","451.62","5","7","442.20","5","7","14","0.0820","0.0974","0.1000","0.2100","0.10","0.10","2","3","0.00","0.20"
"221","40001000000001750099","fraud_Ruecker Group","personal_care","86.77","33.4484","-112.0740","1625000","1704168540","2024-01-02 04:09:00","1","6","17","533.18","8","15","698.41","6","2","17","0.0840","0.1123","0.1100","0.2600","0.20","0.20","3","1","0.10","0.30"
"222","40001000000001758018","fraud_Stokes and Sons","grocery_pos","87.31","32.7767","-96.7970","1304000","1704169080","2024-01-02 04:18:00","0","7","19","626.87","3","15","270.43","1","4","2","0.0860","0.1272","0.1200","0.3100","0.00","0.30","1","2","0.20","0.40"
"223","40001000000001765937","fraud_Bahringer Group","personal_care","87.85","47.6062","-122.3321","737000","1704169620","2024-01-02 04:27:00","0","8","21","721.64","6","23","539.85","2","6","5","0.0880","0.1421","0.1300","0.3600","0.10","0.00","2","3","0.30","0.00"
"224","40001000000001773856","fraud_Haley Ltd","grocery_pos","88.39","40.7128","-74.0060","8419000","1704170160","2024-01-02 04:36:00","0","9","23","795.51","1","5","105.39","3","1","8","0.0900","0.1570","0.1400","0.4100","0.20","0.10","3","1","0.40","0.10"
"225","40001000000001781775","fraud_McDermott PLC","personal_care","88.93","34.0522","-118.2437","3980000","1704170700","2024-01-02 04:45:00","0","1","16","92.07","4","13","355.72","4","3","11","0.0920","0.1719","0.1500","0.4600","0.00","0.20","1","2","0.00","0.20"
"226","40001000000001789694","fraud_Lynch-Wisozk","grocery_pos","89.47","41.8781","-87.6298","2746000","1704171240","2024-01-02 04:54:00","0","2","18","185.22","7","21","630.54","5","5","14","0.0940","0.1868","0.1600","0.0400","0.10","0.30","2","3","0.10","0.30"
"227","40001000000001797613","fraud_Huels-Nolan","personal_care","90.01","29.7604","-95.3698","2328000","1704171780","2024-01-02 05:03:00","0","3","20","279.45","2","3","188.52","6","7","17","0.0960","0.2017","0.1700","0.0900","0.20","0.00","3","1","0.20","0.40"
"228","40001000000001805532","fraud_Schmeler Inc","grocery_pos","90.55","39.9526","-75.1652","1600000","1704172320","2024-01-02 05:12:00","0","4","22","374.76","5","11","465.50","1","2","2","0.0980","0.2166","0.1800","0.1400","0.00","0.10","1","2","0.30","0.00"
"229","40001000000001813451","fraud_Heathcote LLC","personal_care","91.09","33.4484","-112.0740","1625000","1704172860","2024-01-02 05:21:00","0","5","24","471.15","8","19","745.72","2","4","5","0.1000","0.0421","0.1900","0.1900","0.10","0.20","2","3","0.40","0.10"
"230","40001000000001821370","fraud_Kilback LLC","grocery_pos","91.63","32.7767","-96.7970","1304000","1704173400","2024-01-02 05:30:00","0","6","26","568.62","3","19","274.89","3","6","8","0.1020","0.0570","0.2000","0.2400","0.20","0.30","3","1","0.00","0.20"
"231","40001000000001829289","fraud_Ruecker Group","misc_net","92.17","47.6062","-122.3321","737000","1704173940","2024-01-02 05:39:00","0","7","7","645.19","6","9","557.27","4","1","11","0.1040","0.0719","0.2100","0.2900","0.00","0.00","1","2","0.10","0.30"
"232","40001000000001837208","fraud_Stokes and Sons","shopping_net","92.71","40.7128","-74.0060","8419000","1704174480","2024-01-02 05:48:00","0","8","9","744.82","1","9","101.21","5","3","14","0.1060","0.0868","0.2200","0.3400","0.10","0.10","2","3","0.20","0.40"
"233","40001000000001845127","fraud_Bahringer Group","misc_net","93.25","34.0522","-118.2437","3980000","1704175020","2024-01-02 05:57:00","0","9","11","845.53","4","17","385.75","6","5","17","0.1080","0.1017","0.2300","0.3900","0.20","0.20","3","1","0.30","0.00"
"234","40001000000001853046","fraud_Haley Ltd","shopping_net","91.58","41.8781","-87.6298","2746000","1704175560","2024-01-02 06:06:00","0","1","4","101.00","7","7","658.06","1","7","2","0.1100","0.1166","0.2400","0.4400","0.00","0.30","1","2","0.40","0.10"
"235","40001000000001860965","fraud_McDermott PLC","misc_net","92.12","29.7604","-95.3698","2328000","1704176100","2024-01-02 06:15:00","0","2","6","196.80","2","7","184.24","2","2","5","0.1120","0.1315","0.2500","0.0200","0.10","0.00","2","3","0.00","0.20"
"236","40001000000001868884","fraud_Lynch-Wisozk","shopping_net","92.66","39.9526","-75.1652","1600000","1704176640","2024-01-02 06:24:00","0","3","8","293.68","5","15","467.55","3","4","8","0.1140","0.1464","0.2600","0.0700","0.20","0.10","3","1","0.10","0.30"
"237","40001000000001876803","fraud_Huels-Nolan","misc_net","93.20","33.4484","-112.0740","1625000","1704177180","2024-01-02 06:33:00","0","4","10","391.64","8","23","754.10","4","6","11","0.1160","0.1613","0.2700","0.1200","0.00","0.20","1","2","0.20","0.40"
"238","40001000000001884722","fraud_Schmeler Inc","shopping_net","93.74","32.7767","-96.7970","1304000","1704177720","2024-01-02 06:42:00","1","5","12","468.70","3","5","293.97","5","1","14","0.1180","0.1762","0.2800","0.1700","0.10","0.30","2","3","0.30","0.00"
"239","40001000000001892641","fraud_Heathcote LLC","misc_net","94.28","47.6062","-122.3321","737000","1704178260","2024-01-02 06:51:00","0","6","14","568.82","6","13","582.68","6","3","17","0.1200","0.1911","0.2900","0.2200","0.20","0.00","3","1","0.40","0.10"
"240","40001000000001900560","fraud_Kilback LLC","shopping_net","94.82","40.7128","-74.0060","8419000","1704178800","2024-01-02 07:00:00","0","7","16","670.02","1","13","94.82","1","5","2","0.1220","0.2060","0.3000","0.2700","0.00","0.10","1","2","0.00","0.20"
"241","40001000000001908479","fraud_Ruecker Group","misc_net","95.36","34.0522","-118.2437","3980000","1704179340","2024-01-02 07:09:00","0","8","18","772.30","4","21","385.69","2","7","5","0.1240","0.2209","0.3100","0.3200","0.10","0.20","2","3","0.10","0.30"
"242","40001000000001916398","fraud_Stokes and Sons","gas_transport","95.90","41.8781","-87.6298","2746000","1704179880","2024-01-02 07:18:00","0","9","20","875.66","7","11","679.80","3","2","8","0.1260","0.0464","0.3200","0.3700","0.20","0.30","3","1","0.20","0.40"
"243","40001000000001924317","fraud_Bahringer Group","food_dining","96.44","29.7604","-95.3698","2328000","1704180420","2024-01-02 07:27:00","0","1","13","112.14","2","11","205.63","4","4","11","0.1280","0.0613","0.3300","0.4200","0.00","0.00","1","2","0.30","0.00"
"244","40001000000001932236","fraud_Haley Ltd","gas_transport","96.98","39.9526","-75.1652","1600000","1704180960","2024-01-02 07:36:00","0","2","15","212.80","5","19","501.90","5","6","14","0.1300","0.0762","0.3400","0.4700","0.10","0.10","2","3","0.40","0.10"
"245","40001000000001940155","fraud_McDermott PLC","food_dining","97.52","33.4484","-112.0740","1625000","1704181500","2024-01-02 07:45:00","0","3","17","292.56","8","9","780.16","6","1","17","0.1320","0.0911","0.3500","0.0500","0.20","0.20","3","1","0.00","0.20"
"246","40001000000001948074","fraud_Lynch-Wisozk","gas_transport","98.06","32.7767","-96.7970","1304000","1704182040","2024-01-02 07:54:00","0","4","19","395.38","3","9","298.43","1","3","2","0.1340","0.1060","0.3600","0.1000","0.00","0.30","1","2","0.10","0.30"
"247","40001000000001955993","fraud_Huels-Nolan","food_dining","96.39","47.6062","-122.3321","737000","1704182580","2024-01-02 08:03:00","0","5","21","488.23","6","17","586.84","2","5","5","0.1360","0.1209","0.3700","0.1500","0.10","0.00","2","3","0.20","0.40"
"248","40001000000001963912","fraud_Schmeler Inc","gas_transport","96.93","40.7128","-74.0060","8419000","1704183120","2024-01-02 08:12:00","0","6","23","591.00","1","17","109.68","3","7","8","0.1380","0.1357","0.3800","0.2000","0.20","0.10","3","1","0.30","0.00"
"249","40001000000001971831","fraud_Heathcote LLC","food_dining","97.47","34.0522","-118.2437","3980000","1704183660","2024-01-02 08:21:00","0","7","25","694.85","4","7","406.88","4","2","11","0.1400","0.1506","0.3900","0.2500","0.00","0.20","1","2","0.40","0.10"
"250","40001000000001979750","fraud_Kilback LLC","gas_transport","98.01","41.8781","-87.6298","2746000","1704184200","2024-01-02 08:30:00","0","8","27","799.78","7","15","686.07","5","4","14","0.1420","0.1655","0.4000","0.3000","0.10","0.30","2","3","0.00","0.20"
"251","40001000000001987669","fraud_Ruecker Group","food_dining","98.55","29.7604","-95.3698","2328000","1704184740","2024-01-02 08:39:00","0","9","29","905.79","2","15","201.35","6","6","17","0.1440","0.1804","0.4100","0.3500","0.20","0.00","3","1","0.10","0.30"
"252","40001000000001995588","fraud_Stokes and Sons","gas_transport","99.09","39.9526","-75.1652","1600000","1704185280","2024-01-02 08:48:00","0","1","1","99.09","5","5","503.95","1","1","2","0.1460","0.1953","0.4200","0.4000","0.00","0.10","1","2","0.20","0.40"
"253","40001000000002003507","fraud_Bahringer Group","travel","99.63","33.4484","-112.0740","1625000","1704185820","2024-01-02 08:57:00","0","2","3","202.40","8","13","809.79","2","3","5","0.1480","0.2102","0.4300","0.4500","0.10","0.20","2","3","0.30","0.00"
"254","40001000000002011426","fraud_Haley Ltd","entertainment","100.17","32.7767","-96.7970","1304000","1704186360","2024-01-02 09:06:00","0","3","5","306.79","3","13","317.51","3","5","8","0.1500","0.2251","0.4400","0.0300","0.20","0.30","3","1","0.40","0.10"
"255","40001000000002019345","fraud_McDermott PLC","travel","100.71","47.6062","-122.3321","737000","1704186900","2024-01-02 09:15:00","1","4","7","412.26","6","21","604.26","4","7","11","0.1520","0.0506","0.4500","0.0800","0.00","0.00","1","2","0.00","0.20"
"256","40001000000002027264","fraud_Lynch-Wisozk","entertainment","101.25","40.7128","-74.0060","8419000","1704187440","2024-01-02 09:24:00","0","5","9","518.81","1","3","105.50","5","2","14","0.1540","0.0655","0.4600","0.1300","0.10","0.10","2","3","0.10","0.30"
"257","40001000000002035183","fraud_Huels-Nolan","travel","101.79","34.0522","-118.2437","3980000","1704187980","2024-01-02 09:33:00","0","6","11","626.44","4","11","415.66","6","4","17","0.1560","0.0804","0.4700","0.1800","0.20","0.20","3","1","0.20","0.40"
"258","40001000000002043102","fraud_Schmeler Inc","entertainment","102.33","41.8781","-87.6298","2746000","1704188520","2024-01-02 09:42:00","0","7","13","735.15","7","19","729.06","1","6","2","0.1580","0.0953","0.4800","0.2300","0.00","0.30","1","2","0.30","0.00"
"259","40001000000002051021","fraud_Heathcote LLC","travel","102.87","29.7604","-95.3698","2328000","1704189060","2024-01-02 09:51:00","0","8","15","822.96","2","19","222.74","2","1","5","0.1600","0.1102","0.4900","0.2800","0.10","0.00","2","3","0.40","0.10"
"260","40001000000002058940","fraud_Kilback LLC","entertainment","101.20","39.9526","-75.1652","1600000","1704189600","2024-01-02 10:00:00","0","9","17","913.94","5","9","506.00","3","3","8","0.1620","0.1251","0.5000","0.3300","0.20","0.10","3","1","0.00","0.20"
"261","40001000000002066859","fraud_Ruecker Group","travel","101.74","33.4484","-112.0740","1625000","1704190140","2024-01-02 10:09:00","0","1","10","108.02","8","17","818.17","4","5","11","0.1640","0.1400","0.5100","0.3800","0.00","0.20","1","2","0.10","0.30"
"262","40001000000002074778","fraud_Stokes and Sons","entertainment","102.28","32.7767","-96.7970","1304000","1704190680","2024-01-02 10:18:00","0","2","12","213.98","3","17","315.34","5","7","14","0.1660","0.1549","0.5200","0.4300","0.10","0.30","2","3","0.20","0.40"
"263","40001000000002082697","fraud_Bahringer Group","travel","102.82","47.6062","-122.3321","737000","1704191220","2024-01-02 10:27:00","0","3","14","321.02","6","7","629.67","6","2","17","0.1680","0.1698","0.5300","0.4800","0.20","0.00","3","1","0.30","0.00"
"264","40001000000002090616","fraud_Haley Ltd","home","103.36","40.7128","-74.0060","8419000","1704191760","2024-01-02 10:36:00","0","4","16","429.14","1","7","120.36","1","4","2","0.1700","0.1847","0.5400","0.0600","0.00","0.10","1","2","0.40","0.10"
"265","40001000000002098535","fraud_McDermott PLC","health_fitness","103.90","34.0522","-118.2437","3980000","1704192300","2024-01-02 10:45:00","0","5","18","538.34","4","15","415.60","2","6","5","0.1720","0.1996","0.0200","0.1100","0.10","0.20","2","3","0.00","0.20"
"266","40001000000002106454","fraud_Lynch-Wisozk","home","104.44","41.8781","-87.6298","2746000","1704192840","2024-01-02 10:54:00","0","6","20","626.64","7","23","735.33","3","1","8","0.1740","0.2145","0.0300","0.1600","0.20","0.30","3","1","0.10","0.30"
"267","40001000000002114373","fraud_Huels-Nolan","health_fitness","104.98","29.7604","-95.3698","2328000","1704193380","2024-01-02 11:03:00","0","7","22","738.00","2","5","218.46","4","3","11","0.1760","0.0400","0.0400","0.2100","0.00","0.00","1","2","0.20","0.40"
"268","40001000000002122292","fraud_Schmeler Inc","home","105.52","39.9526","-75.1652","1600000","1704193920","2024-01-02 11:12:00","0","8","24","850.44","5","13","540.35","5","5","14","0.1780","0.0549","0.0500","0.2600","0.10","0.10","2","3","0.30","0.00"
"269","40001000000002130211","fraud_Heathcote LLC","health_fitness","106.06","33.4484","-112.0740","1625000","1704194460","2024-01-02 11:21:00","0","9","26","963.96","8","21","865.48","6","7","17","0.1800","0.0698","0.0600","0.3100","0.20","0.20","3","1","0.40","0.10"
"270","40001000000002138130","fraud_Kilback LLC","home","106.60","32.7767","-96.7970","1304000","1704195000","2024-01-02 11:30:00","0","1","19","119.16","3","3","319.80","1","2","2","0.1820","0.0847","0.0700","0.3600","0.00","0.30","1","2","0.00","0.20"
"271","40001000000002146049","fraud_Ruecker Group","health_fitness","107.14","47.6062","-122.3321","737000","1704195540","2024-01-02 11:39:00","0","2","21","229.98","6","11","647.09","2","4","5","0.1840","0.0996","0.0800","0.4100","0.10","0.00","2","3","0.10","0.30"
"272","40001000000002153968","fraud_Stokes and Sons","home","107.68","40.7128","-74.0060","8419000","1704196080","2024-01-02 11:48:00","1","3","23","341.88","1","11","116.18","3","6","8","0.1860","0.1145","0.0900","0.4600","0.20","0.10","3","1","0.20","0.40"
"273","40001000000002161887","fraud_Bahringer Group","health_fitness","106.01","34.0522","-118.2437","3980000","1704196620","2024-01-02 11:57:00","0","4","4","424.04","4","19","436.79","4","1","11","0.1880","0.1294","0.1000","0.0400","0.00","0.20","1","2","0.30","0.00"
"274","40001000000002169806","fraud_Haley Ltd","home","106.55","41.8781","-87.6298","2746000","1704197160","2024-01-02 12:06:00","0","5","6","535.89","7","9","762.85","5","3","14","0.1900","0.1443","0.1100","0.0900","0.10","0.30","2","3","0.40","0.10"
"275","40001000000002177725","fraud_McDermott PLC","grocery_pos","107.09","29.7604","-95.3698","2328000","1704197700","2024-01-02 12:15:00","0","6","8","648.82","2","9","214.18","6","5","17","0.1920","0.1591","0.1200","0.1400","0.20","0.00","3","1","0.00","0.20"
"276","40001000000002185644","fraud_Lynch-Wisozk","personal_care","107.63","39.9526","-75.1652","1600000","1704198240","2024-01-02 12:24:00","0","7","10","762.83","5","17","542.40","1","7","2","0.1940","0.1740","0.1300","0.1900","0.00","0.10","1","2","0.10","0.30"
"277","40001000000002193563","fraud_Huels-Nolan","grocery_pos","108.17","33.4484","-112.0740","1625000","1704198780","2024-01-02 12:33:00","0","8","12","877.92","8","25","873.86","2","2","5","0.1960","0.1889","0.1400","0.2400","0.10","0.20","2","3","0.20","0.40"
"278","40001000000002201482","fraud_Schmeler Inc","personal_care","108.71","32.7767","-96.7970","1304000","1704199320","2024-01-02 12:42:00","0","9","14","994.09","3","7","338.88","3","4","8","0.1980","0.2038","0.1500","0.2900","0.20","0.30","3","1","0.30","0.00"
"279","40001000000002209401","fraud_Heathcote LLC","grocery_pos","109.25","47.6062","-122.3321","737000","1704199860","2024-01-02 12:51:00","0","1","7","128.09","6","15","672.50","4","6","11","0.2000","0.2187","0.1600","0.3400","0.00","0.00","1","2","0.40","0.10"
"280","40001000000002217320","fraud_Kilback LLC","personal_care","109.79","40.7128","-74.0060","8419000","1704200400","2024-01-02 13:00:00","0","2","9","219.58","1","15","109.79","5","1","14","0.2020","0.0443","0.1700","0.3900","0.10","0.10","2","3","0.00","0.20"
"281","40001000000002225239","fraud_Ruecker Group","grocery_pos","110.33","34.0522","-118.2437","3980000","1704200940","2024-01-02 13:09:00","0","3","11","334.13","4","5","445.57","6","3","17","0.2040","0.0591","0.1800","0.4400","0.20","0.20","3","1","0.10","0.30"
"282","40001000000002233158","fraud_Stokes and Sons","personal_care","110.87","41.8781","-87.6298","2746000","1704201480","2024-01-02 13:18:00","0","4","13","449.76","7","13","784.59","1","5","2","0.2060","0.0740","0.1900","0.0200","0.00","0.30","1","2","0.20","0.40"
"283","40001000000002241077","fraud_Bahringer Group","grocery_pos","111.41","29.7604","-95.3698","2328000","1704202020","2024-01-02 13:27:00","0","5","15","566.47","2","13","235.57","2","7","5","0.2080","0.0889","0.2000","0.0700","0.10","0.00","2","3","0.30","0.00"
"284","40001000000002248996","fraud_Haley Ltd","personal_care","111.95","39.9526","-75.1652","1600000","1704202560","2024-01-02 13:36:00","0","6","17","684.26","5","21","576.75","3","2","8","0.2100","0.1038","0.2100","0.1200","0.20","0.10","3","1","0.40","0.10"
"285","40001000000002256915","fraud_McDermott PLC","grocery_pos","112.49","33.4484","-112.0740","1625000","1704203100","2024-01-02 13:45:00","0","7","19","803.13","8","11","899.92","4","4","11","0.2120","0.1187","0.2200","0.1700","0.00","0.20","1","2","0.00","0.20"
"286","40001000000002264834","fraud_Lynch-Wisozk","misc_net","110.82","32.7767","-96.7970","1304000","1704203640","2024-01-02 13:54:00","0","8","21","905.40","3","11","336.71","5","6","14","0.2140","0.1336","0.2300","0.2200","0.10","0.30","2","3","0.10","0.30"
"287","40001000000002272753","fraud_Huels-Nolan","shopping_net","111.36","47.6062","-122.3321","737000","1704204180","2024-01-02 14:03:00","0","9","23","1002.24","6","19","676.66","6","1","17","0.2160","0.1485","0.2400","0.2700","0.20","0.00","3","1","0.20","0.40"
"288","40001000000002280672","fraud_Schmeler Inc","misc_net","111.90","40.7128","-74.0060","8419000","1704204720","2024-01-02 14:12:00","0","1","16","115.04","1","1","124.65","1","3","2","0.2180","0.1634","0.2500","0.3200","0.00","0.10","1","2","0.30","0.00"
"289","40001000000002288591","fraud_Heathcote LLC","shopping_net","112.44","34.0522","-118.2437","3980000","1704205260","2024-01-02 14:21:00","1","2","18","231.16","4","9","466.76","2","5","5","0.2200","0.1783","0.2600","0.3700","0.10","0.20","2","3","0.40","0.10"
"290","40001000000002296510","fraud_Kilback LLC","misc_net","112.98","41.8781","-87.6298","2746000","1704205800","2024-01-02 14:30:00","0","3","20","348.36","7","17","790.86","3","7","8","0.2220","0.1932","0.2700","0.4200","0.20","0.30","3","1","0.00","0.20"
"291","40001000000002304429","fraud_Ruecker Group","shopping_net","113.52","29.7604","-95.3698","2328000","1704206340","2024-01-02 14:39:00","0","4","22","466.64","2","17","231.29","4","2","11","0.0300","0.2081","0.2800","0.4700","0.00","0.00","1","2","0.10","0.30"
"292","40001000000002312348","fraud_Stokes and Sons","misc_net","114.06","39.9526","-75.1652","1600000","1704206880","2024-01-02 14:48:00","0","5","24","586.00","5","7","578.80","5","4","14","0.0320","0.2230","0.2900","0.0500","0.10","0.10","2","3","0.20","0.40"
"293","40001000000002320267","fraud_Bahringer Group","shopping_net","114.60","33.4484","-112.0740","1625000","1704207420","2024-01-02 14:57:00","0","6","26","706.44","8","15","929.55","6","6","17","0.0340","0.0485","0.3000","0.1000","0.20","0.20","3","1","0.30","0.00"
"294","40001000000002328186","fraud_Haley Ltd","misc_net","115.14","32.7767","-96.7970","1304000","1704207960","2024-01-02 15:06:00","0","7","7","805.98","3","15","362.42","1","1","2","0.0360","0.0634","0.3100","0.1500","0.00","0.30","1","2","0.40","0.10"
"295","40001000000002336105","fraud_McDermott PLC","shopping_net","115.68","47.6062","-122.3321","737000","1704208500","2024-01-02 15:15:00","0","8","9","928.58","6","23","694.08","2","3","5","0.0380","0.0783","0.3200","0.2000","0.10","0.00","2","3","0.00","0.20"
"296","40001000000002344024","fraud_Lynch-Wisozk","misc_net","116.22","40.7128","-74.0060","8419000","1704209040","2024-01-02 15:24:00","0","9","11","1052.26","1","5","120.47","3","5","8","0.0400","0.0932","0.3300","0.2500","0.20","0.10","3","1","0.10","0.30"
"297","40001000000002351943","fraud_Huels-Nolan","gas_transport","116.76","34.0522","-118.2437","3980000","1704209580","2024-01-02 15:33:00","0","1","4","126.18","4","13","475.54","4","7","11","0.0420","0.1081","0.3400","0.3000","0.00","0.20","1","2","0.20","0.40"
"298","40001000000002359862","fraud_Schmeler Inc","food_dining","117.30","41.8781","-87.6298","2746000","1704210120","2024-01-02 15:42:00","0","2","6","247.16","7","21","833.85","5","2","14","0.0440","0.1230","0.3500","0.3500","0.10","0.30","2","3","0.30","0.00"
"299","40001000000002367781","fraud_Heathcote LLC","gas_transport","115.63","29.7604","-95.3698","2328000","1704210660","2024-01-02 15:51:00","0","3","8","362.59","2","3","248.26","6","4","17","0.0460","0.1379","0.3600","0.4000","0.20","0.00","3","1","0.40","0.10"
"300","40001000000002375700","fraud_Kilback LLC","food_dining","116.17","39.9526","-75.1652","1600000","1704211200","2024-01-02 16:00:00","0","4","10","483.52","5","11","580.85","1","6","2","0.0480","0.1528","0.3700","0.4500","0.00","0.10","1","2","0.00","0.20"
"301","40001000000002383619","fraud_Ruecker Group","gas_transport","116.71","33.4484","-112.0740","1625000","1704211740","2024-01-02 16:09:00","0","5","12","583.55","8","19","937.93","2","1","5","0.0500","0.1677","0.3800","0.0300","0.10","0.20","2","3","0.10","0.30"
"302","40001000000002391538","fraud_Stokes and Sons","food_dining","117.25","32.7767","-96.7970","1304000","1704212280","2024-01-02 16:18:00","0","6","14","706.64","3","19","360.25","3","3","8","0.0520","0.1826","0.3900","0.0800","0.20","0.30","3","1","0.20","0.40"
"303","40001000000002399457","fraud_Bahringer Group","gas_transport","117.79","47.6062","-122.3321","737000","1704212820","2024-01-02 16:27:00","0","7","16","830.81","6","9","719.49","4","5","11","0.0540","0.1974","0.4000","0.1300","0.00","0.00","1","2","0.30","0.00"
"304","40001000000002407376","fraud_Haley Ltd","food_dining","118.33","40.7128","-74.0060","8419000","1704213360","2024-01-02 16:36:00","0","8","18","956.06","1","9","135.33","5","7","14","0.0560","0.2123","0.4100","0.1800","0.10","0.10","2","3","0.40","0.10"
"305","40001000000002415295","fraud_McDermott PLC","gas_transport","118.87","34.0522","-118.2437","3980000","1704213900","2024-01-02 16:45:00","0","9","20","1082.39","4","17","475.48","6","2","17","0.0580","0.2272","0.4200","0.2300","0.20","0.20","3","1","0.00","0.20"
"306","40001000000002423214","fraud_Lynch-Wisozk","food_dining","119.41","41.8781","-87.6298","2746000","1704214440","2024-01-02 16:54:00","1","1","13","135.11","7","7","840.12","1","4","2","0.0600","0.0528","0.4300","0.2800","0.00","0.30","1","2","0.10","0.30"
"307","40001000000002431133","fraud_Huels-Nolan","gas_transport","119.95","29.7604","-95.3698","2328000","1704214980","2024-01-02 17:03:00","0","2","15","258.74","2","7","248.40","2","6","5","0.0620","0.0677","0.4400","0.3300","0.10","0.00","2","3","0.20","0.40"
"308","40001000000002439052","fraud_Schmeler Inc","travel","120.49","39.9526","-75.1652","1600000","1704215520","2024-01-02 17:12:00","0","3","17","361.47","5","15","615.20","3","1","8","0.0640","0.0826","0.4500","0.3800","0.20","0.10","3","1","0.30","0.00"
"309","40001000000002446971","fraud_Heathcote LLC","entertainment","121.03","33.4484","-112.0740","1625000","1704216060","2024-01-02 17:21:00","0","4","19","487.26","8","23","985.24","4","3","11","0.0660","0.0974","0.4600","0.4300","0.00","0.20","1","2","0.40","0.10"
"310","40001000000002454890","fraud_Kilback LLC","travel","121.57","32.7767","-96.7970","1304000","1704216600","2024-01-02 17:30:00","0","5","21","614.13","3","5","364.71","5","5","14","0.0680","0.1123","0.4700","0.4800","0.10","0.30","2","3","0.00","0.20"
"311","40001000000002462809","fraud_Ruecker Group","entertainment","122.11","47.6062","-122.3321","737000","1704217140","2024-01-02 17:39:00","0","6","23","742.08","6","13","736.91","6","7","17","0.0700","0.1272","0.4800","0.0600","0.20","0.00","3","1","0.10","0.30"
"312","40001000000002470728","fraud_Stokes and Sons","travel","120.44","40.7128","-74.0060","8419000","1704217680","2024-01-02 17:48:00","0","7","25","855.64","1","13","128.94","1","2","2","0.0720","0.1421","0.4900","0.1100","0.00","0.10","1","2","0.20","0.40"
"313","40001000000002478647","fraud_Bahringer Group","entertainment","120.98","34.0522","-118.2437","3980000","1704218220","2024-01-02 17:57:00","0","8","27","983.54","4","21","496.67","2","4","5","0.0740","0.1570","0.5000","0.1600","0.10","0.20","2","3","0.30","0.00"
"314","40001000000002486566","fraud_Haley Ltd","travel","121.52","41.8781","-87.6298","2746000","1704218760","2024-01-02 18:06:00","0","9","29","1112.52","7","11","867.64","3","6","8","0.0760","0.1719","0.5100","0.2100","0.20","0.30","3","1","0.40","0.10"
"315","40001000000002494485","fraud_McDermott PLC","entertainment","122.06","29.7604","-95.3698","2328000","1704219300","2024-01-02 18:15:00","0","1","1","122.06","2","11","244.12","4","1","11","0.0780","0.1868","0.5200","0.2600","0.00","0.00","1","2","0.00","0.20"
"316","40001000000002502404","fraud_Lynch-Wisozk","travel","122.60","39.9526","-75.1652","1600000","1704219840","2024-01-02 18:24:00","0","2","3","248.34","5","19","617.25","5","3","14","0.0800","0.2017","0.5300","0.3100","0.10","0.10","2","3","0.10","0.30"
"317","40001000000002510323","fraud_Huels-Nolan","entertainment","123.14","33.4484","-112.0740","1625000","1704220380","2024-01-02 18:33:00","0","3","5","375.70","8","9","993.62","6","5","17","0.0820","0.2166","0.5400","0.3600","0.20","0.20","3","1","0.20","0.40"
"318","40001000000002518242","fraud_Schmeler Inc","travel","123.68","32.7767","-96.7970","1304000","1704220920","2024-01-02 18:42:00","0","4","7","504.14","3","9","383.79","1","7","2","0.0840","0.0421","0.0200","0.4100","0.00","0.30","1","2","0.30","0.00"
"319","40001000000002526161","fraud_Heathcote LLC","home","124.22","47.6062","-122.3321","737000","1704221460","2024-01-02 18:51:00","0","5","9","633.66","6","17","762.32","2","2","5","0.0860","0.0570","0.0300","0.4600","0.10","0.00","2","3","0.40","0.10"
"320","40001000000002534080","fraud_Kilback LLC","health_fitness","124.76","40.7128","-74.0060","8419000","1704222000","2024-01-02 19:00:00","0","6","11","764.26","1","17","124.76","3","4","8","0.0880","0.0719","0.0400","0.0400","0.20","0.10","3","1","0.00","0.20"
"321","40001000000002541999","fraud_Ruecker Group","home","125.30","34.0522","-118.2437","3980000","1704222540","2024-01-02 19:09:00","0","7","13","895.94","4","7","505.45","4","6","11","0.0900","0.0868","0.0500","0.0900","0.00","0.20","1","2","0.10","0.30"
"322","40001000000002549918","fraud_Stokes and Sons","health_fitness","125.84","41.8781","-87.6298","2746000","1704223080","2024-01-02 19:18:00","0","8","15","1006.72","7","15","889.38","5","1","14","0.0920","0.1017","0.0600","0.1400","0.10","0.30","2","3","0.20","0.40"
"323","40001000000002557837","fraud_Bahringer Group","home","126.38","29.7604","-95.3698","2328000","1704223620","2024-01-02 19:27:00","1","9","17","1140.56","2","15","265.51","6","3","17","0.0940","0.1166","0.0700","0.1900","0.20","0.00","3","1","0.30","0.00"
"324","40001000000002565756","fraud_Haley Ltd","health_fitness","126.92","39.9526","-75.1652","1600000","1704224160","2024-01-02 19:36:00","0","1","10","133.20","5","5","651.60","1","5","2","0.0960","0.1315","0.0800","0.2400","0.00","0.10","1","2","0.40","0.10"
"325","40001000000002573675","fraud_McDermott PLC","home","125.25","33.4484","-112.0740","1625000","1704224700","2024-01-02 19:45:00","0","2","12","259.92","8","13","1002.00","2","7","5","0.0980","0.1464","0.0900","0.2900","0.10","0.20","2","3","0.00","0.20"
"326","40001000000002581594","fraud_Lynch-Wisozk","health_fitness","125.79","32.7767","-96.7970","1304000","1704225240","2024-01-02 19:54:00","0","3","14","389.93","3","13","381.62","3","2","8","0.1000","0.1613","0.1000","0.3400","0.20","0.30","3","1","0.10","0.30"
"327","40001000000002589513","fraud_Huels-Nolan","home","126.33","47.6062","-122.3321","737000","1704225780","2024-01-02 20:03:00","0","4","16","521.02","6","21","766.48","4","4","11","0.1020","0.1762","0.1100","0.3900","0.00","0.00","1","2","0.20","0.40"
"328","40001000000002597432","fraud_Schmeler Inc","health_fitness","126.87","40.7128","-74.0060","8419000","1704226320","2024-01-02 20:12:00","0","5","18","653.19","1","3","139.62","5","6","14","0.1040","0.1911","0.1200","0.4400","0.10","0.10","2","3","0.30","0.00"
"329","40001000000002605351","fraud_Heathcote LLC","home","127.41","34.0522","-118.2437","3980000","1704226860","2024-01-02 20:21:00","0","6","20","764.46","4","11","526.64","6","1","17","0.1060","0.2060","0.1300","0.0200","0.20","0.20","3","1","0.40","0.10"
"330","40001000000002613270","fraud_Kilback LLC","grocery_pos","127.95","41.8781","-87.6298","2746000","1704227400","2024-01-02 20:30:00","0","7","22","898.79","7","19","895.65","1","3","2","0.1080","0.2209","0.1400","0.0700","0.00","0.30","1","2","0.00","0.20"
"331","40001000000002621189","fraud_Ruecker Group","personal_care","128.49","29.7604","-95.3698","2328000","1704227940","2024-01-02 20:39:00","0","8","24","1034.20","2","19","261.23","2","5","5","0.1100","0.0464","0.1500","0.1200","0.10","0.00","2","3","0.10","0.30"
"332","40001000000002629108","fraud_Stokes and Sons","grocery_pos","129.03","39.9526","-75.1652","1600000","1704228480","2024-01-02 20:48:00","0","9","26","1170.69","5","9","653.65","3","7","8","0.1120","0.0613","0.1600","0.1700","0.20","0.10","3","1","0.20","0.40"
"333","40001000000002637027","fraud_Bahringer Group","personal_care","129.57","33.4484","-112.0740","1625000","1704229020","2024-01-02 20:57:00","0","1","19","142.13","8","17","1049.31","4","2","11","0.1140","0.0762","0.1700","0.2200","0.00","0.20","1","2","0.30","0.00"
"334","40001000000002644946","fraud_Haley Ltd","grocery_pos","130.11","32.7767","-96.7970","1304000","1704229560","2024-01-02 21:06:00","0","2","21","275.92","3","17","407.33","5","4","14","0.1160","0.0911","0.1800","0.2700","0.10","0.30","2","3","0.40","0.10"
"335","40001000000002652865","fraud_McDermott PLC","personal_care","130.65","47.6062","-122.3321","737000","1704230100","2024-01-02 21:15:00","0","3","23","410.79","6","7","783.90","6","6","17","0.1180","0.1060","0.1900","0.3200","0.20","0.00","3","1","0.00","0.20"
"336","40001000000002660784","fraud_Lynch-Wisozk","grocery_pos","131.19","40.7128","-74.0060","8419000","1704230640","2024-01-02 21:24:00","0","4","4","524.76","1","7","135.44","1","1","2","0.1200","0.1209","0.2000","0.3700","0.00","0.10","1","2","0.10","0.30"
"337","40001000000002668703","fraud_Huels-Nolan","personal_care","131.73","34.0522","-118.2437","3980000","1704231180","2024-01-02 21:33:00","0","5","6","661.79","4","15","535.42","2","3","5","0.1220","0.1357","0.2100","0.4200","0.10","0.20","2","3","0.20","0.40"
"338","40001000000002676622","fraud_Schmeler Inc","grocery_pos","130.06","41.8781","-87.6298","2746000","1704231720","2024-01-02 21:42:00","0","6","8","786.64","7","23","923.17","3","5","8","0.1240","0.1506","0.2200","0.4700","0.20","0.30","3","1","0.30","0.00"
"339","40001000000002684541","fraud_Heathcote LLC","personal_care","130.60","29.7604","-95.3698","2328000","1704232260","2024-01-02 21:51:00","0","7","10","923.62","2","5","278.20","4","7","11","0.1260","0.1655","0.2300","0.0500","0.00","0.00","1","2","0.40","0.10"
"340","40001000000002692460","fraud_Kilback LLC","grocery_pos","131.14","39.9526","-75.1652","1600000","1704232800","2024-01-02 22:00:00","1","8","12","1061.68","5","13","655.70","5","2","14","0.1280","0.1804","0.2400","0.1000","0.10","0.10","2","3","0.00","0.20"
"341","40001000000002700379","fraud_Ruecker Group","misc_net","131.68","33.4484","-112.0740","1625000","1704233340","2024-01-02 22:09:00","0","9","14","1200.82","8","21","1057.69","6","4","17","0.1300","0.1953","0.2500","0.1500","0.20","0.20","3","1","0.10","0.30"
"342","40001000000002708298","fraud_Stokes and Sons","shopping_net","132.22","32.7767","-96.7970","1304000","1704233880","2024-01-02 22:18:00","0","1","7","151.06","3","3","405.16","1","6","2","0.1320","0.2102","0.2600","0.2000","0.00","0.30","1","2","0.20","0.40"
"343","40001000000002716217","fraud_Bahringer Group","misc_net","132.76","47.6062","-122.3321","737000","1704234420","2024-01-02 22:27:00","0","2","9","265.52","6","11","809.31","2","1","5","0.1340","0.2251","0.2700","0.2500","0.10","0.00","2","3","0.30","0.00"
"344","40001000000002724136","fraud_Haley Ltd","shopping_net","133.30","40.7128","-74.0060","8419000","1704234960","2024-01-02 22:36:00","0","3","11","403.04","1","11","150.30","3","3","8","0.1360","0.0506","0.2800","0.3000","0.20","0.10","3","1","0.40","0.10"
"345","40001000000002732055","fraud_McDermott PLC","misc_net","133.84","34.0522","-118.2437","3980000","1704235500","2024-01-02 22:45:00","0","4","13","541.64","4","19","535.36","4","5","11","0.1380","0.0655","0.2900","0.3500","0.00","0.20","1","2","0.00","0.20"
"346","40001000000002739974","fraud_Lynch-Wisozk","shopping_net","134.38","41.8781","-87.6298","2746000","1704236040","2024-01-02 22:54:00","0","5","15","681.32","7","9","944.91","5","7","14","0.1400","0.0804","0.3000","0.4000","0.10","0.30","2","3","0.10","0.30"
"347","40001000000002747893","fraud_Huels-Nolan","misc_net","134.92","29.7604","-95.3698","2328000","1704236580","2024-01-02 23:03:00","0","6","17","822.08","2","9","278.34","6","2","17","0.1420","0.0953","0.3100","0.4500","0.20","0.00","3","1","0.20","0.40"
"348","40001000000002755812","fraud_Schmeler Inc","shopping_net","135.46","39.9526","-75.1652","1600000","1704237120","2024-01-02 23:12:00","0","7","19","963.92","5","17","690.05","1","4","2","0.1440","0.1102","0.3200","0.0300","0.00","0.10","1","2","0.30","0.00"
"349","40001000000002763731","fraud_Heathcote LLC","misc_net","136.00","33.4484","-112.0740","1625000","1704237660","2024-01-02 23:21:00","0","8","21","1106.84","8","25","1105.00","2","6","5","0.1460","0.1251","0.3300","0.0800","0.10","0.20","2","3","0.40","0.10"
"350","40001000000002771650","fraud_Kilback LLC","shopping_net","136.54","32.7767","-96.7970","1304000","1704238200","2024-01-02 23:30:00","0","9","23","1228.86","3","7","409.62","3","1","8","0.1480","0.1400","0.3400","0.1300","0.20","0.30","3","1","0.00","0.20"
"351","40001000000002779569","fraud_Ruecker Group","misc_net","134.87","47.6062","-122.3321","737000","1704238740","2024-01-02 23:39:00","0","1","16","138.01","6","15","813.47","4","3","11","0.1500","0.1549","0.3500","0.1800","0.00","0.00","1","2","0.10","0.30"
"352","40001000000002787488","fraud_Stokes and Sons","gas_transport","135.41","40.7128","-74.0060","8419000","1704239280","2024-01-02 23:48:00","0","2","18","277.10","1","15","143.91","5","5","14","0.1520","0.1698","0.3600","0.2300","0.10","0.10","2","3","0.20","0.40"
"353","40001000000002795407","fraud_Bahringer Group","food_dining","135.95","34.0522","-118.2437","3980000","1704239820","2024-01-02 23:57:00","0","3","20","417.27","4","5","556.55","6","7","17","0.1540","0.1847","0.3700","0.2800","0.20","0.20","3","1","0.30","0.00"
"354","40001000000002803326","fraud_Haley Ltd","gas_transport","136.49","41.8781","-87.6298","2746000","1704240360","2024-01-03 00:06:00","0","4","22","558.52","7","13","972.43","1","2","2","0.1560","0.1996","0.3800","0.3300","0.00","0.30","1","2","0.40","0.10"
"355","40001000000002811245","fraud_McDermott PLC","food_dining","137.03","29.7604","-95.3698","2328000","1704240900","2024-01-03 00:15:00","0","5","24","700.85","2","13","274.06","2","4","5","0.1580","0.2145","0.3900","0.3800","0.10","0.00","2","3","0.00","0.20"
"356","40001000000002819164","fraud_Lynch-Wisozk","gas_transport","137.57","39.9526","-75.1652","1600000","1704241440","2024-01-03 00:24:00","0","6","26","844.26","5","21","692.10","3","6","8","0.1600","0.0400","0.4000","0.4300","0.20","0.10","3","1","0.10","0.30"
"357","40001000000002827083","fraud_Huels-Nolan","food_dining","138.11","33.4484","-112.0740","1625000","1704241980","2024-01-03 00:33:00","1","7","7","966.77","8","11","1113.38","4","1","11","0.1620","0.0549","0.4100","0.4800","0.00","0.20","1","2","0.20","0.40"
"358","40001000000002835002","fraud_Schmeler Inc","gas_transport","138.65","32.7767","-96.7970","1304000","1704242520","2024-01-03 00:42:00","0","8","9","1112.34","3","11","428.70","5","3","14","0.1640","0.0698","0.4200","0.0600","0.10","0.30","2","3","0.30","0.00"
"359","40001000000002842921","fraud_Heathcote LLC","food_dining","139.19","47.6062","-122.3321","737000","1704243060","2024-01-03 00:51:00","0","9","11","1258.99","6","19","852.14","6","5","17","0.1660","0.0847","0.4300","0.1100","0.20","0.00","3","1","0.40","0.10"
"360","40001000000002850840","fraud_Kilback LLC","gas_transport","139.73","40.7128","-74.0060","8419000","1704243600","2024-01-03 01:00:00","0","1","4","149.15","1","1","139.73","1","7","2","0.1680","0.0996","0.4400","0.1600","0.00","0.10","1","2","0.00","0.20"
"361","40001000000002858759","fraud_Ruecker Group","food_dining","140.27","34.0522","-118.2437","3980000","1704244140","2024-01-03 01:09:00","0","2","6","293.10","4","9","565.33","2","2","5","0.1700","0.1145","0.4500","0.2100","0.10","0.20","2","3","0.10","0.30"
"362","40001000000002866678","fraud_Stokes and Sons","gas_transport","140.81","41.8781","-87.6298","2746000","1704244680","2024-01-03 01:18:00","0","3","8","438.13","7","17","994.17","3","4","8","0.1720","0.1294","0.4600","0.2600","0.20","0.30","3","1","0.20","0.40"
"363","40001000000002874597","fraud_Bahringer Group","travel","141.35","29.7604","-95.3698","2328000","1704245220","2024-01-03 01:27:00","0","4","10","584.24","2","17","295.45","4","6","11","0.1740","0.1443","0.4700","0.3100","0.00","0.00","1","2","0.30","0.00"
"364","40001000000002882516","fraud_Haley Ltd","entertainment","139.68","39.9526","-75.1652","1600000","1704245760","2024-01-03 01:36:00","0","5","12","698.40","5","7","715.40","5","1","14","0.1760","0.1591","0.4800","0.3600","0.10","0.10","2","3","0.40","0.10"
"365","40001000000002890435","fraud_McDermott PLC","travel","140.22","33.4484","-112.0740","1625000","1704246300","2024-01-03 01:45:00","0","6","14","844.46","8","15","1121.76","6","3","17","0.1780","0.1740","0.4900","0.4100","0.20","0.20","3","1","0.00","0.20"
"366","40001000000002898354","fraud_Lynch-Wisozk","entertainment","140.76","32.7767","-96.7970","1304000","1704246840","2024-01-03 01:54:00","0","7","16","991.60","3","15","426.53","1","5","2","0.1800","0.1889","0.5000","0.4600","0.00","0.30","1","2","0.10","0.30"
"367","40001000000002906273","fraud_Huels-Nolan","travel","141.30","47.6062","-122.3321","737000","1704247380","2024-01-03 02:03:00","0","8","18","1139.82","6","23","856.30","2","7","5","0.1820","0.2038","0.5100","0.0400","0.10","0.00","2","3","0.20","0.40"
"368","40001000000002914192","fraud_Schmeler Inc","entertainment","141.84","40.7128","-74.0060","8419000","1704247920","2024-01-03 02:12:00","0","9","20","1289.12","1","5","154.59","3","2","8","0.1840","0.2187","0.5200","0.0900","0.20","0.10","3","1","0.30","0.00"
"369","40001000000002922111","fraud_Heathcote LLC","travel","142.38","34.0522","-118.2437","3980000","1704248460","2024-01-03 02:21:00","0","1","13","158.08","4","13","586.52","4","4","11","0.1860","0.0443","0.5300","0.1400","0.00","0.20","1","2","0.40","0.10"
"370","40001000000002930030","fraud_Kilback LLC","entertainment","142.92","41.8781","-87.6298","2746000","1704249000","2024-01-03 02:30:00","0","2","15","304.68","7","21","1000.44","5","6","14","0.1880","0.0591","0.5400","0.1900","0.10","0.30","2","3","0.00","0.20"
"371","40001000000002937949","fraud_Ruecker Group","travel","143.46","29.7604","-95.3698","2328000","1704249540","2024-01-03 02:39:00","0","3","17","430.38","2","3","291.17","6","1","17","0.1900","0.0740","0.0200","0.2400","0.20","0.00","3","1","0.10","0.30"
"372","40001000000002945868","fraud_Stokes and Sons","entertainment","144.00","39.9526","-75.1652","1600000","1704250080","2024-01-03 02:48:00","0","4","19","579.14","5","11","728.50","1","3","2","0.1920","0.0889","0.0300","0.2900","0.00","0.10","1","2","0.20","0.40"
"373","40001000000002953787","fraud_Bahringer Group","travel","144.54","33.4484","-112.0740","1625000","1704250620","2024-01-03 02:57:00","0","5","21","728.98","8","19","1169.07","2","5","5","0.1940","0.1038","0.0400","0.3400","0.10","0.20","2","3","0.30","0.00"
"374","40001000000002961706","fraud_Haley Ltd","home","145.08","32.7767","-96.7970","1304000","1704251160","2024-01-03 03:06:00","1","6","23","879.90","3","19","452.24","3","7","8","0.1960","0.1187","0.0500","0.3900","0.20","0.30","3","1","0.40","0.10"
"375","40001000000002969625","fraud_McDermott PLC","health_fitness","145.62","47.6062","-122.3321","737000","1704251700","2024-01-03 03:15:00","0","7","25","1031.90","6","9","873.72","4","2","11","0.1980","0.1336","0.0600","0.4400","0.00","0.00","1","2","0.00","0.20"
"376","40001000000002977544","fraud_Lynch-Wisozk","home","146.16","40.7128","-74.0060","8419000","1704252240","2024-01-03 03:24:00","0","8","27","1184.98","1","9","150.41","5","4","14","0.2000","0.1485","0.0700","0.0200","0.10","0.10","2","3","0.10","0.30"
"377","40001000000002985463","fraud_Huels-Nolan","health_fitness","144.49","34.0522","-118.2437","3980000","1704252780","2024-01-03 03:33:00","0","9","29","1319.25","4","17","586.46","6","6","17","0.2020","0.1634","0.0800","0.0700","0.20","0.20","3","1","0.20","0.40"
"378","40001000000002993382","fraud_Schmeler Inc","home","145.03","41.8781","-87.6298","2746000","1704253320","2024-01-03 03:42:00","0","1","1","145.03","7","7","1027.96","1","1","2","0.2040","0.1783","0.0900","0.1200","0.00","0.30","1","2","0.30","0.00"
"379","40001000000003001301","fraud_Heathcote LLC","health_fitness","145.57","29.7604","-95.3698","2328000","1704253860","2024-01-03 03:51:00","0","2","3","294.28","2","7","308.14","2","3","5","0.2060","0.1932","0.1000","0.1700","0.10","0.00","2","3","0.40","0.10"
"380","40001000000003009220","fraud_Kilback LLC","home","146.11","39.9526","-75.1652","1600000","1704254400","2024-01-03 04:00:00","0","3","5","444.61","5","15","730.55","3","5","8","0.2080","0.2081","0.1100","0.2200","0.20","0.10","3","1","0.00","0.20"
"381","40001000000003017139","fraud_Ruecker Group","health_fitness","146.65","33.4484","-112.0740","1625000","1704254940","2024-01-03 04:09:00","0","4","7","596.02","8","23","1177.45","4","7","11","0.2100","0.2230","0.1200","0.2700","0.00","0.20","1","2","0.10","0.30"
"382","40001000000003025058","fraud_Stokes and Sons","home","147.19","32.7767","-96.7970","1304000","1704255480","2024-01-03 04:18:00","0","5","9","748.51","3","5","450.07","5","2","14","0.2120","0.0485","0.1300","0.3200","0.10","0.30","2","3","0.20","0.40"
"383","40001000000003032977","fraud_Bahringer Group","health_fitness","147.73","47.6062","-122.3321","737000","1704256020","2024-01-03 04:27:00","0","6","11","902.08","6","13","899.13","6","4","17","0.2140","0.0634","0.1400","0.3700","0.20","0.00","3","1","0.30","0.00"
"384","40001000000003040896","fraud_Haley Ltd","home","148.27","40.7128","-74.0060","8419000","1704256560","2024-01-03 04:36:00","0","7","13","1056.73","1","13","165.27","1","6","2","0.2160","0.0783","0.1500","0.4200","0.00","0.10","1","2","0.40","0.10"
"385","40001000000003048815","fraud_McDermott PLC","grocery_pos","148.81","34.0522","-118.2437","3980000","1704257100","2024-01-03 04:45:00","0","8","15","1190.48","4","21","595.24","2","1","5","0.2180","0.0932","0.1600","0.4700","0.10","0.20","2","3","0.00","0.20"
"386","40001000000003056734","fraud_Lynch-Wisozk","personal_care","149.35","41.8781","-87.6298","2746000","1704257640","2024-01-03 04:54:00","0","9","17","1347.29","7","11","1049.70","3","3","8","0.2200","0.1081","0.1700","0.0500","0.20","0.30","3","1","0.10","0.30"
"387","40001000000003064653","fraud_Huels-Nolan","grocery_pos","149.89","29.7604","-95.3698","2328000","1704258180","2024-01-03 05:03:00","0","1","10","156.17","2","11","308.28","4","5","11","0.2220","0.1230","0.1800","0.1000","0.00","0.00","1","2","0.20","0.40"
"388","40001000000003072572","fraud_Schmeler Inc","personal_care","150.43","39.9526","-75.1652","1600000","1704258720","2024-01-03 05:12:00","0","2","12","310.28","5","19","764.90","5","7","14","0.0300","0.1379","0.1900","0.1500","0.10","0.10","2","3","0.30","0.00"
"389","40001000000003080491","fraud_Heathcote LLC","grocery_pos","150.97","33.4484","-112.0740","1625000","1704259260","2024-01-03 05:21:00","0","3","14","465.47","8","9","1224.76","6","2","17","0.0320","0.1528","0.2000","0.2000","0.20","0.20","3","1","0.40","0.10"
"390","40001000000003088410","fraud_Kilback LLC","personal_care","149.30","32.7767","-96.7970","1304000","1704259800","2024-01-03 05:30:00","0","4","16","612.90","3","9","447.90","1","4","2","0.0340","0.1677","0.2100","0.2500","0.00","0.30","1","2","0.00","0.20"
"391","40001000000003096329","fraud_Ruecker Group","grocery_pos","149.84","47.6062","-122.3321","737000","1704260340","2024-01-03 05:39:00","1","5","18","768.04","6","17","903.29","2","6","5","0.0360","0.1826","0.2200","0.3000","0.10","0.00","2","3","0.10","0.30"
"392","40001000000003104248","fraud_Stokes and Sons","personal_care","150.38","40.7128","-74.0060","8419000","1704260880","2024-01-03 05:48:00","0","6","20","902.28","1","17","158.88","3","1","8","0.0380","0.1974","0.2300","0.3500","0.20","0.10","3","1","0.20","0.40"
"393","40001000000003112167","fraud_Bahringer Group","grocery_pos","150.92","34.0522","-118.2437","3980000","1704261420","2024-01-03 05:57:00","0","7","22","1059.58","4","7","616.43","4","3","11","0.0400","0.2123","0.2400","0.4000","0.00","0.20","1","2","0.30","0.00"
"394","40001000000003120086","fraud_Haley Ltd","personal_care","151.46","41.8781","-87.6298","2746000","1704261960","2024-01-03 06:06:00","0","8","24","1217.96","7","15","1077.22","5","5","14","0.0420","0.2272","0.2500","0.4500","0.10","0.30","2","3","0.40","0.10"
"395","40001000000003128005","fraud_McDermott PLC","grocery_pos","152.00","29.7604","-95.3698","2328000","1704262500","2024-01-03 06:15:00","0","9","26","1377.42","2","15","304.00","6","7","17","0.0440","0.0528","0.2600","0.0300","0.20","0.00","3","1","0.00","0.20"
"396","40001000000003135924","fraud_Lynch-Wisozk","misc_net","152.54","39.9526","-75.1652","1600000","1704263040","2024-01-03 06:24:00","0","1","19","165.10","5","5","766.95","1","2","2","0.0460","0.0677","0.2700","0.0800","0.00","0.10","1","2","0.10","0.30"
"397","40001000000003143843","fraud_Huels-Nolan","shopping_net","153.08","33.4484","-112.0740","1625000","1704263580","2024-01-03 06:33:00","0","2","21","321.86","8","13","1233.14","2","4","5","0.0480","0.0826","0.2800","0.1300","0.10","0.20","2","3","0.20","0.40"
"398","40001000000003151762","fraud_Schmeler Inc","misc_net","153.62","32.7767","-96.7970","1304000","1704264120","2024-01-03 06:42:00","0","3","23","479.70","3","13","473.61","3","6","8","0.0500","0.0974","0.2900","0.1800","0.20","0.30","3","1","0.30","0.00"
"399","40001000000003159681","fraud_Heathcote LLC","shopping_net","154.16","47.6062","-122.3321","737000","1704264660","2024-01-03 06:51:00","0","4","4","616.64","6","21","941.96","4","1","11","0.0520","0.1123","0.3000","0.2300","0.00","0.00","1","2","0.40","0.10"
"400","40001000000003167600","fraud_Kilback LLC","misc_net","154.70","40.7128","-74.0060","8419000","1704265200","2024-01-03 07:00:00","0","5","6","776.64","1","3","154.70","5","3","14","0.0540","0.1272","0.3100","0.2800","0.10","0.10","2","3","0.00","0.20"
"401","40001000000003175519","fraud_Ruecker Group","shopping_net","155.24","34.0522","-118.2437","3980000","1704265740","2024-01-03 07:09:00","0","6","8","937.72","4","11","625.21","6","5","17","0.0560","0.1421","0.3200","0.3300","0.20","0.20","3","1","0.10","0.30"
"402","40001000000003183438","fraud_Stokes and Sons","misc_net","155.78","41.8781","-87.6298","2746000","1704266280","2024-01-03 07:18:00","0","7","10","1099.88","7","19","1098.96","1","7","2","0.0580","0.1570","0.3300","0.3800","0.00","0.30","1","2","0.20","0.40"
"403","40001000000003191357","fraud_Bahringer Group","shopping_net","154.11","29.7604","-95.3698","2328000","1704266820","2024-01-03 07:27:00","0","8","12","1245.44","2","19","320.97","2","2","5","0.0600","0.1719","0.3400","0.4300","0.10","0.00","2","3","0.30","0.00"
"404","40001000000003199276","fraud_Haley Ltd","misc_net","154.65","39.9526","-75.1652","1600000","1704267360","2024-01-03 07:36:00","0","9","14","1407.55","5","9","790.25","3","4","8","0.0620","0.1868","0.3500","0.4800","0.20","0.10","3","1","0.40","0.10"
"405","40001000000003207195","fraud_McDermott PLC","shopping_net","155.19","33.4484","-112.0740","1625000","1704267900","2024-01-03 07:45:00","0","1","7","174.03","8","17","1241.52","4","6","11","0.0640","0.2017","0.3600","0.0600","0.00","0.20","1","2","0.00","0.20"
"406","40001000000003215114","fraud_Lynch-Wisozk","misc_net","155.73","32.7767","-96.7970","1304000","1704268440","2024-01-03 07:54:00","0","2","9","311.46","3","17","471.44","5","1","14","0.0660","0.2166","0.3700","0.1100","0.10","0.30","2","3","0.10","0.30"
"407","40001000000003223033","fraud_Huels-Nolan","gas_transport","156.27","47.6062","-122.3321","737000","1704268980","2024-01-03 08:03:00","0","3","11","471.95","6","7","946.12","6","3","17","0.0680","0.0421","0.3800","0.1600","0.20","0.00","3","1","0.20","0.40"
"408","40001000000003230952","fraud_Schmeler Inc","food_dining","156.81","40.7128","-74.0060","8419000","1704269520","2024-01-03 08:12:00","1","4","13","633.52","1","7","169.56","1","5","2","0.0700","0.0570","0.3900","0.2100","0.00","0.10","1","2","0.30","0.00"
"409","40001000000003238871","fraud_Heathcote LLC","gas_transport","157.35","34.0522","-118.2437","3980000","1704270060","2024-01-03 08:21:00","0","5","15","796.17","4","15","646.40","2","7","5","0.0720","0.0719","0.4000","0.2600","0.10","0.20","2","3","0.40","0.10"
"410","40001000000003246790","fraud_Kilback LLC","food_dining","157.89","41.8781","-87.6298","2746000","1704270600","2024-01-03 08:30:00","0","6","17","959.90","7","23","1105.23","3","2","8","0.0740","0.0868","0.4100","0.3100","0.20","0.30","3","1","0.00","0.20"
"411","40001000000003254709","fraud_Ruecker Group","gas_transport","158.43","29.7604","-95.3698","2328000","1704271140","2024-01-03 08:39:00","0","7","19","1124.71","2","5","321.11","4","4","11","0.0760","0.1017","0.4200","0.3600","0.00","0.00","1","2","0.10","0.30"
"412","40001000000003262628","fraud_Stokes and Sons","food_dining","158.97","39.9526","-75.1652","1600000","1704271680","2024-01-03 08:48:00","0","8","21","1290.60","5","13","803.35","5","6","14","0.0780","0.1166","0.4300","0.4100","0.10","0.10","2","3","0.20","0.40"
"413","40001000000003270547","fraud_Bahringer Group","gas_transport","159.51","33.4484","-112.0740","1625000","1704272220","2024-01-03 08:57:00","0","9","23","1435.59","8","21","1288.83","6","1","17","0.0800","0.1315","0.4400","0.4600","0.20","0.20","3","1","0.30","0.00"
"414","40001000000003278466","fraud_Haley Ltd","food_dining","160.05","32.7767","-96.7970","1304000","1704272760","2024-01-03 09:06:00","0","1","16","163.19","3","3","497.15","1","3","2","0.0820","0.1464","0.4500","0.0400","0.00","0.30","1","2","0.40","0.10"
"415","40001000000003286385","fraud_McDermott PLC","gas_transport","160.59","47.6062","-122.3321","737000","1704273300","2024-01-03 09:15:00","0","2","18","327.46","6","11","963.54","2","5","5","0.0840","0.1613","0.4600","0.0900","0.10","0.00","2","3","0.00","0.20"
"416","40001000000003294304","fraud_Lynch-Wisozk","food_dining","158.92","40.7128","-74.0060","8419000","1704273840","2024-01-03 09:24:00","0","3","20","486.18","1","11","163.17","3","7","8","0.0860","0.1762","0.4700","0.1400","0.20","0.10","3","1","0.10","0.30"
"417","40001000000003302223","fraud_Huels-Nolan","gas_transport","159.46","34.0522","-118.2437","3980000","1704274380","2024-01-03 09:33:00","0","4","22","650.40","4","19","646.34","4","2","11","0.0880","0.1911","0.4800","0.1900","0.00","0.20","1","2","0.20","0.40"
"418","40001000000003310142","fraud_Schmeler Inc","travel","160.00","41.8781","-87.6298","2746000","1704274920","2024-01-03 09:42:00","0","5","24","815.70","7","9","1132.75","5","4","14","0.0900","0.2060","0.4900","0.2400","0.10","0.30","2","3","0.30","0.00"
"419","40001000000003318061","fraud_Heathcote LLC","entertainment","160.54","29.7604","-95.3698","2328000","1704275460","2024-01-03 09:51:00","0","6","26","982.08","2","9","338.08","6","6","17","0.0920","0.2209","0.5000","0.2900","0.20","0.00","3","1","0.40","0.10"
"420","40001000000003325980","fraud_Kilback LLC","travel","161.08","39.9526","-75.1652","1600000","1704276000","2024-01-03 10:00:00","0","7","7","1127.56","5","17","805.40","1","1","2","0.0940","0.0464","0.5100","0.3400","0.00","0.10","1","2","0.00","0.20"
"421","40001000000003333899","fraud_Ruecker Group","entertainment","161.62","33.4484","-112.0740","1625000","1704276540","2024-01-03 10:09:00","0","8","9","1296.10","8","25","1297.21","2","3","5","0.0960","0.0613","0.5200","0.3900","0.10","0.20","2","3","0.10","0.30"
"422","40001000000003341818","fraud_Stokes and Sons","travel","162.16","32.7767","-96.7970","1304000","1704277080","2024-01-03 10:18:00","0","9","11","1465.72","3","7","494.98","3","5","8","0.0980","0.0762","0.5300","0.4400","0.20","0.30","3","1","0.20","0.40"
"423","40001000000003349737","fraud_Bahringer Group","entertainment","162.70","47.6062","-122.3321","737000","1704277620","2024-01-03 10:27:00","0","1","4","172.12","6","15","988.95","4","7","11","0.1000","0.0911","0.5400","0.0200","0.00","0.00","1","2","0.30","0.00"
"424","40001000000003357656","fraud_Haley Ltd","travel","163.24","40.7128","-74.0060","8419000","1704278160","2024-01-03 10:36:00","0","2","6","339.04","1","15","180.24","5","2","14","0.1020","0.1060","0.0200","0.0700","0.10","0.10","2","3","0.40","0.10"
"425","40001000000003365575","fraud_McDermott PLC","entertainment","163.78","34.0522","-118.2437","3980000","1704278700","2024-01-03 10:45:00","1","3","8","507.04","4","5","655.12","6","4","17","0.1040","0.1209","0.0300","0.1200","0.20","0.20","3","1","0.00","0.20"
"426","40001000000003373494","fraud_Lynch-Wisozk","travel","164.32","41.8781","-87.6298","2746000","1704279240","2024-01-03 10:54:00","0","4","10","676.12","7","13","1154.49","1","6","2","0.1060","0.1357","0.0400","0.1700","0.00","0.30","1","2","0.10","0.30"
"427","40001000000003381413","fraud_Huels-Nolan","entertainment","164.86","29.7604","-95.3698","2328000","1704279780","2024-01-03 11:03:00","0","5","12","824.30","2","13","338.22","2","1","5","0.1080","0.1506","0.0500","0.2200","0.10","0.00","2","3","0.20","0.40"
"428","40001000000003389332","fraud_Schmeler Inc","travel","165.40","39.9526","-75.1652","1600000","1704280320","2024-01-03 11:12:00","0","6","14","995.54","5","21","839.75","3","3","8","0.1100","0.1655","0.0600","0.2700","0.20","0.10","3","1","0.30","0.00"
"429","40001000000003397251","fraud_Heathcote LLC","home","163.73","33.4484","-112.0740","1625000","1704280860","2024-01-03 11:21:00","0","7","16","1152.39","8","11","1326.84","4","5","11","0.1120","0.1804","0.0700","0.3200","0.00","0.20","1","2","0.40","0.10"
"430","40001000000003405170","fraud_Kilback LLC","health_fitness","164.27","32.7767","-96.7970","1304000","1704281400","2024-01-03 11:30:00","0","8","18","1323.58","3","11","492.81","5","7","14","0.1140","0.1953","0.0800","0.3700","0.10","0.30","2","3","0.00","0.20"
"431","40001000000003413089","fraud_Ruecker Group","home","164.81","47.6062","-122.3321","737000","1704281940","2024-01-03 11:39:00","0","9","20","1495.85","6","19","993.11","6","2","17","0.1160","0.2102","0.0900","0.4200","0.20","0.00","3","1","0.10","0.30"
"432","40001000000003421008","fraud_Stokes and Sons","health_fitness","165.35","40.7128","-74.0060","8419000","1704282480","2024-01-03 11:48:00","0","1","13","181.05","1","1","173.85","1","4","2","0.1180","0.2251","0.1000","0.4700","0.00","0.10","1","2","0.20","0.40"
"433","40001000000003428927","fraud_Bahringer Group","home","165.89","34.0522","-118.2437","3980000","1704283020","2024-01-03 11:57:00","0","2","15","350.62","4","9","676.31","2","6","5","0.1200","0.0506","0.1100","0.0500","0.10","0.20","2","3","0.30","0.00"
"434","40001000000003436846","fraud_Haley Ltd","health_fitness","166.43","41.8781","-87.6298","2746000","1704283560","2024-01-03 12:06:00","0","3","17","499.29","7","17","1182.01","3","1","8","0.1220","0.0655","0.1200","0.1000","0.20","0.30","3","1","0.40","0.10"
"435","40001000000003444765","fraud_McDermott PLC","home","166.97","29.7604","-95.3698","2328000","1704284100","2024-01-03 12:15:00","0","4","19","671.02","2","17","333.94","4","3","11","0.1240","0.0804","0.1300","0.1500","0.00","0.00","1","2","0.00","0.20"
"436","40001000000003452684","fraud_Lynch-Wisozk","health_fitness","167.51","39.9526","-75.1652","1600000","1704284640","2024-01-03 12:24:00","0","5","21","843.83","5","7","841.80","5","5","14","0.1260","0.0953","0.1400","0.2000","0.10","0.10","2","3","0.10","0.30"
"437","40001000000003460603","fraud_Huels-Nolan","home","168.05","33.4484","-112.0740","1625000","1704285180","2024-01-03 12:33:00","0","6","23","1017.72","8","15","1352.90","6","7","17","0.1280","0.1102","0.1500","0.2500","0.20","0.20","3","1","0.20","0.40"
"438","40001000000003468522","fraud_Schmeler Inc","health_fitness","168.59","32.7767","-96.7970","1304000","1704285720","2024-01-03 12:42:00","0","7","25","1192.69","3","15","518.52","1","2","2","0.1300","0.1251","0.1600","0.3000","0.00","0.30","1","2","0.30","0.00"
"439","40001000000003476441","fraud_Heathcote LLC","home","169.13","47.6062","-122.3321","737000","1704286260","2024-01-03 12:51:00","0","8","27","1368.74","6","23","1031.78","2","4","5","0.1320","0.1400","0.1700","0.3500","0.10","0.00","2","3","0.40","0.10"
"440","40001000000003484360","fraud_Kilback LLC","grocery_pos","169.67","40.7128","-74.0060","8419000","1704286800","2024-01-03 13:00:00","0","9","29","1545.87","1","5","169.67","3","6","8","0.1340","0.1549","0.1800","0.4000","0.20","0.10","3","1","0.00","0.20"
"441","40001000000003492279","fraud_Ruecker Group","personal_care","170.21","34.0522","-118.2437","3980000","1704287340","2024-01-03 13:09:00","0","1","1","170.21","4","13","685.09","4","1","11","0.1360","0.1698","0.1900","0.4500","0.00","0.20","1","2","0.10","0.30"
"442","40001000000003500198","fraud_Stokes and Sons","grocery_pos","168.54","41.8781","-87.6298","2746000","1704287880","2024-01-03 13:18:00","1","2","3","340.22","7","21","1188.28","5","3","14","0.1380","0.1847","0.2000","0.0300","0.10","0.30","2","3","0.20","0.40"
"443","40001000000003508117","fraud_Bahringer Group","personal_care","169.08","29.7604","-95.3698","2328000","1704288420","2024-01-03 13:27:00","0","3","5","513.52","2","3","350.91","6","5","17","0.1400","0.1996","0.2100","0.0800","0.20","0.00","3","1","0.30","0.00"
"444","40001000000003516036","fraud_Haley Ltd","grocery_pos","169.62","39.9526","-75.1652","1600000","1704288960","2024-01-03 13:36:00","0","4","7","687.90","5","11","865.10","1","7","2","0.1420","0.2145","0.2200","0.1300","0.00","0.10","1","2","0.40","0.10"
"445","40001000000003523955","fraud_McDermott PLC","personal_care","170.16","33.4484","-112.0740","1625000","1704289500","2024-01-03 13:45:00","0","5","9","863.36","8","19","1361.28","2","2","5","0.1440","0.0400","0.2300","0.1800","0.10","0.20","2","3","0.00","0.20"
"446","40001000000003531874","fraud_Lynch-Wisozk","grocery_pos","170.70","32.7767","-96.7970","1304000","1704290040","2024-01-03 13:54:00","0","6","11","1039.90","3","19","516.35","3","4","8","0.1460","0.0549","0.2400","0.2300","0.20","0.30","3","1","0.10","0.30"
"447","40001000000003539793","fraud_Huels-Nolan","personal_care","171.24","47.6062","-122.3321","737000","1704290580","2024-01-03 14:03:00","0","7","13","1217.52","6","9","1035.94","4","6","11","0.1480","0.0698","0.2500","0.2800","0.00","0.00","1","2","0.20","0.40"
"448","40001000000003547712","fraud_Schmeler Inc","grocery_pos","171.78","40.7128","-74.0060","8419000","1704291120","2024-01-03 14:12:00","0","8","15","1374.24","1","9","184.53","5","1","14","0.1500","0.0847","0.2600","0.3300","0.10","0.10","2","3","0.30","0.00"
"449","40001000000003555631","fraud_Heathcote LLC","personal_care","172.32","34.0522","-118.2437","3980000","1704291660","2024-01-03 14:21:00","0","9","17","1554.02","4","17","706.28","6","3","17","0.1520","0.0996","0.2700","0.3800","0.20","0.20","3","1","0.40","0.10"
"450","40001000000003563550","fraud_Kilback LLC","grocery_pos","172.86","41.8781","-87.6298","2746000","1704292200","2024-01-03 14:30:00","0","1","10","179.14","7","7","1210.02","1","5","2","0.1540","0.1145","0.2800","0.4300","0.00","0.30","1","2","0.00","0.20"
"451","40001000000003571469","fraud_Ruecker Group","misc_net","173.40","29.7604","-95.3698","2328000","1704292740","2024-01-03 14:39:00","0","2","12","356.22","2","7","351.05","2","7","5","0.1560","0.1294","0.2900","0.4800","0.10","0.00","2","3","0.10","0.30"
"452","40001000000003579388","fraud_Stokes and Sons","shopping_net","173.94","39.9526","-75.1652","1600000","1704293280","2024-01-03 14:48:00","0","3","14","534.38","5","15","878.20","3","2","8","0.1580","0.1443","0.3000","0.0600","0.20","0.10","3","1","0.20","0.40"
"453","40001000000003587307","fraud_Bahringer Group","misc_net","174.48","33.4484","-112.0740","1625000","1704293820","2024-01-03 14:57:00","0","4","16","713.62","8","23","1408.59","4","4","11","0.1600","0.1591","0.3100","0.1100","0.00","0.20","1","2","0.30","0.00"
"454","40001000000003595226","fraud_Haley Ltd","shopping_net","175.02","32.7767","-96.7970","1304000","1704294360","2024-01-03 15:06:00","0","5","18","893.94","3","5","542.06","5","6","14","0.1620","0.1740","0.3200","0.1600","0.10","0.30","2","3","0.40","0.10"
"455","40001000000003603145","fraud_McDermott PLC","misc_net","173.35","47.6062","-122.3321","737000","1704294900","2024-01-03 15:15:00","0","6","20","1040.10","6","13","1040.10","6","1","17","0.1640","0.1889","0.3300","0.2100","0.20","0.00","3","1","0.00","0.20"
"456","40001000000003611064","fraud_Lynch-Wisozk","shopping_net","173.89","40.7128","-74.0060","8419000","1704295440","2024-01-03 15:24:00","0","7","22","1220.37","1","13","178.14","1","3","2","0.1660","0.2038","0.3400","0.2600","0.00","0.10","1","2","0.10","0.30"
"457","40001000000003618983","fraud_Huels-Nolan","misc_net","174.43","34.0522","-118.2437","3980000","1704295980","2024-01-03 15:33:00","0","8","24","1401.72","4","21","706.22","2","5","5","0.1680","0.2187","0.3500","0.3100","0.10","0.20","2","3","0.20","0.40"
"458","40001000000003626902","fraud_Schmeler Inc","shopping_net","174.97","41.8781","-87.6298","2746000","1704296520","2024-01-03 15:42:00","0","9","26","1584.15","7","11","1237.54","3","7","8","0.1700","0.0443","0.3600","0.3600","0.20","0.30","3","1","0.30","0.00"
"459","40001000000003634821","fraud_Heathcote LLC","misc_net","175.51","29.7604","-95.3698","2328000","1704297060","2024-01-03 15:51:00","1","1","19","188.07","2","11","368.02","4","2","11","0.1720","0.0591","0.3700","0.4100","0.00","0.00","1","2","0.40","0.10"
"460","40001000000003642740","fraud_Kilback LLC","shopping_net","176.05","39.9526","-75.1652","1600000","1704297600","2024-01-03 16:00:00","0","2","21","367.80","5","19","880.25","5","4","14","0.1740","0.0740","0.3800","0.4600","0.10","0.10","2","3","0.00","0.20"
"461","40001000000003650659","fraud_Ruecker Group","misc_net","176.59","33.4484","-112.0740","1625000","1704298140","2024-01-03 16:09:00","0","3","23","548.61","8","9","1416.97","6","6","17","0.1760","0.0889","0.3900","0.0400","0.20","0.20","3","1","0.10","0.30"
"462","40001000000003658578","fraud_Stokes and Sons","gas_transport","177.13","32.7767","-96.7970","1304000","1704298680","2024-01-03 16:18:00","0","4","4","708.52","3","9","539.89","1","1","2","0.1780","0.1038","0.4000","0.0900","0.00","0.30","1","2","0.20","0.40"
"463","40001000000003666497","fraud_Bahringer Group","food_dining","177.67","47.6062","-122.3321","737000","1704299220","2024-01-03 16:27:00","0","5","6","891.49","6","17","1078.77","2","3","5","0.1800","0.1187","0.4100","0.1400","0.10","0.00","2","3","0.30","0.00"
"464","40001000000003674416","fraud_Haley Ltd","gas_transport","178.21","40.7128","-74.0060","8419000","1704299760","2024-01-03 16:36:00","0","6","8","1075.54","1","17","195.21","3","5","8","0.1820","0.1336","0.4200","0.1900","0.20","0.10","3","1","0.40","0.10"
"465","40001000000003682335","fraud_McDermott PLC","food_dining","178.75","34.0522","-118.2437","3980000","1704300300","2024-01-03 16:45:00","0","7","10","1260.67","4","7","715.00","4","7","11","0.1840","0.1485","0.4300","0.2400","0.00","0.20","1","2","0.00","0.20"
"466","40001000000003690254","fraud_Lynch-Wisozk","gas_transport","179.29","41.8781","-87.6298","2746000","1704300840","2024-01-03 16:54:00","0","8","12","1446.88","7","15","1259.28","5","2","14","0.1860","0.1634","0.4400","0.2900","0.10","0.30","2","3","0.10","0.30"
"467","40001000000003698173","fraud_Huels-Nolan","food_dining","179.83","29.7604","-95.3698","2328000","1704301380","2024-01-03 17:03:00","0","9","14","1634.17","2","15","368.16","6","4","17","0.1880","0.1783","0.4500","0.3400","0.20","0.00","3","1","0.20","0.40"
"468","40001000000003706092","fraud_Schmeler Inc","gas_transport","178.16","39.9526","-75.1652","1600000","1704301920","2024-01-03 17:12:00","0","1","7","197.00","5","5","903.55","1","6","2","0.1900","0.1932","0.4600","0.3900","0.00","0.10","1","2","0.30","0.00"
"469","40001000000003714011","fraud_Heathcote LLC","food_dining","178.70","33.4484","-112.0740","1625000","1704302460","2024-01-03 17:21:00","0","2","9","357.40","8","13","1446.60","2","1","5","0.1920","0.2081","0.4700","0.4400","0.10","0.20","2","3","0.40","0.10"
"470","40001000000003721930","fraud_Kilback LLC","gas_transport","179.24","32.7767","-96.7970","1304000","1704303000","2024-01-03 17:30:00","0","3","11","540.86","3","13","537.72","3","3","8","0.1940","0.2230","0.4800","0.0200","0.20","0.30","3","1","0.00","0.20"
"471","40001000000003729849","fraud_Ruecker Group","food_dining","179.78","47.6062","-122.3321","737000","1704303540","2024-01-03 17:39:00","0","4","13","725.40","6","21","1082.93","4","5","11","0.1960","0.0485","0.4900","0.0700","0.00","0.00","1","2","0.10","0.30"
"472","40001000000003737768","fraud_Stokes and Sons","gas_transport","180.32","40.7128","-74.0060","8419000","1704304080","2024-01-03 17:48:00","0","5","15","911.02","1","3","188.82","5","7","14","0.1980","0.0634","0.5000","0.1200","0.10","0.10","2","3","0.20","0.40"
"473","40001000000003745687","fraud_Bahringer Group","travel","180.86","34.0522","-118.2437","3980000","1704304620","2024-01-03 17:57:00","0","6","17","1097.72","4","11","736.19","6","2","17","0.2000","0.0783","0.5100","0.1700","0.20","0.20","3","1","0.30","0.00"
"474","40001000000003753606","fraud_Haley Ltd","entertainment","181.40","41.8781","-87.6298","2746000","1704305160","2024-01-03 18:06:00","0","7","19","1285.50","7","19","1286.80","1","4","2","0.2020","0.0932","0.5200","0.2200","0.00","0.30","1","2","0.40","0.10"
"475","40001000000003761525","fraud_McDermott PLC","travel","181.94","29.7604","-95.3698","2328000","1704305700","2024-01-03 18:15:00","0","8","21","1474.36","2","19","363.88","2","6","5","0.2040","0.1081","0.5300","0.2700","0.10","0.00","2","3","0.00","0.20"
"476","40001000000003769444","fraud_Lynch-Wisozk","entertainment","182.48","39.9526","-75.1652","1600000","1704306240","2024-01-03 18:24:00","1","9","23","1642.32","5","9","916.65","3","1","8","0.2060","0.1230","0.5400","0.3200","0.20","0.10","3","1","0.10","0.30"
"477","40001000000003777363","fraud_Huels-Nolan","travel","183.02","33.4484","-112.0740","1625000","1704306780","2024-01-03 18:33:00","0","1","16","186.16","8","17","1472.66","4","3","11","0.2080","0.1379","0.0200","0.3700","0.00","0.20","1","2","0.20","0.40"
"478","40001000000003785282","fraud_Schmeler Inc","entertainment","183.56","32.7767","-96.7970","1304000","1704307320","2024-01-03 18:42:00","0","2","18","373.40","3","17","563.43","5","5","14","0.2100","0.1528","0.0300","0.4200","0.10","0.30","2","3","0.30","0.00"
"479","40001000000003793201","fraud_Heathcote LLC","travel","184.10","47.6062","-122.3321","737000","1704307860","2024-01-03 18:51:00","0","3","20","561.72","6","7","1121.60","6","7","17","0.2120","0.1677","0.0400","0.4700","0.20","0.00","3","1","0.40","0.10"
"480","40001000000003801120","fraud_Kilback LLC","entertainment","184.64","40.7128","-74.0060","8419000","1704308400","2024-01-03 19:00:00","0","4","22","751.12","1","7","184.64","1","2","2","0.2140","0.1826","0.0500","0.0500","0.00","0.10","1","2","0.00","0.20"
"481","40001000000003809039","fraud_Ruecker Group","travel","182.97","34.0522","-118.2437","3980000","1704308940","2024-01-03 19:09:00","0","5","24","930.55","4","15","736.13","2","4","5","0.2160","0.1974","0.0600","0.1000","0.10","0.20","2","3","0.10","0.30"
"482","40001000000003816958","fraud_Stokes and Sons","entertainment","183.51","41.8781","-87.6298","2746000","1704309480","2024-01-03 19:18:00","0","6","26","1119.90","7","23","1293.07","3","6","8","0.2180","0.2123","0.0700","0.1500","0.20","0.30","3","1","0.20","0.40"
"483","40001000000003824877","fraud_Bahringer Group","travel","184.05","29.7604","-95.3698","2328000","1704310020","2024-01-03 19:27:00","0","7","7","1288.35","2","5","380.85","4","1","11","0.2200","0.2272","0.0800","0.2000","0.00","0.00","1","2","0.30","0.00"
"484","40001000000003832796","fraud_Haley Ltd","home","184.59","39.9526","-75.1652","1600000","1704310560","2024-01-03 19:36:00","0","8","9","1479.86","5","13","939.95","5","3","14","0.2220","0.0528","0.0900","0.2500","0.10","0.10","2","3","0.40","0.10"
"485","40001000000003840715","fraud_McDermott PLC","health_fitness","185.13","33.4484","-112.0740","1625000","1704311100","2024-01-03 19:45:00","0","9","11","1672.45","8","21","1481.04","6","5","17","0.0300","0.0677","0.1000","0.3000","0.20","0.20","3","1","0.00","0.20"
"486","40001000000003848634","fraud_Lynch-Wisozk","home","185.67","32.7767","-96.7970","1304000","1704311640","2024-01-03 19:54:00","0","1","4","195.09","3","3","561.26","1","7","2","0.0320","0.0826","0.1100","0.3500","0.00","0.30","1","2","0.10","0.30"
"487","40001000000003856553","fraud_Huels-Nolan","health_fitness","186.21","47.6062","-122.3321","737000","1704312180","2024-01-03 20:03:00","0","2","6","384.98","6","11","1125.76","2","2","5","0.0340","0.0974","0.1200","0.4000","0.10","0.00","2","3","0.20","0.40"
"488","40001000000003864472","fraud_Schmeler Inc","home","186.75","40.7128","-74.0060","8419000","1704312720","2024-01-03 20:12:00","0","3","8","575.95","1","11","199.50","3","4","8","0.0360","0.1123","0.1300","0.4500","0.20","0.10","3","1","0.30","0.00"
"489","40001000000003872391","fraud_Heathcote LLC","health_fitness","187.29","34.0522","-118.2437","3980000","1704313260","2024-01-03 20:21:00","0","4","10","768.00","4","19","766.16","4","6","11","0.0380","0.1272","0.1400","0.0300","0.00","0.20","1","2","0.40","0.10"
"490","40001000000003880310","fraud_Kilback LLC","home","187.83","41.8781","-87.6298","2746000","1704313800","2024-01-03 20:30:00","0","5","12","939.15","7","9","1314.81","5","1","14","0.0400","0.1421","0.1500","0.0800","0.10","0.30","2","3","0.00","0.20"
"491","40001000000003888229","fraud_Ruecker Group","health_fitness","188.37","29.7604","-95.3698","2328000","1704314340","2024-01-03 20:39:00","0","6","14","1133.36","2","9","380.99","6","3","17","0.0420","0.1570","0.1600","0.1300","0.20","0.00","3","1","0.10","0.30"
"492","40001000000003896148","fraud_Stokes and Sons","home","188.91","39.9526","-75.1652","1600000","1704314880","2024-01-03 20:48:00","0","7","16","1328.65","5","17","953.05","1","5","2","0.0440","0.1719","0.1700","0.1800","0.00","0.10","1","2","0.20","0.40"
"493","40001000000003904067","fraud_Bahringer Group","health_fitness","189.45","33.4484","-112.0740","1625000","1704315420","2024-01-03 20:57:00","1","8","18","1525.02","8","25","1528.35","2","7","5","0.0460","0.1868","0.1800","0.2300","0.10","0.20","2","3","0.30","0.00"
"494","40001000000003911986","fraud_Haley Ltd","home","187.78","32.7767","-96.7970","1304000","1704315960","2024-01-03 21:06:00","0","9","20","1702.58","3","7","580.34","3","2","8","0.0480","0.2017","0.1900","0.2800","0.20","0.30","3","1","0.40","0.10"
"495","40001000000003919905","fraud_McDermott PLC","grocery_pos","188.32","47.6062","-122.3321","737000","1704316500","2024-01-03 21:15:00","0","1","13","204.02","6","15","1129.92","4","4","11","0.0500","0.2166","0.2000","0.3300","0.00","0.00","1","2","0.00","0.20"
"496","40001000000003927824","fraud_Lynch-Wisozk","personal_care","188.86","40.7128","-74.0060","8419000","1704317040","2024-01-03 21:24:00","0","2","15","396.56","1","15","193.11","5","6","14","0.0520","0.0421","0.2100","0.3800","0.10","0.10","2","3","0.10","0.30"
"497","40001000000003935743","fraud_Huels-Nolan","grocery_pos","189.40","34.0522","-118.2437","3980000","1704317580","2024-01-03 21:33:00","0","3","17","568.20","4","5","766.10","6","1","17","0.0540","0.0570","0.2200","0.4300","0.20","0.20","3","1","0.20","0.40"
"498","40001000000003943662","fraud_Schmeler Inc","personal_care","189.94","41.8781","-87.6298","2746000","1704318120","2024-01-03 21:42:00","0","4","19","762.90","7","13","1342.33","1","3","2","0.0560","0.0719","0.2300","0.4800","0.00","0.30","1","2","0.30","0.00"
"499","40001000000003951581","fraud_Heathcote LLC","grocery_pos","190.48","29.7604","-95.3698","2328000","1704318660","2024-01-03 21:51:00","0","5","21","958.68","2","13","397.96","2","5","5","0.0580","0.0868","0.2400","0.0600","0.10","0.00","2","3","0.40","0.10"
"500","40001000000003959500","fraud_Kilback LLC","personal_care","191.02","39.9526","-75.1652","1600000","1704319200","2024-01-03 22:00:00","0","6","23","1155.54","5","21","955.10","3","7","8","0.0600","0.1017","0.2500","0.1100","0.20","0.10","3","1","0.00","0.20"
"501","40001000000003967419","fraud_Ruecker Group","grocery_pos","191.56","33.4484","-112.0740","1625000","1704319740","2024-01-03 22:09:00","0","7","25","1353.48","8","11","1536.73","4","2","11","0.0620","0.1166","0.2600","0.1600","0.00","0.20","1","2","0.10","0.30"
"502","40001000000003975338","fraud_Stokes and Sons","personal_care","192.10","32.7767","-96.7970","1304000","1704320280","2024-01-03 22:18:00","0","8","27","1552.50","3","11","584.80","5","4","14","0.0640","0.1315","0.2700","0.2100","0.10","0.30","2","3","0.20","0.40"
"503","40001000000003983257","fraud_Bahringer Group","grocery_pos","192.64","47.6062","-122.3321","737000","1704320820","2024-01-03 22:27:00","0","9","29","1752.60","6","19","1168.59","6","6","17","0.0660","0.1464","0.2800","0.2600","0.20","0.00","3","1","0.30","0.00"
"504","40001000000003991176","fraud_Haley Ltd","personal_care","193.18","40.7128","-74.0060","8419000","1704321360","2024-01-03 22:36:00","0","1","1","193.18","1","1","210.18","1","1","2","0.0680","0.1613","0.2900","0.3100","0.00","0.10","1","2","0.40","0.10"
"505","40001000000003999095","fraud_McDermott PLC","grocery_pos","193.72","34.0522","-118.2437","3980000","1704321900","2024-01-03 22:45:00","0","2","3","390.58","4","9","774.88","2","3","5","0.0700","0.1762","0.3000","0.3600","0.10","0.20","2","3","0.00","0.20"
"506","40001000000004007014","fraud_Lynch-Wisozk","misc_net","194.26","41.8781","-87.6298","2746000","1704322440","2024-01-03 22:54:00","0","3","5","589.06","7","17","1364.07","3","5","8","0.0720","0.1911","0.3100","0.4100","0.20","0.30","3","1","0.10","0.30"
"507","40001000000004014933","fraud_Huels-Nolan","shopping_net","192.59","29.7604","-95.3698","2328000","1704322980","2024-01-03 23:03:00","0","4","7","779.78","2","17","393.68","4","7","11","0.0740","0.2060","0.3200","0.4600","0.00","0.00","1","2","0.20","0.40"
"508","40001000000004022852","fraud_Schmeler Inc","misc_net","193.13","39.9526","-75.1652","1600000","1704323520","2024-01-03 23:12:00","0","5","9","978.21","5","7","978.40","5","2","14","0.0760","0.2209","0.3300","0.0400","0.10","0.10","2","3","0.30","0.00"
"509","40001000000004030771","fraud_Heathcote LLC","shopping_net","193.67","33.4484","-112.0740","1625000","1704324060","2024-01-03 23:21:00","0","6","11","1177.72","8","15","1566.36","6","4","17","0.0780","0.0464","0.3400","0.0900","0.20","0.20","3","1","0.40","0.10"
"510","40001000000004038690","fraud_Kilback LLC","misc_net","194.21","32.7767","-96.7970","1304000","1704324600","2024-01-03 23:30:00","1","7","13","1378.31","3","15","582.63","1","6","2","0.0800","0.0613","0.3500","0.1400","0.00","0.30","1","2","0.00","0.20"
"511","40001000000004046609","fraud_Ruecker Group","shopping_net","194.75","47.6062","-122.3321","737000","1704325140","2024-01-03 23:39:00","0","8","15","1558.00","6","23","1172.75","2","1","5","0.0820","0.0762","0.3600","0.1900","0.10","0.00","2","3","0.10","0.30"
"512","40001000000004054528","fraud_Stokes and Sons","misc_net","195.29","40.7128","-74.0060","8419000","1704325680","2024-01-03 23:48:00","0","9","17","1760.75","1","5","203.79","3","3","8","0.0840","0.0911","0.3700","0.2400","0.20","0.10","3","1","0.20","0.40"
"513","40001000000004062447","fraud_Bahringer Group","shopping_net","195.83","34.0522","-118.2437","3980000","1704326220","2024-01-03 23:57:00","0","1","10","202.11","4","13","796.07","4","5","11","0.0860","0.1060","0.3800","0.2900","0.00","0.20","1","2","0.30","0.00"
"514","40001000000004070366","fraud_Haley Ltd","misc_net","196.37","41.8781","-87.6298","2746000","1704326760","2024-01-04 00:06:00","0","2","12","402.16","7","21","1391.59","5","7","14","0.0880","0.1209","0.3900","0.3400","0.10","0.30","2","3","0.40","0.10"
"515","40001000000004078285","fraud_McDermott PLC","shopping_net","196.91","29.7604","-95.3698","2328000","1704327300","2024-01-04 00:15:00","0","3","14","603.29","2","3","393.82","6","2","17","0.0900","0.1357","0.4000","0.3900","0.20","0.00","3","1","0.00","0.20"
"516","40001000000004086204","fraud_Lynch-Wisozk","misc_net","197.45","39.9526","-75.1652","1600000","1704327840","2024-01-04 00:24:00","0","4","16","805.50","5","11","991.50","1","4","2","0.0920","0.1506","0.4100","0.4400","0.00","0.10","1","2","0.10","0.30"
"517","40001000000004094123","fraud_Huels-Nolan","gas_transport","197.99","33.4484","-112.0740","1625000","1704328380","2024-01-04 00:33:00","0","5","18","1008.79","8","19","1592.42","2","6","5","0.0940","0.1655","0.4200","0.0200","0.10","0.20","2","3","0.20","0.40"
"518","40001000000004102042","fraud_Schmeler Inc","food_dining","198.53","32.7767","-96.7970","1304000","1704328920","2024-01-04 00:42:00","0","6","20","1191.18","3","19","608.34","3","1","8","0.0960","0.1804","0.4300","0.0700","0.20","0.30","3","1","0.30","0.00"
"519","40001000000004109961","fraud_Heathcote LLC","gas_transport","199.07","47.6062","-122.3321","737000","1704329460","2024-01-04 00:51:00","0","7","22","1396.63","6","9","1211.42","4","3","11","0.0980","0.1953","0.4400","0.1200","0.00","0.00","1","2","0.40","0.10"
"520","40001000000004117880","fraud_Kilback LLC","food_dining","197.40","40.7128","-74.0060","8419000","1704330000","2024-01-04 01:00:00","0","8","24","1585.48","1","9","197.40","5","5","14","0.1000","0.2102","0.4500","0.1700","0.10","0.10","2","3","0.00","0.20"
"521","40001000000004125799","fraud_Ruecker Group","gas_transport","197.94","34.0522","-118.2437","3980000","1704330540","2024-01-04 01:09:00","0","9","26","1790.88","4","17","796.01","6","7","17","0.1020","0.2251","0.4600","0.2200","0.20","0.20","3","1","0.10","0.30"
"522","40001000000004133718","fraud_Stokes and Sons","food_dining","198.48","41.8781","-87.6298","2746000","1704331080","2024-01-04 01:18:00","0","1","19","211.04","7","7","1397.86","1","2","2","0.1040","0.0506","0.4700","0.2700","0.00","0.30","1","2","0.20","0.40"
"523","40001000000004141637","fraud_Bahringer Group","gas_transport","199.02","29.7604","-95.3698","2328000","1704331620","2024-01-04 01:27:00","0","2","21","413.74","2","7","410.79","2","4","5","0.1060","0.0655","0.4800","0.3200","0.10","0.00","2","3","0.30","0.00"
"524","40001000000004149556","fraud_Haley Ltd","food_dining","199.56","39.9526","-75.1652","1600000","1704332160","2024-01-04 01:36:00","0","3","23","617.52","5","15","1014.80","3","6","8","0.1080","0.0804","0.4900","0.3700","0.20","0.10","3","1","0.40","0.10"
"525","40001000000004157475","fraud_McDermott PLC","gas_transport","200.10","33.4484","-112.0740","1625000","1704332700","2024-01-04 01:45:00","0","4","4","800.40","8","23","1600.80","4","1","11","0.1100","0.0953","0.5000","0.4200","0.00","0.20","1","2","0.00","0.20"
"526","40001000000004165394","fraud_Lynch-Wisozk","food_dining","200.64","32.7767","-96.7970","1304000","1704333240","2024-01-04 01:54:00","0","5","6","1006.34","3","5","606.17","5","3","14","0.1120","0.1102","0.5100","0.4700","0.10","0.30","2","3","0.10","0.30"
"527","40001000000004173313","fraud_Huels-Nolan","gas_transport","201.18","47.6062","-122.3321","737000","1704333780","2024-01-04 02:03:00","1","6","8","1213.36","6","13","1215.58","6","5","17","0.1140","0.1251","0.5200","0.0500","0.20","0.00","3","1","0.20","0.40"
"528","40001000000004181232","fraud_Schmeler Inc","travel","201.72","40.7128","-74.0060","8419000","1704334320","2024-01-04 02:12:00","0","7","10","1421.46","1","13","214.47","1","7","2","0.1160","0.1400","0.5300","0.1000","0.00","0.10","1","2","0.30","0.00"
"529","40001000000004189151","fraud_Heathcote LLC","entertainment","202.26","34.0522","-118.2437","3980000","1704334860","2024-01-04 02:21:00","0","8","12","1630.64","4","21","826.04","2","2","5","0.1180","0.1549","0.5400","0.1500","0.10","0.20","2","3","0.40","0.10"
"530","40001000000004197070","fraud_Kilback LLC","travel","202.80","41.8781","-87.6298","2746000","1704335400","2024-01-04 02:30:00","0","9","14","1840.90","7","11","1419.60","3","4","8","0.1200","0.1698","0.0200","0.2000","0.20","0.30","3","1","0.00","0.20"
"531","40001000000004204989","fraud_Ruecker Group","entertainment","203.34","29.7604","-95.3698","2328000","1704335940","2024-01-04 02:39:00","0","1","7","222.18","2","11","410.93","4","6","11","0.1220","0.1847","0.0300","0.2500","0.00","0.00","1","2","0.10","0.30"
"532","40001000000004212908","fraud_Stokes and Sons","travel","203.88","39.9526","-75.1652","1600000","1704336480","2024-01-04 02:48:00","0","2","9","407.76","5","19","1027.90","5","1","14","0.1240","0.1996","0.0400","0.3000","0.10","0.10","2","3","0.20","0.40"
"533","40001000000004220827","fraud_Bahringer Group","entertainment","202.21","33.4484","-112.0740","1625000","1704337020","2024-01-04 02:57:00","0","3","11","609.77","8","9","1630.43","6","3","17","0.1260","0.2145","0.0500","0.3500","0.20","0.20","3","1","0.30","0.00"
"534","40001000000004228746","fraud_Haley Ltd","travel","202.75","32.7767","-96.7970","1304000","1704337560","2024-01-04 03:06:00","0","4","13","817.28","3","9","625.25","1","5","2","0.1280","0.0400","0.0600","0.4000","0.00","0.30","1","2","0.40","0.10"
"535","40001000000004236665","fraud_McDermott PLC","entertainment","203.29","47.6062","-122.3321","737000","1704338100","2024-01-04 03:15:00","0","5","15","1025.87","6","17","1219.74","2","7","5","0.1300","0.0549","0.0700","0.4500","0.10","0.00","2","3","0.00","0.20"
"536","40001000000004244584","fraud_Lynch-Wisozk","travel","203.83","40.7128","-74.0060","8419000","1704338640","2024-01-04 03:24:00","0","6","17","1235.54","1","17","208.08","3","2","8","0.1320","0.0698","0.0800","0.0300","0.20","0.10","3","1","0.10","0.30"
"537","40001000000004252503","fraud_Huels-Nolan","entertainment","204.37","34.0522","-118.2437","3980000","1704339180","2024-01-04 03:33:00","0","7","19","1446.29","4","7","825.98","4","4","11","0.1340","0.0847","0.0900","0.0800","0.00","0.20","1","2","0.20","0.40"
"538","40001000000004260422","fraud_Schmeler Inc","travel","204.91","41.8781","-87.6298","2746000","1704339720","2024-01-04 03:42:00","0","8","21","1658.12","7","15","1447.12","5","6","14","0.1360","0.0996","0.1000","0.1300","0.10","0.30","2","3","0.30","0.00"
"539","40001000000004268341","fraud_Heathcote LLC","home","205.45","29.7604","-95.3698","2328000","1704340260","2024-01-04 03:51:00","0","9","23","1849.05","2","15","427.90","6","1","17","0.1380","0.1145","0.1100","0.1800","0.20","0.00","3","1","0.40","0.10"
"540","40001000000004276260","fraud_Kilback LLC","health_fitness","205.99","39.9526","-75.1652","1600000","1704340800","2024-01-04 04:00:00","0","1","16","209.13","5","5","1029.95","1","3","2","0.1400","0.1294","0.1200","0.2300","0.00","0.10","1","2","0.00","0.20"
"541","40001000000004284179","fraud_Ruecker Group","home","206.53","33.4484","-112.0740","1625000","1704341340","2024-01-04 04:09:00","0","2","18","419.34","8","13","1656.49","2","5","5","0.1420","0.1443","0.1300","0.2800","0.10","0.20","2","3","0.10","0.30"
"542","40001000000004292098","fraud_Stokes and Sons","health_fitness","207.07","32.7767","-96.7970","1304000","1704341880","2024-01-04 04:18:00","0","3","20","630.63","3","13","629.71","3","7","8","0.1440","0.1591","0.1400","0.3300","0.20","0.30","3","1","0.20","0.40"
"543","40001000000004300017","fraud_Bahringer Group","home","207.61","47.6062","-122.3321","737000","1704342420","2024-01-04 04:27:00","0","4","22","843.00","6","21","1258.41","4","2","11","0.1460","0.1740","0.1500","0.3800","0.00","0.00","1","2","0.30","0.00"
"544","40001000000004307936","fraud_Haley Ltd","health_fitness","208.15","40.7128","-74.0060","8419000","1704342960","2024-01-04 04:36:00","1","5","24","1056.45","1","3","225.15","5","4","14","0.1480","0.1889","0.1600","0.4300","0.10","0.10","2","3","0.40","0.10"
"545","40001000000004315855","fraud_McDermott PLC","home","208.69","34.0522","-118.2437","3980000","1704343500","2024-01-04 04:45:00","0","6","26","1270.98","4","11","834.76","6","6","17","0.1500","0.2038","0.1700","0.4800","0.20","0.20","3","1","0.00","0.20"
"546","40001000000004323774","fraud_Lynch-Wisozk","health_fitness","207.02","41.8781","-87.6298","2746000","1704344040","2024-01-04 04:54:00","0","7","7","1449.14","7","19","1453.39","1","1","2","0.1520","0.2187","0.1800","0.0600","0.00","0.30","1","2","0.10","0.30"
"547","40001000000004331693","fraud_Huels-Nolan","home","207.56","29.7604","-95.3698","2328000","1704344580","2024-01-04 05:03:00","0","8","9","1663.62","2","19","423.62","2","3","5","0.1540","0.0443","0.1900","0.1100","0.10","0.00","2","3","0.20","0.40"
"548","40001000000004339612","fraud_Schmeler Inc","health_fitness","208.10","39.9526","-75.1652","1600000","1704345120","2024-01-04 05:12:00","0","9","11","1879.18","5","9","1053.25","3","5","8","0.1560","0.0591","0.2000","0.1600","0.20","0.10","3","1","0.30","0.00"
"549","40001000000004347531","fraud_Heathcote LLC","home","208.64","33.4484","-112.0740","1625000","1704345660","2024-01-04 05:21:00","0","1","4","218.06","8","17","1686.12","4","7","11","0.1580","0.0740","0.2100","0.2100","0.00","0.20","1","2","0.40","0.10"
"550","40001000000004355450","fraud_Kilback LLC","grocery_pos","209.18","32.7767","-96.7970","1304000","1704346200","2024-01-04 05:30:00","0","2","6","430.92","3","17","627.54","5","2","14","0.1600","0.0889","0.2200","0.2600","0.10","0.30","2","3","0.00","0.20"
"551","40001000000004363369","fraud_Ruecker Group","personal_care","209.72","47.6062","-122.3321","737000","1704346740","2024-01-04 05:39:00","0","3","8","644.86","6","7","1262.57","6","4","17","0.1620","0.1038","0.2300","0.3100","0.20","0.00","3","1","0.10","0.30"
"552","40001000000004371288","fraud_Stokes and Sons","grocery_pos","210.26","40.7128","-74.0060","8419000","1704347280","2024-01-04 05:48:00","0","4","10","859.88","1","7","218.76","1","6","2","0.1640","0.1187","0.2400","0.3600","0.00","0.10","1","2","0.20","0.40"
"553","40001000000004379207","fraud_Bahringer Group","personal_care","210.80","34.0522","-118.2437","3980000","1704347820","2024-01-04 05:57:00","0","5","12","1054.00","4","15","855.95","2","1","5","0.1660","0.1336","0.2500","0.4100","0.10","0.20","2","3","0.30","0.00"
"554","40001000000004387126","fraud_Haley Ltd","grocery_pos","211.34","41.8781","-87.6298","2746000","1704348360","2024-01-04 06:06:00","0","6","14","1271.18","7","23","1496.38","3","3","8","0.1680","0.1485","0.2600","0.4600","0.20","0.30","3","1","0.40","0.10"
"555","40001000000004395045","fraud_McDermott PLC","personal_care","211.88","29.7604","-95.3698","2328000","1704348900","2024-01-04 06:15:00","0","7","16","1489.44","2","5","423.76","4","5","11","0.1700","0.1634","0.2700","0.0400","0.00","0.00","1","2","0.00","0.20"
"556","40001000000004402964","fraud_Lynch-Wisozk","grocery_pos","212.42","39.9526","-75.1652","1600000","1704349440","2024-01-04 06:24:00","0","8","18","1708.78","5","13","1066.35","5","7","14","0.1720","0.1783","0.2800","0.0900","0.10","0.10","2","3","0.10","0.30"
"557","40001000000004410883","fraud_Huels-Nolan","personal_care","212.96","33.4484","-112.0740","1625000","1704349980","2024-01-04 06:33:00","0","9","20","1929.20","8","21","1712.18","6","2","17","0.1740","0.1932","0.2900","0.1400","0.20","0.20","3","1","0.20","0.40"
"558","40001000000004418802","fraud_Schmeler Inc","grocery_pos","213.50","32.7767","-96.7970","1304000","1704350520","2024-01-04 06:42:00","0","1","13","229.20","3","3","653.25","1","4","2","0.1760","0.2081","0.3000","0.1900","0.00","0.30","1","2","0.30","0.00"
"559","40001000000004426721","fraud_Heathcote LLC","personal_care","211.83","47.6062","-122.3321","737000","1704351060","2024-01-04 06:51:00","0","2","15","442.50","6","11","1287.98","2","6","5","0.1780","0.2230","0.3100","0.2400","0.10","0.00","2","3","0.40","0.10"
"560","40001000000004434640","fraud_Kilback LLC","grocery_pos","212.37","40.7128","-74.0060","8419000","1704351600","2024-01-04 07:00:00","0","3","17","637.11","1","11","212.37","3","1","8","0.1800","0.0485","0.3200","0.2900","0.20","0.10","3","1","0.00","0.20"
"561","40001000000004442559","fraud_Ruecker Group","misc_net","212.91","34.0522","-118.2437","3980000","1704352140","2024-01-04 07:09:00","1","4","19","854.78","4","19","855.89","4","3","11","0.1820","0.0634","0.3300","0.3400","0.00","0.20","1","2","0.10","0.30"
"562","40001000000004450478","fraud_Stokes and Sons","shopping_net","213.45","41.8781","-87.6298","2746000","1704352680","2024-01-04 07:18:00","0","5","21","1073.53","7","9","1502.65","5","5","14","0.1840","0.0783","0.3400","0.3900","0.10","0.30","2","3","0.20","0.40"
"563","40001000000004458397","fraud_Bahringer Group","misc_net","213.99","29.7604","-95.3698","2328000","1704353220","2024-01-04 07:27:00","0","6","23","1293.36","2","9","440.73","6","7","17","0.1860","0.0932","0.3500","0.4400","0.20","0.00","3","1","0.30","0.00"
"564","40001000000004466316","fraud_Haley Ltd","shopping_net","214.53","39.9526","-75.1652","1600000","1704353760","2024-01-04 07:36:00","0","7","25","1514.27","5","17","1089.65","1","2","2","0.1880","0.1081","0.3600","0.0200","0.00","0.10","1","2","0.40","0.10"
"565","40001000000004474235","fraud_McDermott PLC","misc_net","215.07","33.4484","-112.0740","1625000","1704354300","2024-01-04 07:45:00","0","8","27","1736.26","8","25","1720.56","2","4","5","0.1900","0.1230","0.3700","0.0700","0.10","0.20","2","3","0.00","0.20"
"566","40001000000004482154","fraud_Lynch-Wisozk","shopping_net","215.61","32.7767","-96.7970","1304000","1704354840","2024-01-04 07:54:00","0","9","29","1959.33","3","7","651.08","3","6","8","0.1920","0.1379","0.3800","0.1200","0.20","0.30","3","1","0.10","0.30"
"567","40001000000004490073","fraud_Huels-Nolan","misc_net","216.15","47.6062","-122.3321","737000","1704355380","2024-01-04 08:03:00","0","1","1","216.15","6","15","1305.40","4","1","11","0.1940","0.1528","0.3900","0.1700","0.00","0.00","1","2","0.20","0.40"
"568","40001000000004497992","fraud_Schmeler Inc","shopping_net","216.69","40.7128","-74.0060","8419000","1704355920","2024-01-04 08:12:00","0","2","3","436.52","1","15","229.44","5","3","14","0.1960","0.1677","0.4000","0.2200","0.10","0.10","2","3","0.30","0.00"
"569","40001000000004505911","fraud_Heathcote LLC","misc_net","217.23","34.0522","-118.2437","3980000","1704356460","2024-01-04 08:21:00","0","3","5","657.97","4","5","885.92","6","5","17","0.1980","0.1826","0.4100","0.2700","0.20","0.20","3","1","0.40","0.10"
"570","40001000000004513830","fraud_Kilback LLC","shopping_net","217.77","41.8781","-87.6298","2746000","1704357000","2024-01-04 08:30:00","0","4","7","880.50","7","13","1524.39","1","7","2","0.2000","0.1974","0.4200","0.3200","0.00","0.30","1","2","0.00","0.20"
"571","40001000000004521749","fraud_Ruecker Group","misc_net","218.31","29.7604","-95.3698","2328000","1704357540","2024-01-04 08:39:00","0","5","9","1104.11","2","13","440.87","2","2","5","0.2020","0.2123","0.4300","0.3700","0.10","0.00","2","3","0.10","0.30"
"572","40001000000004529668","fraud_Stokes and Sons","gas_transport","216.64","39.9526","-75.1652","1600000","1704358080","2024-01-04 08:48:00","0","6","11","1315.54","5","21","1091.70","3","4","8","0.2040","0.2272","0.4400","0.4200","0.20","0.10","3","1","0.20","0.40"
"573","40001000000004537587","fraud_Bahringer Group","food_dining","217.18","33.4484","-112.0740","1625000","1704358620","2024-01-04 08:57:00","0","7","13","1539.10","8","11","1750.19","4","6","11","0.2060","0.0528","0.4500","0.4700","0.00","0.20","1","2","0.30","0.00"
"574","40001000000004545506","fraud_Haley Ltd","gas_transport","217.72","32.7767","-96.7970","1304000","1704359160","2024-01-04 09:06:00","0","8","15","1741.76","3","11","670.16","5","1","14","0.2080","0.0677","0.4600","0.0500","0.10","0.30","2","3","0.40","0.10"
"575","40001000000004553425","fraud_McDermott PLC","food_dining","218.26","47.6062","-122.3321","737000","1704359700","2024-01-04 09:15:00","0","9","17","1967.48","6","19","1309.56","6","3","17","0.2100","0.0826","0.4700","0.1000","0.20","0.00","3","1","0.00","0.20"
"576","40001000000004561344","fraud_Lynch-Wisozk","gas_transport","218.80","40.7128","-74.0060","8419000","1704360240","2024-01-04 09:24:00","0","1","10","225.08","1","1","223.05","1","5","2","0.2120","0.0974","0.4800","0.1500","0.00","0.10","1","2","0.10","0.30"
"577","40001000000004569263","fraud_Huels-Nolan","food_dining","219.34","34.0522","-118.2437","3980000","1704360780","2024-01-04 09:33:00","0","2","12","448.10","4","9","885.86","2","7","5","0.2140","0.1123","0.4900","0.2000","0.10","0.20","2","3","0.20","0.40"
"578","40001000000004577182","fraud_Schmeler Inc","gas_transport","219.88","41.8781","-87.6298","2746000","1704361320","2024-01-04 09:42:00","1","3","14","672.20","7","17","1551.91","3","2","8","0.2160","0.1272","0.5000","0.2500","0.20","0.30","3","1","0.30","0.00"
"579","40001000000004585101","fraud_Heathcote LLC","food_dining","220.42","29.7604","-95.3698","2328000","1704361860","2024-01-04 09:51:00","0","4","16","897.38","2","17","457.84","4","4","11","0.2180","0.1421","0.5100","0.3000","0.00","0.00","1","2","0.40","0.10"
"580","40001000000004593020","fraud_Kilback LLC","gas_transport","220.96","39.9526","-75.1652","1600000","1704362400","2024-01-04 10:00:00","0","5","18","1123.64","5","7","1104.80","5","6","14","0.2200","0.1570","0.5200","0.3500","0.10","0.10","2","3","0.00","0.20"
"581","40001000000004600939","fraud_Ruecker Group","food_dining","221.50","33.4484","-112.0740","1625000","1704362940","2024-01-04 10:09:00","0","6","20","1329.00","8","15","1776.25","6","1","17","0.2220","0.1719","0.5300","0.4000","0.20","0.20","3","1","0.10","0.30"
"582","40001000000004608858","fraud_Stokes and Sons","gas_transport","222.04","32.7767","-96.7970","1304000","1704363480","2024-01-04 10:18:00","0","7","22","1557.42","3","15","674.62","1","3","2","0.0300","0.1868","0.5400","0.4500","0.00","0.30","1","2","0.20","0.40"
"583","40001000000004616777","fraud_Bahringer Group","travel","222.58","47.6062","-122.3321","737000","1704364020","2024-01-04 10:27:00","0","8","24","1786.92","6","23","1348.23","2","5","5","0.0320","0.2017","0.0200","0.0300","0.10","0.00","2","3","0.30","0.00"
"584","40001000000004624696","fraud_Haley Ltd","entertainment","223.12","40.7128","-74.0060","8419000","1704364560","2024-01-04 10:36:00","0","9","26","2017.50","1","5","240.12","3","7","8","0.0340","0.2166","0.0300","0.0800","0.20","0.10","3","1","0.40","0.10"
"585","40001000000004632615","fraud_McDermott PLC","travel","221.45","34.0522","-118.2437","3980000","1704365100","2024-01-04 10:45:00","0","1","19","234.01","4","13","885.80","4","2","11","0.0360","0.0421","0.0400","0.1300","0.00","0.20","1","2","0.00","0.20"
"586","40001000000004640534","fraud_Lynch-Wisozk","entertainment","221.99","41.8781","-87.6298","2746000","1704365640","2024-01-04 10:54:00","0","2","21","459.68","7","21","1558.18","5","4","14","0.0380","0.0570","0.0500","0.1800","0.10","0.30","2","3","0.10","0.30"
"587","40001000000004648453","fraud_Huels-Nolan","travel","222.53","29.7604","-95.3698","2328000","1704366180","2024-01-04 11:03:00","0","3","23","686.43","2","3","453.56","6","6","17","0.0400","0.0719","0.0600","0.2300","0.20","0.00","3","1","0.20","0.40"
"588","40001000000004656372","fraud_Schmeler Inc","entertainment","223.07","39.9526","-75.1652","1600000","1704366720","2024-01-04 11:12:00","0","4","4","892.28","5","11","1128.10","1","1","2","0.0420","0.0868","0.0700","0.2800","0.00","0.10","1","2","0.30","0.00"
"589","40001000000004664291","fraud_Heathcote LLC","travel","223.61","33.4484","-112.0740","1625000","1704367260","2024-01-04 11:21:00","0","5","6","1121.19","8","19","1805.88","2","3","5","0.0440","0.1017","0.0800","0.3300","0.10","0.20","2","3","0.40","0.10"
"590","40001000000004672210","fraud_Kilback LLC","entertainment","224.15","32.7767","-96.7970","1304000","1704367800","2024-01-04 11:30:00","0","6","8","1351.18","3","19","672.45","3","5","8","0.0460","0.1166","0.0900","0.3800","0.20","0.30","3","1","0.00","0.20"
"591","40001000000004680129","fraud_Ruecker Group","travel","224.69","47.6062","-122.3321","737000","1704368340","2024-01-04 11:39:00","0","7","10","1582.25","6","9","1352.39","4","7","11","0.0480","0.1315","0.1000","0.4300","0.00","0.00","1","2","0.10","0.30"
"592","40001000000004688048","fraud_Stokes and Sons","entertainment","225.23","40.7128","-74.0060","8419000","1704368880","2024-01-04 11:48:00","0","8","12","1814.40","1","9","233.73","5","2","14","0.0500","0.1464","0.1100","0.4800","0.10","0.10","2","3","0.20","0.40"
"593","40001000000004695967","fraud_Bahringer Group","travel","225.77","34.0522","-118.2437","3980000","1704369420","2024-01-04 11:57:00","0","9","14","2047.63","4","17","915.83","6","4","17","0.0520","0.1613","0.1200","0.0600","0.20","0.20","3","1","0.30","0.00"
"594","40001000000004703886","fraud_Haley Ltd","home","226.31","41.8781","-87.6298","2746000","1704369960","2024-01-04 12:06:00","0","1","7","245.15","7","7","1601.17","1","6","2","0.0540","0.1762","0.1300","0.1100","0.00","0.30","1","2","0.40","0.10"
"595","40001000000004711805","fraud_McDermott PLC","health_fitness","226.85","29.7604","-95.3698","2328000","1704370500","2024-01-04 12:15:00","1","2","9","453.70","2","7","453.70","2","1","5","0.0560","0.1911","0.1400","0.1600","0.10","0.00","2","3","0.00","0.20"
"596","40001000000004719724","fraud_Lynch-Wisozk","home","227.39","39.9526","-75.1652","1600000","1704371040","2024-01-04 12:24:00","0","3","11","685.31","5","15","1141.20","3","3","8","0.0580","0.2060","0.1500","0.2100","0.20","0.10","3","1","0.10","0.30"
"597","40001000000004727643","fraud_Huels-Nolan","health_fitness","227.93","33.4484","-112.0740","1625000","1704371580","2024-01-04 12:33:00","0","4","13","918.00","8","23","1831.94","4","5","11","0.0600","0.2209","0.1600","0.2600","0.00","0.20","1","2","0.20","0.40"
"598","40001000000004735562","fraud_Schmeler Inc","home","226.26","32.7767","-96.7970","1304000","1704372120","2024-01-04 12:42:00","0","5","15","1140.72","3","5","691.53","5","7","14","0.0620","0.0464","0.1700","0.3100","0.10","0.30","2","3","0.30","0.00"
"599","40001000000004743481","fraud_Heathcote LLC","health_fitness","226.80","47.6062","-122.3321","737000","1704372660","2024-01-04 12:51:00","0","6","17","1373.36","6","13","1377.80","6","2","17","0.0640","0.0613","0.1800","0.3600","0.20","0.00","3","1","0.40","0.10"
"600","40001000000004751400","fraud_Kilback LLC","home","227.34","40.7128","-74.0060","8419000","1704373200","2024-01-04 13:00:00","0","7","19","1607.08","1","13","227.34","1","4","2","0.0660","0.0762","0.1900","0.4100","0.00","0.10","1","2","0.00","0.20"
"601","40001000000004759319","fraud_Ruecker Group","health_fitness","227.88","34.0522","-118.2437","3980000","1704373740","2024-01-04 13:09:00","0","8","21","1841.88","4","21","915.77","2","6","5","0.0680","0.0911","0.2000","0.4600","0.10","0.20","2","3","0.10","0.30"
"602","40001000000004767238","fraud_Stokes and Sons","home","228.42","41.8781","-87.6298","2746000","1704374280","2024-01-04 13:18:00","0","9","23","2055.78","7","11","1607.44","3","1","8","0.0700","0.1060","0.2100","0.0400","0.20","0.30","3","1","0.20","0.40"
"603","40001000000004775157","fraud_Bahringer Group","health_fitness","228.96","29.7604","-95.3698","2328000","1704374820","2024-01-04 13:27:00","0","1","16","232.10","2","11","470.67","4","3","11","0.0720","0.1209","0.2200","0.0900","0.00","0.00","1","2","0.30","0.00"
"604","40001000000004783076","fraud_Haley Ltd","home","229.50","39.9526","-75.1652","1600000","1704375360","2024-01-04 13:36:00","0","2","18","465.28","5","19","1164.50","5","5","14","0.0740","0.1357","0.2300","0.1400","0.10","0.10","2","3","0.40","0.10"
"605","40001000000004790995","fraud_McDermott PLC","grocery_pos","230.04","33.4484","-112.0740","1625000","1704375900","2024-01-04 13:45:00","0","3","20","699.54","8","9","1840.32","6","7","17","0.0760","0.1506","0.2400","0.1900","0.20","0.20","3","1","0.00","0.20"
"606","40001000000004798914","fraud_Lynch-Wisozk","personal_care","230.58","32.7767","-96.7970","1304000","1704376440","2024-01-04 13:54:00","0","4","22","934.88","3","9","695.99","1","2","2","0.0780","0.1655","0.2500","0.2400","0.00","0.30","1","2","0.10","0.30"
"607","40001000000004806833","fraud_Huels-Nolan","grocery_pos","231.12","47.6062","-122.3321","737000","1704376980","2024-01-04 14:03:00","0","5","24","1171.30","6","17","1395.22","2","4","5","0.0800","0.1804","0.2600","0.2900","0.10","0.00","2","3","0.20","0.40"
"608","40001000000004814752","fraud_Schmeler Inc","personal_care","231.66","40.7128","-74.0060","8419000","1704377520","2024-01-04 14:12:00","0","6","26","1408.80","1","17","244.41","3","6","8","0.0820","0.1953","0.2700","0.3400","0.20","0.10","3","1","0.30","0.00"
"609","40001000000004822671","fraud_Heathcote LLC","grocery_pos","232.20","34.0522","-118.2437","3980000","1704378060","2024-01-04 14:21:00","0","7","7","1625.40","4","7","945.80","4","1","11","0.0840","0.2102","0.2800","0.3900","0.00","0.20","1","2","0.40","0.10"
"610","40001000000004830590","fraud_Kilback LLC","personal_care","232.74","41.8781","-87.6298","2746000","1704378600","2024-01-04 14:30:00","0","8","9","1865.06","7","15","1629.18","5","3","14","0.0860","0.2251","0.2900","0.4400","0.10","0.30","2","3","0.00","0.20"
"611","40001000000004838509","fraud_Ruecker Group","grocery_pos","231.07","29.7604","-95.3698","2328000","1704379140","2024-01-04 14:39:00","0","9","11","2085.91","2","15","466.39","6","5","17","0.0880","0.0506","0.3000","0.0200","0.20","0.00","3","1","0.10","0.30"
"612","40001000000004846428","fraud_Stokes and Sons","personal_care","231.61","39.9526","-75.1652","1600000","1704379680","2024-01-04 14:48:00","1","1","4","241.03","5","5","1166.55","1","7","2","0.0900","0.0655","0.3100","0.0700","0.00","0.10","1","2","0.20","0.40"
"613","40001000000004854347","fraud_Bahringer Group","grocery_pos","232.15","33.4484","-112.0740","1625000","1704380220","2024-01-04 14:57:00","0","2","6","476.86","8","13","1869.95","2","2","5","0.0920","0.0804","0.3200","0.1200","0.10","0.20","2","3","0.30","0.00"
"614","40001000000004862266","fraud_Haley Ltd","personal_care","232.69","32.7767","-96.7970","1304000","1704380760","2024-01-04 15:06:00","0","3","8","713.77","3","13","715.07","3","4","8","0.0940","0.0953","0.3300","0.1700","0.20","0.30","3","1","0.40","0.10"
"615","40001000000004870185","fraud_McDermott PLC","grocery_pos","233.23","47.6062","-122.3321","737000","1704381300","2024-01-04 15:15:00","0","4","10","951.76","6","21","1399.38","4","6","11","0.0960","0.1102","0.3400","0.2200","0.00","0.00","1","2","0.00","0.20"
"616","40001000000004878104","fraud_Lynch-Wisozk","misc_net","233.77","40.7128","-74.0060","8419000","1704381840","2024-01-04 15:24:00","0","5","12","1168.85","1","3","238.02","5","1","14","0.0980","0.1251","0.3500","0.2700","0.10","0.10","2","3","0.10","0.30"
"617","40001000000004886023","fraud_Huels-Nolan","shopping_net","234.31","34.0522","-118.2437","3980000","1704382380","2024-01-04 15:33:00","0","6","14","1409.00","4","11","945.74","6","3","17","0.1000","0.1400","0.3600","0.3200","0.20","0.20","3","1","0.20","0.40"
"618","40001000000004893942","fraud_Schmeler Inc","misc_net","234.85","41.8781","-87.6298","2746000","1704382920","2024-01-04 15:42:00","0","7","16","1650.23","7","19","1656.70","1","5","2","0.1020","0.1549","0.3700","0.3700","0.00","0.30","1","2","0.30","0.00"
"619","40001000000004901861","fraud_Heathcote LLC","shopping_net","235.39","29.7604","-95.3698","2328000","1704383460","2024-01-04 15:51:00","0","8","18","1892.54","2","19","487.78","2","7","5","0.1040","0.1698","0.3800","0.4200","0.10","0.00","2","3","0.40","0.10"
"620","40001000000004909780","fraud_Kilback LLC","misc_net","235.93","39.9526","-75.1652","1600000","1704384000","2024-01-04 16:00:00","0","9","20","2135.93","5","9","1179.65","3","2","8","0.1060","0.1847","0.3900","0.4700","0.20","0.10","3","1","0.00","0.20"
"621","40001000000004917699","fraud_Ruecker Group","shopping_net","236.47","33.4484","-112.0740","1625000","1704384540","2024-01-04 16:09:00","0","1","13","252.17","8","17","1896.01","4","4","11","0.1080","0.1996","0.4000","0.0500","0.00","0.20","1","2","0.10","0.30"
"622","40001000000004925618","fraud_Stokes and Sons","misc_net","237.01","32.7767","-96.7970","1304000","1704385080","2024-01-04 16:18:00","0","2","15","492.86","3","17","719.53","5","6","14","0.1100","0.2145","0.4100","0.1000","0.10","0.30","2","3","0.20","0.40"
"623","40001000000004933537","fraud_Bahringer Group","shopping_net","237.55","47.6062","-122.3321","737000","1704385620","2024-01-04 16:27:00","0","3","17","712.65","6","7","1438.05","6","1","17","0.1120","0.0400","0.4200","0.1500","0.20","0.00","3","1","0.30","0.00"
"624","40001000000004941456","fraud_Haley Ltd","misc_net","235.88","40.7128","-74.0060","8419000","1704386160","2024-01-04 16:36:00","0","4","19","946.66","1","7","252.88","1","3","2","0.1140","0.0549","0.4300","0.2000","0.00","0.10","1","2","0.40","0.10"
"625","40001000000004949375","fraud_McDermott PLC","shopping_net","236.42","34.0522","-118.2437","3980000","1704386700","2024-01-04 16:45:00","0","5","21","1188.38","4","15","945.68","2","5","5","0.1160","0.0698","0.4400","0.2500","0.10","0.20","2","3","0.00","0.20"
"626","40001000000004957294","fraud_Lynch-Wisozk","misc_net","236.96","41.8781","-87.6298","2746000","1704387240","2024-01-04 16:54:00","0","6","23","1431.18","7","23","1662.97","3","7","8","0.1180","0.0847","0.4500","0.3000","0.20","0.30","3","1","0.10","0.30"
"627","40001000000004965213","fraud_Huels-Nolan","gas_transport","237.50","29.7604","-95.3698","2328000","1704387780","2024-01-04 17:03:00","0","7","25","1675.06","2","5","483.50","4","2","11","0.1200","0.0996","0.4600","0.3500","0.00","0.00","1","2","0.20","0.40"
"628","40001000000004973132","fraud_Schmeler Inc","food_dining","238.04","39.9526","-75.1652","1600000","1704388320","2024-01-04 17:12:00","0","8","27","1920.02","5","13","1202.95","5","4","14","0.1220","0.1145","0.4700","0.4000","0.10","0.10","2","3","0.30","0.00"
"629","40001000000004981051","fraud_Heathcote LLC","gas_transport","238.58","33.4484","-112.0740","1625000","1704388860","2024-01-04 17:21:00","1","9","29","2166.06","8","21","1925.64","6","6","17","0.1240","0.1294","0.4800","0.4500","0.20","0.20","3","1","0.40","0.10"
"630","40001000000004988970","fraud_Kilback LLC","food_dining","239.12","32.7767","-96.7970","1304000","1704389400","2024-01-04 17:30:00","0","1","1","239.12","3","3","717.36","1","1","2","0.1260","0.1443","0.4900","0.0300","0.00","0.30","1","2","0.00","0.20"
"631","40001000000004996889","fraud_Ruecker Group","gas_transport","239.66","47.6062","-122.3321","737000","1704389940","2024-01-04 17:39:00","0","2","3","482.46","6","11","1442.21","2","3","5","0.1280","0.1591","0.5000","0.0800","0.10","0.00","2","3","0.10","0.30"
"632","40001000000005004808","fraud_Stokes and Sons","food_dining","240.20","40.7128","-74.0060","8419000","1704390480","2024-01-04 17:48:00","0","3","5","726.88","1","11","248.70","3","5","8","0.1300","0.1740","0.5100","0.1300","0.20","0.10","3","1","0.20","0.40"
"633","40001000000005012727","fraud_Bahringer Group","gas_transport","240.74","34.0522","-118.2437","3980000","1704391020","2024-01-04 17:57:00","0","4","7","972.38","4","19","975.71","4","7","11","0.1320","0.1889","0.5200","0.1800","0.00","0.20","1","2","0.30","0.00"
"634","40001000000005020646","fraud_Haley Ltd","food_dining","241.28","41.8781","-87.6298","2746000","1704391560","2024-01-04 18:06:00","0","5","9","1218.96","7","9","1705.96","5","2","14","0.1340","0.2038","0.5300","0.2300","0.10","0.30","2","3","0.40","0.10"
"635","40001000000005028565","fraud_McDermott PLC","gas_transport","241.82","29.7604","-95.3698","2328000","1704392100","2024-01-04 18:15:00","0","6","11","1466.62","2","9","483.64","6","4","17","0.1360","0.2187","0.5400","0.2800","0.20","0.00","3","1","0.00","0.20"
"636","40001000000005036484","fraud_Lynch-Wisozk","food_dining","242.36","39.9526","-75.1652","1600000","1704392640","2024-01-04 18:24:00","0","7","13","1715.36","5","17","1216.05","1","6","2","0.1380","0.0443","0.0200","0.3300","0.00","0.10","1","2","0.10","0.30"
"637","40001000000005044403","fraud_Huels-Nolan","gas_transport","240.69","33.4484","-112.0740","1625000","1704393180","2024-01-04 18:33:00","0","8","15","1925.52","8","25","1934.02","2","1","5","0.1400","0.0591","0.0300","0.3800","0.10","0.20","2","3","0.20","0.40"
"638","40001000000005052322","fraud_Schmeler Inc","travel","241.23","32.7767","-96.7970","1304000","1704393720","2024-01-04 18:42:00","0","9","17","2174.21","3","7","736.44","3","3","8","0.1420","0.0740","0.0400","0.4300","0.20","0.30","3","1","0.30","0.00"
"639","40001000000005060241","fraud_Heathcote LLC","entertainment","241.77","47.6062","-122.3321","737000","1704394260","2024-01-04 18:51:00","0","1","10","248.05","6","15","1467.62","4","5","11","0.1440","0.0889","0.0500","0.4800","0.00","0.00","1","2","0.40","0.10"
"640","40001000000005068160","fraud_Kilback LLC","travel","242.31","40.7128","-74.0060","8419000","1704394800","2024-01-04 19:00:00","0","2","12","494.04","1","15","242.31","5","7","14","0.1460","0.1038","0.0600","0.0600","0.10","0.10","2","3","0.00","0.20"
"641","40001000000005076079","fraud_Ruecker Group","entertainment","242.85","34.0522","-118.2437","3980000","1704395340","2024-01-04 19:09:00","0","3","14","741.11","4","5","975.65","6","2","17","0.1480","0.1187","0.0700","0.1100","0.20","0.20","3","1","0.10","0.30"
"642","40001000000005083998","fraud_Stokes and Sons","travel","243.39","41.8781","-87.6298","2746000","1704395880","2024-01-04 19:18:00","0","4","16","989.26","7","13","1712.23","1","4","2","0.1500","0.1336","0.0800","0.1600","0.00","0.30","1","2","0.20","0.40"
"643","40001000000005091917","fraud_Bahringer Group","entertainment","243.93","29.7604","-95.3698","2328000","1704396420","2024-01-04 19:27:00","0","5","18","1238.49","2","13","500.61","2","6","5","0.1520","0.1485","0.0900","0.2100","0.10","0.00","2","3","0.30","0.00"
"644","40001000000005099836","fraud_Haley Ltd","travel","244.47","39.9526","-75.1652","1600000","1704396960","2024-01-04 19:36:00","0","6","20","1466.82","5","21","1239.35","3","1","8","0.1540","0.1634","0.1000","0.2600","0.20","0.10","3","1","0.40","0.10"
"645","40001000000005107755","fraud_McDermott PLC","entertainment","245.01","33.4484","-112.0740","1625000","1704397500","2024-01-04 19:45:00","0","7","22","1718.21","8","11","1960.08","4","3","11","0.1560","0.1783","0.1100","0.3100","0.00","0.20","1","2","0.00","0.20"
"646","40001000000005115674","fraud_Lynch-Wisozk","travel","245.55","32.7767","-96.7970","1304000","1704398040","2024-01-04 19:54:00","1","8","24","1970.68","3","11","740.90","5","5","14","0.1580","0.1932","0.1200","0.3600","0.10","0.30","2","3","0.10","0.30"
"647","40001000000005123593","fraud_Huels-Nolan","entertainment","246.09","47.6062","-122.3321","737000","1704398580","2024-01-04 20:03:00","0","9","26","2224.23","6","19","1485.04","6","7","17","0.1600","0.2081","0.1300","0.4100","0.20","0.00","3","1","0.20","0.40"
"648","40001000000005131512","fraud_Schmeler Inc","travel","246.63","40.7128","-74.0060","8419000","1704399120","2024-01-04 20:12:00","0","1","19","259.19","1","1","259.38","1","2","2","0.1620","0.2230","0.1400","0.4600","0.00","0.10","1","2","0.30","0.00"
"649","40001000000005139431","fraud_Heathcote LLC","home","247.17","34.0522","-118.2437","3980000","1704399660","2024-01-04 20:21:00","0","2","21","510.04","4","9","1005.68","2","4","5","0.1640","0.0485","0.1500","0.0400","0.10","0.20","2","3","0.40","0.10"
"650","40001000000005147350","fraud_Kilback LLC","health_fitness","245.50","41.8781","-87.6298","2746000","1704400200","2024-01-04 20:30:00","0","3","23","755.34","7","17","1718.50","3","6","8","0.1660","0.0634","0.1600","0.0900","0.20","0.30","3","1","0.00","0.20"
"651","40001000000005155269","fraud_Ruecker Group","home","246.04","29.7604","-95.3698","2328000","1704400740","2024-01-04 20:39:00","0","4","4","984.16","2","17","496.33","4","1","11","0.1680","0.0783","0.1700","0.1400","0.00","0.00","1","2","0.10","0.30"
"652","40001000000005163188","fraud_Stokes and Sons","health_fitness","246.58","39.9526","-75.1652","1600000","1704401280","2024-01-04 20:48:00","0","5","6","1236.04","5","7","1241.40","5","3","14","0.1700","0.0932","0.1800","0.1900","0.10","0.10","2","3","0.20","0.40"
"653","40001000000005171107","fraud_Bahringer Group","home","247.12","33.4484","-112.0740","1625000","1704401820","2024-01-04 20:57:00","0","6","8","1489.00","8","15","1989.71","6","5","17","0.1720","0.1081","0.1900","0.2400","0.20","0.20","3","1","0.30","0.00"
"654","40001000000005179026","fraud_Haley Ltd","health_fitness","247.66","32.7767","-96.7970","1304000","1704402360","2024-01-04 21:06:00","0","7","10","1743.04","3","15","759.98","1","7","2","0.1740","0.1230","0.2000","0.2900","0.00","0.30","1","2","0.40","0.10"
"655","40001000000005186945","fraud_McDermott PLC","home","248.20","47.6062","-122.3321","737000","1704402900","2024-01-04 21:15:00","0","8","12","1998.16","6","23","1489.20","2","2","5","0.1760","0.1379","0.2100","0.3400","0.10","0.00","2","3","0.00","0.20"
"656","40001000000005194864","fraud_Lynch-Wisozk","health_fitness","248.74","40.7128","-74.0060","8419000","1704403440","2024-01-04 21:24:00","0","9","14","2254.36","1","5","252.99","3","4","8","0.1780","0.1528","0.2200","0.3900","0.20","0.10","3","1","0.10","0.30"
"657","40001000000005202783","fraud_Huels-Nolan","home","249.28","34.0522","-118.2437","3980000","1704403980","2024-01-04 21:33:00","0","1","7","268.12","4","13","1005.62","4","6","11","0.1800","0.1677","0.2300","0.4400","0.00","0.20","1","2","0.20","0.40"
"658","40001000000005210702","fraud_Schmeler Inc","health_fitness","249.82","41.8781","-87.6298","2746000","1704404520","2024-01-04 21:42:00","0","2","9","499.64","7","21","1761.49","5","1","14","0.1820","0.1826","0.2400","0.0200","0.10","0.30","2","3","0.30","0.00"
"659","40001000000005218621","fraud_Heathcote LLC","home","250.36","29.7604","-95.3698","2328000","1704405060","2024-01-04 21:51:00","0","3","11","754.22","2","3","517.72","6","3","17","0.1840","0.1974","0.2500","0.0700","0.20","0.00","3","1","0.40","0.10"
"660","40001000000005226540","fraud_Kilback LLC","grocery_pos","250.90","39.9526","-75.1652","1600000","1704405600","2024-01-04 22:00:00","0","4","13","1009.88","5","11","1254.50","1","5","2","0.1860","0.2123","0.2600","0.1200","0.00","0.10","1","2","0.00","0.20"
"661","40001000000005234459","fraud_Ruecker Group","personal_care","251.44","33.4484","-112.0740","1625000","1704406140","2024-01-04 22:09:00","0","5","15","1266.62","8","19","2015.77","2","7","5","0.1880","0.2272","0.2700","0.1700","0.10","0.20","2","3","0.10","0.30"
"662","40001000000005242378","fraud_Stokes and Sons","grocery_pos","251.98","32.7767","-96.7970","1304000","1704406680","2024-01-04 22:18:00","0","6","17","1524.44","3","19","764.44","3","2","8","0.1900","0.0528","0.2800","0.2200","0.20","0.30","3","1","0.20","0.40"
"663","40001000000005250297","fraud_Bahringer Group","personal_care","250.31","47.6062","-122.3321","737000","1704407220","2024-01-04 22:27:00","1","7","19","1767.87","6","9","1514.61","4","4","11","0.1920","0.0677","0.2900","0.2700","0.00","0.00","1","2","0.30","0.00"
"664","40001000000005258216","fraud_Haley Ltd","grocery_pos","250.85","40.7128","-74.0060","8419000","1704407760","2024-01-04 22:36:00","0","8","21","2025.64","1","9","267.85","5","6","14","0.1940","0.0826","0.3000","0.3200","0.10","0.10","2","3","0.40","0.10"
"665","40001000000005266135","fraud_McDermott PLC","personal_care","251.39","34.0522","-118.2437","3980000","1704408300","2024-01-04 22:45:00","0","9","23","2262.51","4","17","1005.56","6","1","17","0.1960","0.0974","0.3100","0.3700","0.20","0.20","3","1","0.00","0.20"
"666","40001000000005274054","fraud_Lynch-Wisozk","grocery_pos","251.93","41.8781","-87.6298","2746000","1704408840","2024-01-04 22:54:00","0","1","16","255.07","7","7","1767.76","1","3","2","0.1980","0.1123","0.3200","0.4200","0.00","0.30","1","2","0.10","0.30"
"667","40001000000005281973","fraud_Huels-Nolan","personal_care","252.47","29.7604","-95.3698","2328000","1704409380","2024-01-04 23:03:00","0","2","18","511.22","2","7","513.44","2","5","5","0.2000","0.1272","0.3300","0.4700","0.10","0.00","2","3","0.20","0.40"
"668","40001000000005289892","fraud_Schmeler Inc","grocery_pos","253.01","39.9526","-75.1652","1600000","1704409920","2024-01-04 23:12:00","0","3","20","768.45","5","15","1277.80","3","7","8","0.2020","0.1421","0.3400","0.0500","0.20","0.10","3","1","0.30","0.00"
"669","40001000000005297811","fraud_Heathcote LLC","personal_care","253.55","33.4484","-112.0740","1625000","1704410460","2024-01-04 23:21:00","0","4","22","1026.76","8","23","2045.40","4","2","11","0.2040","0.1570","0.3500","0.1000","0.00","0.20","1","2","0.40","0.10"
"670","40001000000005305730","fraud_Kilback LLC","grocery_pos","254.09","32.7767","-96.7970","1304000","1704411000","2024-01-04 23:30:00","0","5","24","1286.15","3","5","762.27","5","4","14","0.2060","0.1719","0.3600","0.1500","0.10","0.30","2","3","0.00","0.20"
"671","40001000000005313649","fraud_Ruecker Group","misc_net","254.63","47.6062","-122.3321","737000","1704411540","2024-01-04 23:39:00","0","6","26","1546.62","6","13","1532.03","6","6","17","0.2080","0.1868","0.3700","0.2000","0.20","0.00","3","1","0.10","0.30"
"672","40001000000005321568","fraud_Stokes and Sons","shopping_net","255.17","40.7128","-74.0060","8419000","1704412080","2024-01-04 23:48:00","0","7","7","1786.19","1","13","263.67","1","1","2","0.2100","0.2017","0.3800","0.2500","0.00","0.10","1","2","0.20","0.40"
"673","40001000000005329487","fraud_Bahringer Group","misc_net","255.71","34.0522","-118.2437","3980000","1704412620","2024-01-04 23:57:00","0","8","9","2048.82","4","21","1035.59","2","3","5","0.2120","0.2166","0.3900","0.3000","0.10","0.20","2","3","0.30","0.00"
"674","40001000000005337406","fraud_Haley Ltd","shopping_net","256.25","41.8781","-87.6298","2746000","1704413160","2024-01-05 00:06:00","0","9","11","2312.53","7","11","1810.75","3","5","8","0.2140","0.0421","0.4000","0.3500","0.20","0.30","3","1","0.40","0.10"
"675","40001000000005345325","fraud_McDermott PLC","misc_net","256.79","29.7604","-95.3698","2328000","1704413700","2024-01-05 00:15:00","0","1","4","266.21","2","11","513.58","4","7","11","0.2160","0.0570","0.4100","0.4000","0.00","0.00","1","2","0.00","0.20"
"676","40001000000005353244","fraud_Lynch-Wisozk","shopping_net","255.12","39.9526","-75.1652","1600000","1704414240","2024-01-05 00:24:00","0","2","6","522.80","5","19","1279.85","5","2","14","0.2180","0.0719","0.4200","0.4500","0.10","0.10","2","3","0.10","0.30"
"677","40001000000005361163","fraud_Huels-Nolan","misc_net","255.66","33.4484","-112.0740","1625000","1704414780","2024-01-05 00:33:00","0","3","8","782.68","8","9","2053.78","6","4","17","0.2200","0.0868","0.4300","0.0300","0.20","0.20","3","1","0.20","0.40"
"678","40001000000005369082","fraud_Schmeler Inc","shopping_net","256.20","32.7767","-96.7970","1304000","1704415320","2024-01-05 00:42:00","0","4","10","1043.64","3","9","781.35","1","6","2","0.2220","0.1017","0.4400","0.0800","0.00","0.30","1","2","0.30","0.00"
"679","40001000000005377001","fraud_Heathcote LLC","misc_net","256.74","47.6062","-122.3321","737000","1704415860","2024-01-05 00:51:00","0","5","12","1283.70","6","17","1557.44","2","1","5","0.0300","0.1166","0.4500","0.1300","0.10","0.00","2","3","0.40","0.10"
"680","40001000000005384920","fraud_Kilback LLC","shopping_net","257.28","40.7128","-74.0060","8419000","1704416400","2024-01-05 01:00:00","1","6","14","1546.82","1","17","257.28","3","3","8","0.0320","0.1315","0.4600","0.1800","0.20","0.10","3","1","0.00","0.20"
"681","40001000000005392839","fraud_Ruecker Group","misc_net","257.82","34.0522","-118.2437","3980000","1704416940","2024-01-05 01:09:00","0","7","16","1811.02","4","7","1035.53","4","5","11","0.0340","0.1464","0.4700","0.2300","0.00","0.20","1","2","0.10","0.30"
"682","40001000000005400758","fraud_Stokes and Sons","gas_transport","258.36","41.8781","-87.6298","2746000","1704417480","2024-01-05 01:18:00","0","8","18","2076.30","7","15","1817.02","5","7","14","0.0360","0.1613","0.4800","0.2800","0.10","0.30","2","3","0.20","0.40"
"683","40001000000005408677","fraud_Bahringer Group","food_dining","258.90","29.7604","-95.3698","2328000","1704418020","2024-01-05 01:27:00","0","9","20","2342.66","2","15","530.55","6","2","17","0.0380","0.1762","0.4900","0.3300","0.20","0.00","3","1","0.30","0.00"
"684","40001000000005416596","fraud_Haley Ltd","gas_transport","259.44","39.9526","-75.1652","1600000","1704418560","2024-01-05 01:36:00","0","1","13","275.14","5","5","1314.20","1","4","2","0.0400","0.1911","0.5000","0.3800","0.00","0.10","1","2","0.40","0.10"
"685","40001000000005424515","fraud_McDermott PLC","food_dining","259.98","33.4484","-112.0740","1625000","1704419100","2024-01-05 01:45:00","0","2","15","538.80","8","13","2079.84","2","6","5","0.0420","0.2060","0.5100","0.4300","0.10","0.20","2","3","0.00","0.20"
"686","40001000000005432434","fraud_Lynch-Wisozk","gas_transport","260.52","32.7767","-96.7970","1304000","1704419640","2024-01-05 01:54:00","0","3","17","781.56","3","13","785.81","3","1","8","0.0440","0.2209","0.5200","0.4800","0.20","0.30","3","1","0.10","0.30"
"687","40001000000005440353","fraud_Huels-Nolan","food_dining","261.06","47.6062","-122.3321","737000","1704420180","2024-01-05 02:03:00","0","4","19","1047.38","6","21","1574.86","4","3","11","0.0460","0.0464","0.5300","0.0600","0.00","0.00","1","2","0.20","0.40"
"688","40001000000005448272","fraud_Schmeler Inc","gas_transport","261.60","40.7128","-74.0060","8419000","1704420720","2024-01-05 02:12:00","0","5","21","1314.28","1","3","274.35","5","5","14","0.0480","0.0613","0.5400","0.1100","0.10","0.10","2","3","0.30","0.00"
"689","40001000000005456191","fraud_Heathcote LLC","food_dining","259.93","34.0522","-118.2437","3980000","1704421260","2024-01-05 02:21:00","0","6","23","1569.00","4","11","1056.72","6","7","17","0.0500","0.0762","0.0200","0.1600","0.20","0.20","3","1","0.40","0.10"
"690","40001000000005464110","fraud_Kilback LLC","gas_transport","260.47","41.8781","-87.6298","2746000","1704421800","2024-01-05 02:30:00","0","7","25","1835.85","7","19","1823.29","1","2","2","0.0520","0.0911","0.0300","0.2100","0.00","0.30","1","2","0.00","0.20"
"691","40001000000005472029","fraud_Ruecker Group","food_dining","261.01","29.7604","-95.3698","2328000","1704422340","2024-01-05 02:39:00","0","8","27","2103.78","2","19","526.27","2","4","5","0.0540","0.1060","0.0400","0.2600","0.10","0.00","2","3","0.10","0.30"
"692","40001000000005479948","fraud_Stokes and Sons","gas_transport","261.55","39.9526","-75.1652","1600000","1704422880","2024-01-05 02:48:00","0","9","29","2372.79","5","9","1316.25","3","6","8","0.0560","0.1209","0.0500","0.3100","0.20","0.10","3","1","0.20","0.40"
"693","40001000000005487867","fraud_Bahringer Group","travel","262.09","33.4484","-112.0740","1625000","1704423420","2024-01-05 02:57:00","0","1","1","262.09","8","17","2109.47","4","1","11","0.0580","0.1357","0.0600","0.3600","0.00","0.20","1","2","0.30","0.00"
"694","40001000000005495786","fraud_Haley Ltd","entertainment","262.63","32.7767","-96.7970","1304000","1704423960","2024-01-05 03:06:00","0","2","3","528.40","3","17","804.89","5","3","14","0.0600","0.1506","0.0700","0.4100","0.10","0.30","2","3","0.40","0.10"
"695","40001000000005503705","fraud_McDermott PLC","travel","263.17","47.6062","-122.3321","737000","1704424500","2024-01-05 03:15:00","0","3","5","795.79","6","7","1579.02","6","5","17","0.0620","0.1655","0.0800","0.4600","0.20","0.00","3","1","0.00","0.20"
"696","40001000000005511624","fraud_Lynch-Wisozk","entertainment","263.71","40.7128","-74.0060","8419000","1704425040","2024-01-05 03:24:00","0","4","7","1064.26","1","7","267.96","1","7","2","0.0640","0.1804","0.0900","0.0400","0.00","0.10","1","2","0.10","0.30"
"697","40001000000005519543","fraud_Huels-Nolan","travel","264.25","34.0522","-118.2437","3980000","1704425580","2024-01-05 03:33:00","1","5","9","1333.81","4","15","1065.50","2","2","5","0.0660","0.1953","0.1000","0.0900","0.10","0.20","2","3","0.20","0.40"
"698","40001000000005527462","fraud_Schmeler Inc","entertainment","264.79","41.8781","-87.6298","2746000","1704426120","2024-01-05 03:42:00","0","6","11","1604.44","7","23","1866.28","3","4","8","0.0680","0.2102","0.1100","0.1400","0.20","0.30","3","1","0.30","0.00"
"699","40001000000005535381","fraud_Heathcote LLC","travel","265.33","29.7604","-95.3698","2328000","1704426660","2024-01-05 03:51:00","0","7","13","1876.15","2","5","547.66","4","6","11","0.0700","0.2251","0.1200","0.1900","0.00","0.00","1","2","0.40","0.10"
"700","40001000000005543300","fraud_Kilback LLC","entertainment","265.87","39.9526","-75.1652","1600000","1704427200","2024-01-05 04:00:00","0","8","15","2126.96","5","13","1329.35","5","1","14","0.0720","0.0506","0.1300","0.2400","0.10","0.10","2","3","0.00","0.20"
"701","40001000000005551219","fraud_Ruecker Group","travel","266.41","33.4484","-112.0740","1625000","1704427740","2024-01-05 04:09:00","0","9","17","2400.83","8","21","2135.53","6","3","17","0.0740","0.0655","0.1400","0.2900","0.20","0.20","3","1","0.10","0.30"
"702","40001000000005559138","fraud_Stokes and Sons","entertainment","264.74","32.7767","-96.7970","1304000","1704428280","2024-01-05 04:18:00","0","1","10","271.02","3","3","802.72","1","5","2","0.0760","0.0804","0.1500","0.3400","0.00","0.30","1","2","0.20","0.40"
"703","40001000000005567057","fraud_Bahringer Group","travel","265.28","47.6062","-122.3321","737000","1704428820","2024-01-05 04:27:00","0","2","12","539.98","6","11","1604.43","2","7","5","0.0780","0.0953","0.1600","0.3900","0.10","0.00","2","3","0.30","0.00"
"704","40001000000005574976","fraud_Haley Ltd","home","265.82","40.7128","-74.0060","8419000","1704429360","2024-01-05 04:36:00","0","3","14","810.02","1","11","282.82","3","2","8","0.0800","0.1102","0.1700","0.4400","0.20","0.10","3","1","0.40","0.10"
"705","40001000000005582895","fraud_McDermott PLC","health_fitness","266.36","34.0522","-118.2437","3980000","1704429900","2024-01-05 04:45:00","0","4","16","1081.14","4","19","1065.44","4","4","11","0.0820","0.1251","0.1800","0.0200","0.00","0.20","1","2","0.00","0.20"
"706","40001000000005590814","fraud_Lynch-Wisozk","home","266.90","41.8781","-87.6298","2746000","1704430440","2024-01-05 04:54:00","0","5","18","1353.34","7","9","1872.55","5","6","14","0.0840","0.1400","0.1900","0.0700","0.10","0.30","2","3","0.10","0.30"
"707","40001000000005598733","fraud_Huels-Nolan","health_fitness","267.44","29.7604","-95.3698","2328000","1704430980","2024-01-05 05:03:00","0","6","20","1604.64","2","9","543.38","6","1","17","0.0860","0.1549","0.2000","0.1200","0.20","0.00","3","1","0.20","0.40"
"708","40001000000005606652","fraud_Schmeler Inc","home","267.98","39.9526","-75.1652","1600000","1704431520","2024-01-05 05:12:00","0","7","22","1879.00","5","17","1352.65","1","3","2","0.0880","0.1698","0.2100","0.1700","0.00","0.10","1","2","0.30","0.00"
"709","40001000000005614571","fraud_Heathcote LLC","health_fitness","268.52","33.4484","-112.0740","1625000","1704432060","2024-01-05 05:21:00","0","8","24","2154.44","8","25","2165.16","2","5","5","0.0900","0.1847","0.2200","0.2200","0.10","0.20","2","3","0.40","0.10"
"710","40001000000005622490","fraud_Kilback LLC","home","269.06","32.7767","-96.7970","1304000","1704432600","2024-01-05 05:30:00","0","9","26","2430.96","3","7","807.18","3","7","8","0.0920","0.1996","0.2300","0.2700","0.20","0.30","3","1","0.00","0.20"
"711","40001000000005630409","fraud_Ruecker Group","health_fitness","269.60","47.6062","-122.3321","737000","1704433140","2024-01-05 05:39:00","0","1","19","282.16","6","15","1621.85","4","2","11","0.0940","0.2145","0.2400","0.3200","0.00","0.00","1","2","0.10","0.30"
"712","40001000000005638328","fraud_Stokes and Sons","home","270.14","40.7128","-74.0060","8419000","1704433680","2024-01-05 05:48:00","0","2","21","555.98","1","15","278.64","5","4","14","0.0960","0.0400","0.2500","0.3700","0.10","0.10","2","3","0.20","0.40"
"713","40001000000005646247","fraud_Bahringer Group","health_fitness","270.68","34.0522","-118.2437","3980000","1704434220","2024-01-05 05:57:00","0","3","23","830.88","4","5","1095.47","6","6","17","0.0980","0.0549","0.2600","0.4200","0.20","0.20","3","1","0.30","0.00"
"714","40001000000005654166","fraud_Haley Ltd","home","271.22","41.8781","-87.6298","2746000","1704434760","2024-01-05 06:06:00","1","4","4","1084.88","7","13","1915.54","1","1","2","0.1000","0.0698","0.2700","0.4700","0.00","0.30","1","2","0.40","0.10"
"715","40001000000005662085","fraud_McDermott PLC","grocery_pos","269.55","29.7604","-95.3698","2328000","1704435300","2024-01-05 06:15:00","0","5","6","1350.89","2","13","539.10","2","3","5","0.1020","0.0847","0.2800","0.0500","0.10","0.00","2","3","0.00","0.20"
"716","40001000000005670004","fraud_Lynch-Wisozk","personal_care","270.09","39.9526","-75.1652","1600000","1704435840","2024-01-05 06:24:00","0","6","8","1626.82","5","21","1354.70","3","5","8","0.1040","0.0996","0.2900","0.1000","0.20","0.10","3","1","0.10","0.30"
"717","40001000000005677923","fraud_Huels-Nolan","grocery_pos","270.63","33.4484","-112.0740","1625000","1704436380","2024-01-05 06:33:00","0","7","10","1903.83","8","11","2173.54","4","7","11","0.1060","0.1145","0.3000","0.1500","0.00","0.20","1","2","0.20","0.40"
"718","40001000000005685842","fraud_Schmeler Inc","personal_care","271.17","32.7767","-96.7970","1304000","1704436920","2024-01-05 06:42:00","0","8","12","2181.92","3","11","826.26","5","2","14","0.1080","0.1294","0.3100","0.2000","0.10","0.30","2","3","0.30","0.00"
"719","40001000000005693761","fraud_Heathcote LLC","grocery_pos","271.71","47.6062","-122.3321","737000","1704437460","2024-01-05 06:51:00","0","9","14","2461.09","6","19","1647.26","6","4","17","0.1100","0.1443","0.3200","0.2500","0.20","0.00","3","1","0.40","0.10"
"720","40001000000005701680","fraud_Kilback LLC","personal_care","272.25","40.7128","-74.0060","8419000","1704438000","2024-01-05 07:00:00","0","1","7","291.09","1","1","272.25","1","6","2","0.1120","0.1591","0.3300","0.3000","0.00","0.10","1","2","0.00","0.20"
"721","40001000000005709599","fraud_Ruecker Group","grocery_pos","272.79","34.0522","-118.2437","3980000","1704438540","2024-01-05 07:09:00","0","2","9","545.58","4","9","1095.41","2","1","5","0.1140","0.1740","0.3400","0.3500","0.10","0.20","2","3","0.10","0.30"
"722","40001000000005717518","fraud_Stokes and Sons","personal_care","273.33","41.8781","-87.6298","2746000","1704439080","2024-01-05 07:18:00","0","3","11","823.13","7","17","1921.81","3","3","8","0.1160","0.1889","0.3500","0.4000","0.20","0.30","3","1","0.20","0.40"
"723","40001000000005725437","fraud_Bahringer Group","grocery_pos","273.87","29.7604","-95.3698","2328000","1704439620","2024-01-05 07:27:00","0","4","13","1101.76","2","17","560.49","4","5","11","0.1180","0.2038","0.3600","0.4500","0.00","0.00","1","2","0.30","0.00"
"724","40001000000005733356","fraud_Haley Ltd","personal_care","274.41","39.9526","-75.1652","1600000","1704440160","2024-01-05 07:36:00","0","5","15","1381.47","5","7","1389.05","5","7","14","0.1200","0.2187","0.3700","0.0300","0.10","0.10","2","3","0.40","0.10"
"725","40001000000005741275","fraud_McDermott PLC","grocery_pos","274.95","33.4484","-112.0740","1625000","1704440700","2024-01-05 07:45:00","0","6","17","1662.26","8","15","2199.60","6","2","17","0.1220","0.0443","0.3800","0.0800","0.20","0.20","3","1","0.00","0.20"
"726","40001000000005749194","fraud_Lynch-Wisozk","misc_net","275.49","32.7767","-96.7970","1304000","1704441240","2024-01-05 07:54:00","0","7","19","1944.13","3","15","830.72","1","4","2","0.1240","0.0591","0.3900","0.1300","0.00","0.30","1","2","0.10","0.30"
"727","40001000000005757113","fraud_Huels-Nolan","shopping_net","276.03","47.6062","-122.3321","737000","1704441780","2024-01-05 08:03:00","0","8","21","2227.08","6","23","1664.68","2","6","5","0.1260","0.0740","0.4000","0.1800","0.10","0.00","2","3","0.20","0.40"
"728","40001000000005765032","fraud_Schmeler Inc","misc_net","274.36","40.7128","-74.0060","8419000","1704442320","2024-01-05 08:12:00","0","9","23","2469.24","1","5","287.11","3","1","8","0.1280","0.0889","0.4100","0.2300","0.20","0.10","3","1","0.30","0.00"
"729","40001000000005772951","fraud_Heathcote LLC","shopping_net","274.90","34.0522","-118.2437","3980000","1704442860","2024-01-05 08:21:00","0","1","16","278.04","4","13","1116.60","4","3","11","0.1300","0.1038","0.4200","0.2800","0.00","0.20","1","2","0.40","0.10"
"730","40001000000005780870","fraud_Kilback LLC","misc_net","275.44","41.8781","-87.6298","2746000","1704443400","2024-01-05 08:30:00","0","2","18","557.16","7","21","1928.08","5","5","14","0.1320","0.1187","0.4300","0.3300","0.10","0.30","2","3","0.00","0.20"
"731","40001000000005788789","fraud_Ruecker Group","shopping_net","275.98","29.7604","-95.3698","2328000","1704443940","2024-01-05 08:39:00","1","3","20","837.36","2","3","556.21","6","7","17","0.1340","0.1336","0.4400","0.3800","0.20","0.00","3","1","0.10","0.30"
"732","40001000000005796708","fraud_Stokes and Sons","misc_net","276.52","39.9526","-75.1652","1600000","1704444480","2024-01-05 08:48:00","0","4","22","1118.64","5","11","1391.10","1","2","2","0.1360","0.1485","0.4500","0.4300","0.00","0.10","1","2","0.20","0.40"
"733","40001000000005804627","fraud_Bahringer Group","shopping_net","277.06","33.4484","-112.0740","1625000","1704445020","2024-01-05 08:57:00","0","5","24","1401.00","8","19","2229.23","2","4","5","0.1380","0.1634","0.4600","0.4800","0.10","0.20","2","3","0.30","0.00"
"734","40001000000005812546","fraud_Haley Ltd","misc_net","277.60","32.7767","-96.7970","1304000","1704445560","2024-01-05 09:06:00","0","6","26","1684.44","3","19","849.80","3","6","8","0.1400","0.1783","0.4700","0.0600","0.20","0.30","3","1","0.40","0.10"
"735","40001000000005820465","fraud_McDermott PLC","shopping_net","278.14","47.6062","-122.3321","737000","1704446100","2024-01-05 09:15:00","0","7","7","1946.98","6","9","1668.84","4","1","11","0.1420","0.1932","0.4800","0.1100","0.00","0.00","1","2","0.00","0.20"
"736","40001000000005828384","fraud_Lynch-Wisozk","misc_net","278.68","40.7128","-74.0060","8419000","1704446640","2024-01-05 09:24:00","0","8","9","2232.58","1","9","282.93","5","3","14","0.1440","0.2081","0.4900","0.1600","0.10","0.10","2","3","0.10","0.30"
"737","40001000000005836303","fraud_Huels-Nolan","gas_transport","279.22","34.0522","-118.2437","3980000","1704447180","2024-01-05 09:33:00","0","9","11","2519.26","4","17","1125.38","6","5","17","0.1460","0.2230","0.5000","0.2100","0.20","0.20","3","1","0.20","0.40"
"738","40001000000005844222","fraud_Schmeler Inc","food_dining","279.76","41.8781","-87.6298","2746000","1704447720","2024-01-05 09:42:00","0","1","4","289.18","7","7","1971.07","1","7","2","0.1480","0.0485","0.5100","0.2600","0.00","0.30","1","2","0.30","0.00"
"739","40001000000005852141","fraud_Heathcote LLC","gas_transport","280.30","29.7604","-95.3698","2328000","1704448260","2024-01-05 09:51:00","0","2","6","573.16","2","7","577.60","2","2","5","0.1500","0.0634","0.5200","0.3100","0.10","0.00","2","3","0.40","0.10"
"740","40001000000005860060","fraud_Kilback LLC","food_dining","280.84","39.9526","-75.1652","1600000","1704448800","2024-01-05 10:00:00","0","3","8","858.22","5","15","1404.20","3","4","8","0.1520","0.0783","0.5300","0.3600","0.20","0.10","3","1","0.00","0.20"
"741","40001000000005867979","fraud_Ruecker Group","gas_transport","279.17","33.4484","-112.0740","1625000","1704449340","2024-01-05 10:09:00","0","4","10","1135.52","8","23","2237.61","4","6","11","0.1540","0.0932","0.5400","0.4100","0.00","0.20","1","2","0.10","0.30"
"742","40001000000005875898","fraud_Stokes and Sons","food_dining","279.71","32.7767","-96.7970","1304000","1704449880","2024-01-05 10:18:00","0","5","12","1398.55","3","5","847.63","5","1","14","0.1560","0.1081","0.0200","0.4600","0.10","0.30","2","3","0.20","0.40"
"743","40001000000005883817","fraud_Bahringer Group","gas_transport","280.25","47.6062","-122.3321","737000","1704450420","2024-01-05 10:27:00","0","6","14","1684.64","6","13","1694.25","6","3","17","0.1580","0.1230","0.0300","0.0400","0.20","0.00","3","1","0.30","0.00"
"744","40001000000005891736","fraud_Haley Ltd","food_dining","280.79","40.7128","-74.0060","8419000","1704450960","2024-01-05 10:36:00","0","7","16","1971.81","1","13","297.79","1","5","2","0.1600","0.1379","0.0400","0.0900","0.00","0.10","1","2","0.40","0.10"
"745","40001000000005899655","fraud_McDermott PLC","gas_transport","281.33","34.0522","-118.2437","3980000","1704451500","2024-01-05 10:45:00","0","8","18","2260.06","4","21","1125.32","2","7","5","0.1620","0.1528","0.0500","0.1400","0.10","0.20","2","3","0.00","0.20"
"746","40001000000005907574","fraud_Lynch-Wisozk","food_dining","281.87","41.8781","-87.6298","2746000","1704452040","2024-01-05 10:54:00","0","9","20","2549.39","7","11","1977.34","3","2","8","0.1640","0.1677","0.0600","0.1900","0.20","0.30","3","1","0.10","0.30"
"747","40001000000005915493","fraud_Huels-Nolan","gas_transport","282.41","29.7604","-95.3698","2328000","1704452580","2024-01-05 11:03:00","0","1","13","298.11","2","11","573.32","4","4","11","0.1660","0.1826","0.0700","0.2400","0.00","0.00","1","2","0.20","0.40"
"748","40001000000005923412","fraud_Schmeler Inc","travel","282.95","39.9526","-75.1652","1600000","1704453120","2024-01-05 11:12:00","1","2","15","584.74","5","19","1427.50","5","6","14","0.1680","0.1974","0.0800","0.2900","0.10","0.10","2","3","0.30","0.00"
"749","40001000000005931331","fraud_Heathcote LLC","entertainment","283.49","33.4484","-112.0740","1625000","1704453660","2024-01-05 11:21:00","0","3","17","850.47","8","9","2284.92","6","1","17","0.1700","0.2123","0.0900","0.3400","0.20","0.20","3","1","0.40","0.10"
"750","40001000000005939250","fraud_Kilback LLC","travel","284.03","32.7767","-96.7970","1304000","1704454200","2024-01-05 11:30:00","0","4","19","1139.26","3","9","852.09","1","3","2","0.1720","0.2272","0.1000","0.3900","0.00","0.30","1","2","0.00","0.20"
"751","40001000000005947169","fraud_Ruecker Group","entertainment","284.57","47.6062","-122.3321","737000","1704454740","2024-01-05 11:39:00","0","5","21","1429.13","6","17","1711.67","2","5","5","0.1740","0.0528","0.1100","0.4400","0.10","0.00","2","3","0.10","0.30"
"752","40001000000005955088","fraud_Stokes and Sons","travel","285.11","40.7128","-74.0060","8419000","1704455280","2024-01-05 11:48:00","0","6","23","1720.08","1","17","293.61","3","7","8","0.1760","0.0677","0.1200","0.0200","0.20","0.10","3","1","0.20","0.40"
"753","40001000000005963007","fraud_Bahringer Group","entertainment","285.65","34.0522","-118.2437","3980000","1704455820","2024-01-05 11:57:00","0","7","25","2012.11","4","7","1155.35","4","2","11","0.1780","0.0826","0.1300","0.0700","0.00","0.20","1","2","0.30","0.00"
"754","40001000000005970926","fraud_Haley Ltd","travel","283.98","41.8781","-87.6298","2746000","1704456360","2024-01-05 12:06:00","0","8","27","2287.54","7","15","2004.86","5","4","14","0.1800","0.0974","0.1400","0.1200","0.10","0.30","2","3","0.40","0.10"
"755","40001000000005978845","fraud_McDermott PLC","entertainment","284.52","29.7604","-95.3698","2328000","1704456900","2024-01-05 12:15:00","0","9","29","2579.52","2","15","569.04","6","6","17","0.1820","0.1123","0.1500","0.1700","0.20","0.00","3","1","0.00","0.20"
"756","40001000000005986764","fraud_Lynch-Wisozk","travel","285.06","39.9526","-75.1652","1600000","1704457440","2024-01-05 12:24:00","0","1","1","285.06","5","5","1429.55","1","1","2","0.1840","0.1272","0.1600","0.2200","0.00","0.10","1","2","0.10","0.30"
"757","40001000000005994683","fraud_Huels-Nolan","entertainment","285.60","33.4484","-112.0740","1625000","1704457980","2024-01-05 12:33:00","0","2","3","574.34","8","13","2293.30","2","3","5","0.1860","0.1421","0.1700","0.2700","0.10","0.20","2","3","0.20","0.40"
"758","40001000000006002602","fraud_Schmeler Inc","travel","286.14","32.7767","-96.7970","1304000","1704458520","2024-01-05 12:42:00","0","3","5","864.70","3","13","871.17","3","5","8","0.1880","0.1570","0.1800","0.3200","0.20","0.30","3","1","0.30","0.00"
"759","40001000000006010521","fraud_Heathcote LLC","home","286.68","47.6062","-122.3321","737000","1704459060","2024-01-05 12:51:00","0","4","7","1156.14","6","21","1737.08","4","7","11","0.1900","0.1719","0.1900","0.3700","0.00","0.00","1","2","0.40","0.10"
"760","40001000000006018440","fraud_Kilback LLC","health_fitness","287.22","40.7128","-74.0060","8419000","1704459600","2024-01-05 13:00:00","0","5","9","1448.66","1","3","287.22","5","2","14","0.1920","0.1868","0.2000","0.4200","0.10","0.10","2","3","0.00","0.20"
"761","40001000000006026359","fraud_Ruecker Group","home","287.76","34.0522","-118.2437","3980000","1704460140","2024-01-05 13:09:00","0","6","11","1742.26","4","11","1155.29","6","4","17","0.1940","0.2017","0.2100","0.4700","0.20","0.20","3","1","0.10","0.30"
"762","40001000000006034278","fraud_Stokes and Sons","health_fitness","288.30","41.8781","-87.6298","2746000","1704460680","2024-01-05 13:18:00","0","7","13","2036.94","7","19","2026.60","1","6","2","0.1960","0.2166","0.2200","0.0500","0.00","0.30","1","2","0.20","0.40"
"763","40001000000006042197","fraud_Bahringer Group","home","288.84","29.7604","-95.3698","2328000","1704461220","2024-01-05 13:27:00","0","8","15","2310.72","2","19","590.43","2","1","5","0.1980","0.0421","0.2300","0.1000","0.10","0.00","2","3","0.30","0.00"
"764","40001000000006050116","fraud_Haley Ltd","health_fitness","289.38","39.9526","-75.1652","1600000","1704461760","2024-01-05 13:36:00","0","9","17","2607.56","5","9","1463.90","3","3","8","0.2000","0.0570","0.2400","0.1500","0.20","0.10","3","1","0.40","0.10"
"765","40001000000006058035","fraud_McDermott PLC","home","289.92","33.4484","-112.0740","1625000","1704462300","2024-01-05 13:45:00","1","1","10","296.20","8","17","2319.36","4","5","11","0.2020","0.0719","0.2500","0.2000","0.00","0.20","1","2","0.00","0.20"
"766","40001000000006065954","fraud_Lynch-Wisozk","health_fitness","290.46","32.7767","-96.7970","1304000","1704462840","2024-01-05 13:54:00","0","2","12","590.34","3","17","875.63","5","7","14","0.2040","0.0868","0.2600","0.2500","0.10","0.30","2","3","0.10","0.30"
"767","40001000000006073873","fraud_Huels-Nolan","home","288.79","47.6062","-122.3321","737000","1704463380","2024-01-05 14:03:00","0","3","14","878.93","6","7","1741.24","6","2","17","0.2060","0.1017","0.2700","0.3000","0.20","0.00","3","1","0.20","0.40"
"768","40001000000006081792","fraud_Schmeler Inc","health_fitness","289.33","40.7128","-74.0060","8419000","1704463920","2024-01-05 14:12:00","0","4","16","1173.02","1","7","302.08","1","4","2","0.2080","0.1166","0.2800","0.3500","0.00","0.10","1","2","0.30","0.00"
"769","40001000000006089711","fraud_Heathcote LLC","home","289.87","34.0522","-118.2437","3980000","1704464460","2024-01-05 14:21:00","0","5","18","1468.19","4","15","1176.48","2","6","5","0.2100","0.1315","0.2900","0.4000","0.10","0.20","2","3","0.40","0.10"
"770","40001000000006097630","fraud_Kilback LLC","grocery_pos","290.41","41.8781","-87.6298","2746000","1704465000","2024-01-05 14:30:00","0","6","20","1742.46","7","23","2032.87","3","1","8","0.2120","0.1464","0.3000","0.4500","0.20","0.30","3","1","0.00","0.20"
"771","40001000000006105549","fraud_Ruecker Group","personal_care","290.95","29.7604","-95.3698","2328000","1704465540","2024-01-05 14:39:00","0","7","22","2039.79","2","5","586.15","4","3","11","0.2140","0.1613","0.3100","0.0300","0.00","0.00","1","2","0.10","0.30"
"772","40001000000006113468","fraud_Stokes and Sons","grocery_pos","291.49","39.9526","-75.1652","1600000","1704466080","2024-01-05 14:48:00","0","8","24","2338.20","5","13","1465.95","5","5","14","0.2160","0.1762","0.3200","0.0800","0.10","0.10","2","3","0.20","0.40"
"773","40001000000006121387","fraud_Bahringer Group","personal_care","292.03","33.4484","-112.0740","1625000","1704466620","2024-01-05 14:57:00","0","9","26","2637.69","8","21","2348.99","6","7","17","0.2180","0.1911","0.3300","0.1300","0.20","0.20","3","1","0.30","0.00"
"774","40001000000006129306","fraud_Haley Ltd","grocery_pos","292.57","32.7767","-96.7970","1304000","1704467160","2024-01-05 15:06:00","0","1","19","305.13","3","3","894.71","1","2","2","0.2200","0.2060","0.3400","0.1800","0.00","0.30","1","2","0.40","0.10"
"775","40001000000006137225","fraud_McDermott PLC","personal_care","293.11","47.6062","-122.3321","737000","1704467700","2024-01-05 15:15:00","0","2","21","601.92","6","11","1758.66","2","4","5","0.2220","0.2209","0.3500","0.2300","0.10","0.00","2","3","0.00","0.20"
"776","40001000000006145144","fraud_Lynch-Wisozk","grocery_pos","293.65","40.7128","-74.0060","8419000","1704468240","2024-01-05 15:24:00","0","3","23","899.79","1","11","297.90","3","6","8","0.0300","0.0464","0.3600","0.2800","0.20","0.10","3","1","0.10","0.30"
"777","40001000000006153063","fraud_Huels-Nolan","personal_care","294.19","34.0522","-118.2437","3980000","1704468780","2024-01-05 15:33:00","0","4","4","1176.76","4","19","1185.26","4","1","11","0.0320","0.0613","0.3700","0.3300","0.00","0.20","1","2","0.20","0.40"
"778","40001000000006160982","fraud_Schmeler Inc","grocery_pos","294.73","41.8781","-87.6298","2746000","1704469320","2024-01-05 15:42:00","0","5","6","1476.79","7","9","2075.86","5","3","14","0.0340","0.0762","0.3800","0.3800","0.10","0.30","2","3","0.30","0.00"
"779","40001000000006168901","fraud_Heathcote LLC","personal_care","295.27","29.7604","-95.3698","2328000","1704469860","2024-01-05 15:51:00","0","6","8","1777.90","2","9","607.54","6","5","17","0.0360","0.0911","0.3900","0.4300","0.20","0.00","3","1","0.40","0.10"
"780","40001000000006176820","fraud_Kilback LLC","grocery_pos","293.60","39.9526","-75.1652","1600000","1704470400","2024-01-05 16:00:00","0","7","10","2064.62","5","17","1468.00","1","7","2","0.0380","0.1060","0.4000","0.4800","0.00","0.10","1","2","0.00","0.20"
"781","40001000000006184739","fraud_Ruecker Group","misc_net","294.14","33.4484","-112.0740","1625000","1704470940","2024-01-05 16:09:00","0","8","12","2365.68","8","25","2357.37","2","2","5","0.0400","0.1209","0.4100","0.0600","0.10","0.20","2","3","0.10","0.30"
"782","40001000000006192658","fraud_Stokes and Sons","shopping_net","294.68","32.7767","-96.7970","1304000","1704471480","2024-01-05 16:18:00","1","9","14","2667.82","3","7","892.54","3","4","8","0.0420","0.1357","0.4200","0.1100","0.20","0.30","3","1","0.20","0.40"
"783","40001000000006200577","fraud_Bahringer Group","misc_net","295.22","47.6062","-122.3321","737000","1704472020","2024-01-05 16:27:00","0","1","7","314.06","6","15","1784.07","4","6","11","0.0440","0.1506","0.4300","0.1600","0.00","0.00","1","2","0.30","0.00"
"784","40001000000006208496","fraud_Haley Ltd","shopping_net","295.76","40.7128","-74.0060","8419000","1704472560","2024-01-05 16:36:00","0","2","9","591.52","1","15","312.76","5","1","14","0.0460","0.1655","0.4400","0.2100","0.10","0.10","2","3","0.40","0.10"
"785","40001000000006216415","fraud_McDermott PLC","misc_net","296.30","34.0522","-118.2437","3980000","1704473100","2024-01-05 16:45:00","0","3","11","892.04","4","5","1185.20","6","3","17","0.0480","0.1804","0.4500","0.2600","0.20","0.20","3","1","0.00","0.20"
"786","40001000000006224334","fraud_Lynch-Wisozk","shopping_net","296.84","41.8781","-87.6298","2746000","1704473640","2024-01-05 16:54:00","0","4","13","1193.64","7","13","2082.13","1","5","2","0.0500","0.1953","0.4600","0.3100","0.00","0.30","1","2","0.10","0.30"
"787","40001000000006232253","fraud_Huels-Nolan","misc_net","297.38","29.7604","-95.3698","2328000","1704474180","2024-01-05 17:03:00","0","5","15","1496.32","2","13","603.26","2","7","5","0.0520","0.2102","0.4700","0.3600","0.10","0.00","2","3","0.20","0.40"
"788","40001000000006240172","fraud_Schmeler Inc","shopping_net","297.92","39.9526","-75.1652","1600000","1704474720","2024-01-05 17:12:00","0","6","17","1800.08","5","21","1502.35","3","2","8","0.0540","0.2251","0.4800","0.4100","0.20","0.10","3","1","0.30","0.00"
"789","40001000000006248091","fraud_Heathcote LLC","misc_net","298.46","33.4484","-112.0740","1625000","1704475260","2024-01-05 17:21:00","0","7","19","2104.92","8","11","2404.68","4","4","11","0.0560","0.0506","0.4900","0.4600","0.00","0.20","1","2","0.40","0.10"
"790","40001000000006256010","fraud_Kilback LLC","shopping_net","299.00","32.7767","-96.7970","1304000","1704475800","2024-01-05 17:30:00","0","8","21","2410.84","3","11","897.00","5","6","14","0.0580","0.0655","0.5000","0.0400","0.10","0.30","2","3","0.00","0.20"
"791","40001000000006263929","fraud_Ruecker Group","misc_net","299.54","47.6062","-122.3321","737000","1704476340","2024-01-05 17:39:00","0","9","23","2695.86","6","19","1801.49","6","1","17","0.0600","0.0804","0.5100","0.0900","0.20","0.00","3","1","0.10","0.30"
"792","40001000000006271848","fraud_Stokes and Sons","gas_transport","300.08","40.7128","-74.0060","8419000","1704476880","2024-01-05 17:48:00","0","1","16","303.22","1","1","308.58","1","3","2","0.0620","0.0953","0.5200","0.1400","0.00","0.10","1","2","0.20","0.40"
"793","40001000000006279767","fraud_Bahringer Group","food_dining","298.41","34.0522","-118.2437","3980000","1704477420","2024-01-05 17:57:00","0","2","18","603.10","4","9","1206.39","2","5","5","0.0640","0.1102","0.5300","0.1900","0.10","0.20","2","3","0.30","0.00"
"794","40001000000006287686","fraud_Haley Ltd","gas_transport","298.95","41.8781","-87.6298","2746000","1704477960","2024-01-05 18:06:00","0","3","20","906.27","7","17","2109.65","3","7","8","0.0660","0.1251","0.5400","0.2400","0.20","0.30","3","1","0.40","0.10"
"795","40001000000006295605","fraud_McDermott PLC","food_dining","299.49","29.7604","-95.3698","2328000","1704478500","2024-01-05 18:15:00","0","4","22","1210.52","2","17","598.98","4","2","11","0.0680","0.1400","0.0200","0.2900","0.00","0.00","1","2","0.00","0.20"
"796","40001000000006303524","fraud_Lynch-Wisozk","gas_transport","300.03","39.9526","-75.1652","1600000","1704479040","2024-01-05 18:24:00","0","5","24","1515.85","5","7","1504.40","5","4","14","0.0700","0.1549","0.0300","0.3400","0.10","0.10","2","3","0.10","0.30"
"797","40001000000006311443","fraud_Huels-Nolan","food_dining","300.57","33.4484","-112.0740","1625000","1704479580","2024-01-05 18:33:00","0","6","26","1822.26","8","15","2413.06","6","6","17","0.0720","0.1698","0.0400","0.3900","0.20","0.20","3","1","0.20","0.40"
"798","40001000000006319362","fraud_Schmeler Inc","gas_transport","301.11","32.7767","-96.7970","1304000","1704480120","2024-01-05 18:42:00","0","7","7","2107.77","3","15","916.08","1","1","2","0.0740","0.1847","0.0500","0.4400","0.00","0.30","1","2","0.30","0.00"
"799","40001000000006327281","fraud_Heathcote LLC","food_dining","301.65","47.6062","-122.3321","737000","1704480660","2024-01-05 18:51:00","1","8","9","2416.34","6","23","1826.90","2","3","5","0.0760","0.1996","0.0600","0.0200","0.10","0.00","2","3","0.40","0.10"
"800","40001000000006335200","fraud_Kilback LLC","gas_transport","302.19","40.7128","-74.0060","8419000","1704481200","2024-01-05 19:00:00","0","9","11","2725.99","1","5","302.19","3","5","8","0.0780","0.2145","0.0700","0.0700","0.20","0.10","3","1","0.00","0.20"
"801","40001000000006343119","fraud_Ruecker Group","food_dining","302.73","34.0522","-118.2437","3980000","1704481740","2024-01-05 19:09:00","0","1","4","312.15","4","13","1215.17","4","7","11","0.0800","0.0400","0.0800","0.1200","0.00","0.20","1","2","0.10","0.30"
"802","40001000000006351038","fraud_Stokes and Sons","gas_transport","303.27","41.8781","-87.6298","2746000","1704482280","2024-01-05 19:18:00","0","2","6","619.10","7","21","2131.39","5","2","14","0.0820","0.0549","0.0900","0.1700","0.10","0.30","2","3","0.20","0.40"
"803","40001000000006358957","fraud_Bahringer Group","travel","303.81","29.7604","-95.3698","2328000","1704482820","2024-01-05 19:27:00","0","3","8","927.13","2","3","620.37","6","4","17","0.0840","0.0698","0.1000","0.2200","0.20","0.00","3","1","0.30","0.00"
"804","40001000000006366876","fraud_Haley Ltd","entertainment","304.35","39.9526","-75.1652","1600000","1704483360","2024-01-05 19:36:00","0","4","10","1236.24","5","11","1538.75","1","6","2","0.0860","0.0847","0.1100","0.2700","0.00","0.10","1","2","0.40","0.10"
"805","40001000000006374795","fraud_McDermott PLC","travel","304.89","33.4484","-112.0740","1625000","1704483900","2024-01-05 19:45:00","0","5","12","1524.45","8","19","2439.12","2","1","5","0.0880","0.0996","0.1200","0.3200","0.10","0.20","2","3","0.00","0.20"
"806","40001000000006382714","fraud_Lynch-Wisozk","entertainment","303.22","32.7767","-96.7970","1304000","1704484440","2024-01-05 19:54:00","0","6","14","1822.46","3","19","913.91","3","3","8","0.0900","0.1145","0.1300","0.3700","0.20","0.30","3","1","0.10","0.30"
"807","40001000000006390633","fraud_Huels-Nolan","travel","303.76","47.6062","-122.3321","737000","1704484980","2024-01-05 20:03:00","0","7","16","2132.60","6","9","1831.06","4","5","11","0.0920","0.1294","0.1400","0.4200","0.00","0.00","1","2","0.20","0.40"
"808","40001000000006398552","fraud_Schmeler Inc","entertainment","304.30","40.7128","-74.0060","8419000","1704485520","2024-01-05 20:12:00","0","8","18","2443.82","1","9","317.05","5","7","14","0.0940","0.1443","0.1500","0.4700","0.10","0.10","2","3","0.30","0.00"
"809","40001000000006406471","fraud_Heathcote LLC","travel","304.84","34.0522","-118.2437","3980000","1704486060","2024-01-05 20:21:00","0","9","20","2756.12","4","17","1236.36","6","2","17","0.0960","0.1591","0.1600","0.0500","0.20","0.20","3","1","0.40","0.10"
"810","40001000000006414390","fraud_Kilback LLC","entertainment","305.38","41.8781","-87.6298","2746000","1704486600","2024-01-05 20:30:00","0","1","13","321.08","7","7","2137.66","1","4","2","0.0980","0.1740","0.1700","0.1000","0.00","0.30","1","2","0.00","0.20"
"811","40001000000006422309","fraud_Ruecker Group","travel","305.92","29.7604","-95.3698","2328000","1704487140","2024-01-05 20:39:00","0","2","15","630.68","2","7","616.09","2","6","5","0.1000","0.1889","0.1800","0.1500","0.10","0.00","2","3","0.10","0.30"
"812","40001000000006430228","fraud_Stokes and Sons","entertainment","306.46","39.9526","-75.1652","1600000","1704487680","2024-01-05 20:48:00","0","3","17","919.38","5","15","1540.80","3","1","8","0.1020","0.2038","0.1900","0.2000","0.20","0.10","3","1","0.20","0.40"
"813","40001000000006438147","fraud_Bahringer Group","travel","307.00","33.4484","-112.0740","1625000","1704488220","2024-01-05 20:57:00","0","4","19","1231.14","8","23","2468.75","4","3","11","0.1040","0.2187","0.2000","0.2500","0.00","0.20","1","2","0.30","0.00"
"814","40001000000006446066","fraud_Haley Ltd","home","307.54","32.7767","-96.7970","1304000","1704488760","2024-01-05 21:06:00","0","5","21","1543.98","3","5","939.62","5","5","14","0.1060","0.0443","0.2100","0.3000","0.10","0.30","2","3","0.40","0.10"
"815","40001000000006453985","fraud_McDermott PLC","health_fitness","308.08","47.6062","-122.3321","737000","1704489300","2024-01-05 21:15:00","0","6","23","1857.90","6","13","1848.48","6","7","17","0.1080","0.0591","0.2200","0.3500","0.20","0.00","3","1","0.00","0.20"
"816","40001000000006461904","fraud_Lynch-Wisozk","home","308.62","40.7128","-74.0060","8419000","1704489840","2024-01-05 21:24:00","1","7","25","2172.90","1","13","312.87","1","2","2","0.1100","0.0740","0.2300","0.4000","0.00","0.10","1","2","0.10","0.30"
"817","40001000000006469823","fraud_Huels-Nolan","health_fitness","309.16","34.0522","-118.2437","3980000","1704490380","2024-01-05 21:33:00","0","8","27","2488.98","4","21","1245.14","2","4","5","0.1120","0.0889","0.2400","0.4500","0.10","0.20","2","3","0.20","0.40"
"818","40001000000006477742","fraud_Schmeler Inc","home","309.70","41.8781","-87.6298","2746000","1704490920","2024-01-05 21:42:00","0","9","29","2806.14","7","11","2180.65","3","6","8","0.1140","0.1038","0.2500","0.0300","0.20","0.30","3","1","0.30","0.00"
"819","40001000000006485661","fraud_Heathcote LLC","health_fitness","308.03","29.7604","-95.3698","2328000","1704491460","2024-01-05 21:51:00","0","1","1","308.03","2","11","633.06","4","1","11","0.1160","0.1187","0.2600","0.0800","0.00","0.00","1","2","0.40","0.10"
"820","40001000000006493580","fraud_Kilback LLC","home","308.57","39.9526","-75.1652","1600000","1704492000","2024-01-05 22:00:00","0","2","3","620.28","5","19","1542.85","5","3","14","0.1180","0.1336","0.2700","0.1300","0.10","0.10","2","3","0.00","0.20"
"821","40001000000006501499","fraud_Ruecker Group","health_fitness","309.11","33.4484","-112.0740","1625000","1704492540","2024-01-05 22:09:00","0","3","5","933.61","8","9","2477.13","6","5","17","0.1200","0.1485","0.2800","0.1800","0.20","0.20","3","1","0.10","0.30"
"822","40001000000006509418","fraud_Stokes and Sons","home","309.65","32.7767","-96.7970","1304000","1704493080","2024-01-05 22:18:00","0","4","7","1248.02","3","9","937.45","1","7","2","0.1220","0.1634","0.2900","0.2300","0.00","0.30","1","2","0.20","0.40"
"823","40001000000006517337","fraud_Bahringer Group","health_fitness","310.19","47.6062","-122.3321","737000","1704493620","2024-01-05 22:27:00","0","5","9","1563.51","6","17","1873.89","2","2","5","0.1240","0.1783","0.3000","0.2800","0.10","0.00","2","3","0.30","0.00"
"824","40001000000006525256","fraud_Haley Ltd","home","310.73","40.7128","-74.0060","8419000","1704494160","2024-01-05 22:36:00","0","6","11","1880.08","1","17","327.73","3","4","8","0.1260","0.1932","0.3100","0.3300","0.20","0.10","3","1","0.40","0.10"
"825","40001000000006533175","fraud_McDermott PLC","grocery_pos","311.27","34.0522","-118.2437","3980000","1704494700","2024-01-05 22:45:00","0","7","13","2197.73","4","7","1245.08","4","6","11","0.1280","0.2081","0.3200","0.3800","0.00","0.20","1","2","0.00","0.20"
"826","40001000000006541094","fraud_Lynch-Wisozk","personal_care","311.81","41.8781","-87.6298","2746000","1704495240","2024-01-05 22:54:00","0","8","15","2494.48","7","15","2186.92","5","1","14","0.1300","0.2230","0.3300","0.4300","0.10","0.30","2","3","0.10","0.30"
"827","40001000000006549013","fraud_Huels-Nolan","grocery_pos","312.35","29.7604","-95.3698","2328000","1704495780","2024-01-05 23:03:00","0","9","17","2814.29","2","15","633.20","6","3","17","0.1320","0.0485","0.3400","0.4800","0.20","0.00","3","1","0.20","0.40"
"828","40001000000006556932","fraud_Schmeler Inc","personal_care","312.89","39.9526","-75.1652","1600000","1704496320","2024-01-05 23:12:00","0","1","10","319.17","5","5","1577.20","1","5","2","0.1340","0.0634","0.3500","0.0600","0.00","0.10","1","2","0.30","0.00"
"829","40001000000006564851","fraud_Heathcote LLC","grocery_pos","313.43","33.4484","-112.0740","1625000","1704496860","2024-01-05 23:21:00","0","2","12","636.28","8","13","2524.44","2","7","5","0.1360","0.0783","0.3600","0.1100","0.10","0.20","2","3","0.40","0.10"
"830","40001000000006572770","fraud_Kilback LLC","personal_care","313.97","32.7767","-96.7970","1304000","1704497400","2024-01-05 23:30:00","0","3","14","954.47","3","13","941.91","3","2","8","0.1380","0.0932","0.3700","0.1600","0.20","0.30","3","1","0.00","0.20"
"831","40001000000006580689","fraud_Ruecker Group","grocery_pos","314.51","47.6062","-122.3321","737000","1704497940","2024-01-05 23:39:00","0","4","16","1273.74","6","21","1891.31","4","4","11","0.1400","0.1081","0.3800","0.2100","0.00","0.00","1","2","0.10","0.30"
"832","40001000000006588608","fraud_Stokes and Sons","personal_care","312.84","40.7128","-74.0060","8419000","1704498480","2024-01-05 23:48:00","0","5","18","1583.04","1","3","321.34","5","6","14","0.1420","0.1230","0.3900","0.2600","0.10","0.10","2","3","0.20","0.40"
"833","40001000000006596527","fraud_Bahringer Group","grocery_pos","313.38","34.0522","-118.2437","3980000","1704499020","2024-01-05 23:57:00","1","6","20","1880.28","4","11","1266.27","6","1","17","0.1440","0.1379","0.4000","0.3100","0.20","0.20","3","1","0.30","0.00"
"834","40001000000006604446","fraud_Haley Ltd","personal_care","313.92","41.8781","-87.6298","2746000","1704499560","2024-01-06 00:06:00","0","7","22","2200.58","7","19","2214.44","1","3","2","0.1460","0.1528","0.4100","0.3600","0.00","0.30","1","2","0.40","0.10"
"835","40001000000006612365","fraud_McDermott PLC","grocery_pos","314.46","29.7604","-95.3698","2328000","1704500100","2024-01-06 00:15:00","0","8","24","2521.96","2","19","628.92","2","5","5","0.1480","0.1677","0.4200","0.4100","0.10","0.00","2","3","0.00","0.20"
"836","40001000000006620284","fraud_Lynch-Wisozk","misc_net","315.00","39.9526","-75.1652","1600000","1704500640","2024-01-06 00:24:00","0","9","26","2844.42","5","9","1579.25","3","7","8","0.1500","0.1826","0.4300","0.4600","0.20","0.10","3","1","0.10","0.30"
"837","40001000000006628203","fraud_Huels-Nolan","shopping_net","315.54","33.4484","-112.0740","1625000","1704501180","2024-01-06 00:33:00","0","1","19","328.10","8","17","2532.82","4","2","11","0.1520","0.1974","0.4400","0.0400","0.00","0.20","1","2","0.20","0.40"
"838","40001000000006636122","fraud_Schmeler Inc","misc_net","316.08","32.7767","-96.7970","1304000","1704501720","2024-01-06 00:42:00","0","2","21","647.86","3","17","960.99","5","4","14","0.1540","0.2123","0.4500","0.0900","0.10","0.30","2","3","0.30","0.00"
"839","40001000000006644041","fraud_Heathcote LLC","shopping_net","316.62","47.6062","-122.3321","737000","1704502260","2024-01-06 00:51:00","0","3","23","968.70","6","7","1916.72","6","6","17","0.1560","0.2272","0.4600","0.1400","0.20","0.00","3","1","0.40","0.10"
"840","40001000000006651960","fraud_Kilback LLC","misc_net","317.16","40.7128","-74.0060","8419000","1704502800","2024-01-06 01:00:00","0","4","4","1268.64","1","7","317.16","1","1","2","0.1580","0.0528","0.4700","0.1900","0.00","0.10","1","2","0.00","0.20"
"841","40001000000006659879","fraud_Ruecker Group","shopping_net","317.70","34.0522","-118.2437","3980000","1704503340","2024-01-06 01:09:00","0","5","6","1591.64","4","15","1275.05","2","3","5","0.1600","0.0677","0.4800","0.2400","0.10","0.20","2","3","0.10","0.30"
"842","40001000000006667798","fraud_Stokes and Sons","misc_net","318.24","41.8781","-87.6298","2746000","1704503880","2024-01-06 01:18:00","0","6","8","1915.72","7","23","2236.18","3","5","8","0.1620","0.0826","0.4900","0.2900","0.20","0.30","3","1","0.20","0.40"
"843","40001000000006675717","fraud_Bahringer Group","shopping_net","318.78","29.7604","-95.3698","2328000","1704504420","2024-01-06 01:27:00","0","7","10","2240.88","2","5","650.31","4","7","11","0.1640","0.0974","0.5000","0.3400","0.00","0.00","1","2","0.30","0.00"
"844","40001000000006683636","fraud_Haley Ltd","misc_net","319.32","39.9526","-75.1652","1600000","1704504960","2024-01-06 01:36:00","0","8","12","2567.12","5","13","1613.60","5","2","14","0.1660","0.1123","0.5100","0.3900","0.10","0.10","2","3","0.40","0.10"
"845","40001000000006691555","fraud_McDermott PLC","shopping_net","317.65","33.4484","-112.0740","1625000","1704505500","2024-01-06 01:45:00","0","9","14","2874.55","8","21","2541.20","6","4","17","0.1680","0.1272","0.5200","0.4400","0.20","0.20","3","1","0.00","0.20"
"846","40001000000006699474","fraud_Lynch-Wisozk","misc_net","318.19","32.7767","-96.7970","1304000","1704506040","2024-01-06 01:54:00","0","1","7","337.03","3","3","958.82","1","6","2","0.1700","0.1421","0.5300","0.0200","0.00","0.30","1","2","0.10","0.30"
"847","40001000000006707393","fraud_Huels-Nolan","gas_transport","318.73","47.6062","-122.3321","737000","1704506580","2024-01-06 02:03:00","0","2","9","637.46","6","11","1920.88","2","1","5","0.1720","0.1570","0.5400","0.0700","0.10","0.00","2","3","0.20","0.40"
"848","40001000000006715312","fraud_Schmeler Inc","food_dining","319.27","40.7128","-74.0060","8419000","1704507120","2024-01-06 02:12:00","0","3","11","960.95","1","11","332.02","3","3","8","0.1740","0.1719","0.0200","0.1200","0.20","0.10","3","1","0.30","0.00"
"849","40001000000006723231","fraud_Heathcote LLC","gas_transport","319.81","34.0522","-118.2437","3980000","1704507660","2024-01-06 02:21:00","0","4","13","1285.52","4","19","1296.24","4","5","11","0.1760","0.1868","0.0300","0.1700","0.00","0.20","1","2","0.40","0.10"
"850","40001000000006731150","fraud_Kilback LLC","food_dining","320.35","41.8781","-87.6298","2746000","1704508200","2024-01-06 02:30:00","1","5","15","1611.17","7","9","2242.45","5","7","14","0.1780","0.2017","0.0400","0.2200","0.10","0.30","2","3","0.00","0.20"
"851","40001000000006739069","fraud_Ruecker Group","gas_transport","320.89","29.7604","-95.3698","2328000","1704508740","2024-01-06 02:39:00","0","6","17","1937.90","2","9","646.03","6","2","17","0.1800","0.2166","0.0500","0.2700","0.20","0.00","3","1","0.10","0.30"
"852","40001000000006746988","fraud_Stokes and Sons","food_dining","321.43","39.9526","-75.1652","1600000","1704509280","2024-01-06 02:48:00","0","7","19","2265.71","5","17","1615.65","1","4","2","0.1820","0.0421","0.0600","0.3200","0.00","0.10","1","2","0.20","0.40"
"853","40001000000006754907","fraud_Bahringer Group","gas_transport","321.97","33.4484","-112.0740","1625000","1704509820","2024-01-06 02:57:00","0","8","21","2594.60","8","25","2588.51","2","6","5","0.1840","0.0570","0.0700","0.3700","0.10","0.20","2","3","0.30","0.00"
"854","40001000000006762826","fraud_Haley Ltd","food_dining","322.51","32.7767","-96.7970","1304000","1704510360","2024-01-06 03:06:00","0","9","23","2902.59","3","7","984.53","3","1","8","0.1860","0.0719","0.0800","0.4200","0.20","0.30","3","1","0.40","0.10"
"855","40001000000006770745","fraud_McDermott PLC","gas_transport","323.05","47.6062","-122.3321","737000","1704510900","2024-01-06 03:15:00","0","1","16","326.19","6","15","1938.30","4","3","11","0.1880","0.0868","0.0900","0.4700","0.00","0.00","1","2","0.00","0.20"
"856","40001000000006778664","fraud_Lynch-Wisozk","food_dining","323.59","40.7128","-74.0060","8419000","1704511440","2024-01-06 03:24:00","0","2","18","653.46","1","15","327.84","5","5","14","0.1900","0.1017","0.1000","0.0500","0.10","0.10","2","3","0.10","0.30"
"857","40001000000006786583","fraud_Huels-Nolan","gas_transport","324.13","34.0522","-118.2437","3980000","1704511980","2024-01-06 03:33:00","0","3","20","981.81","4","5","1305.02","6","7","17","0.1920","0.1166","0.1100","0.1000","0.20","0.20","3","1","0.20","0.40"
"858","40001000000006794502","fraud_Schmeler Inc","travel","322.46","41.8781","-87.6298","2746000","1704512520","2024-01-06 03:42:00","0","4","22","1302.40","7","13","2269.97","1","2","2","0.1940","0.1315","0.1200","0.1500","0.00","0.30","1","2","0.30","0.00"
"859","40001000000006802421","fraud_Heathcote LLC","entertainment","323.00","29.7604","-95.3698","2328000","1704513060","2024-01-06 03:51:00","0","5","24","1630.70","2","13","663.00","2","4","5","0.1960","0.1464","0.1300","0.2000","0.10","0.00","2","3","0.40","0.10"
"860","40001000000006810340","fraud_Kilback LLC","travel","323.54","39.9526","-75.1652","1600000","1704513600","2024-01-06 04:00:00","0","6","26","1960.08","5","21","1617.70","3","6","8","0.1980","0.1613","0.1400","0.2500","0.20","0.10","3","1","0.00","0.20"
"861","40001000000006818259","fraud_Ruecker Group","entertainment","324.08","33.4484","-112.0740","1625000","1704514140","2024-01-06 04:09:00","0","7","7","2268.56","8","11","2596.89","4","1","11","0.2000","0.1762","0.1500","0.3000","0.00","0.20","1","2","0.10","0.30"
"862","40001000000006826178","fraud_Stokes and Sons","travel","324.62","32.7767","-96.7970","1304000","1704514680","2024-01-06 04:18:00","0","8","9","2600.10","3","11","982.36","5","3","14","0.2020","0.1911","0.1600","0.3500","0.10","0.30","2","3","0.20","0.40"
"863","40001000000006834097","fraud_Bahringer Group","entertainment","325.16","47.6062","-122.3321","737000","1704515220","2024-01-06 04:27:00","0","9","11","2932.72","6","19","1963.71","6","5","17","0.2040","0.2060","0.1700","0.4000","0.20","0.00","3","1","0.30","0.00"
"864","40001000000006842016","fraud_Haley Ltd","travel","325.70","40.7128","-74.0060","8419000","1704515760","2024-01-06 04:36:00","0","1","4","335.12","1","1","342.70","1","7","2","0.2060","0.2209","0.1800","0.4500","0.00","0.10","1","2","0.40","0.10"
"865","40001000000006849935","fraud_McDermott PLC","entertainment","326.24","34.0522","-118.2437","3980000","1704516300","2024-01-06 04:45:00","0","2","6","665.04","4","9","1304.96","2","2","5","0.2080","0.0464","0.1900","0.0300","0.10","0.20","2","3","0.00","0.20"
"866","40001000000006857854","fraud_Lynch-Wisozk","travel","326.78","41.8781","-87.6298","2746000","1704516840","2024-01-06 04:54:00","0","3","8","996.04","7","17","2291.71","3","4","8","0.2100","0.0613","0.2000","0.0800","0.20","0.30","3","1","0.10","0.30"
"867","40001000000006865773","fraud_Huels-Nolan","entertainment","327.32","29.7604","-95.3698","2328000","1704517380","2024-01-06 05:03:00","1","4","10","1328.12","2","17","663.14","4","6","11","0.2120","0.0762","0.2100","0.1300","0.00","0.00","1","2","0.20","0.40"
"868","40001000000006873692","fraud_Schmeler Inc","travel","327.86","39.9526","-75.1652","1600000","1704517920","2024-01-06 05:12:00","0","5","12","1639.30","5","7","1652.05","5","1","14","0.2140","0.0911","0.2200","0.1800","0.10","0.10","2","3","0.30","0.00"
"869","40001000000006881611","fraud_Heathcote LLC","home","328.40","33.4484","-112.0740","1625000","1704518460","2024-01-06 05:21:00","0","6","14","1973.54","8","15","2644.20","6","3","17","0.2160","0.1060","0.2300","0.2300","0.20","0.20","3","1","0.40","0.10"
"870","40001000000006889530","fraud_Kilback LLC","health_fitness","328.94","32.7767","-96.7970","1304000","1704519000","2024-01-06 05:30:00","0","7","16","2308.86","3","15","986.82","1","5","2","0.2180","0.1209","0.2400","0.2800","0.00","0.30","1","2","0.00","0.20"
"871","40001000000006897449","fraud_Ruecker Group","home","327.27","47.6062","-122.3321","737000","1704519540","2024-01-06 05:39:00","0","8","18","2627.58","6","23","1967.87","2","7","5","0.2200","0.1357","0.2500","0.3300","0.10","0.00","2","3","0.10","0.30"
"872","40001000000006905368","fraud_Stokes and Sons","health_fitness","327.81","40.7128","-74.0060","8419000","1704520080","2024-01-06 05:48:00","0","9","20","2962.85","1","5","336.31","3","2","8","0.2220","0.1506","0.2600","0.3800","0.20","0.10","3","1","0.20","0.40"
"873","40001000000006913287","fraud_Bahringer Group","home","328.35","34.0522","-118.2437","3980000","1704520620","2024-01-06 05:57:00","0","1","13","344.05","4","13","1326.15","4","4","11","0.0300","0.1655","0.2700","0.4300","0.00","0.20","1","2","0.30","0.00"
"874","40001000000006921206","fraud_Haley Ltd","health_fitness","328.89","41.8781","-87.6298","2746000","1704521160","2024-01-06 06:06:00","0","2","15","676.62","7","21","2319.23","5","6","14","0.0320","0.1804","0.2800","0.4800","0.10","0.30","2","3","0.40","0.10"
"875","40001000000006929125","fraud_McDermott PLC","home","329.43","29.7604","-95.3698","2328000","1704521700","2024-01-06 06:15:00","0","3","17","988.29","2","3","658.86","6","1","17","0.0340","0.1953","0.2900","0.0600","0.20","0.00","3","1","0.00","0.20"
"876","40001000000006937044","fraud_Lynch-Wisozk","health_fitness","329.97","39.9526","-75.1652","1600000","1704522240","2024-01-06 06:24:00","0","4","19","1323.02","5","11","1654.10","1","3","2","0.0360","0.2102","0.3000","0.1100","0.00","0.10","1","2","0.10","0.30"
"877","40001000000006944963","fraud_Huels-Nolan","home","330.51","33.4484","-112.0740","1625000","1704522780","2024-01-06 06:33:00","0","5","21","1658.83","8","19","2652.58","2","5","5","0.0380","0.2251","0.3100","0.1600","0.10","0.20","2","3","0.20","0.40"
"878","40001000000006952882","fraud_Schmeler Inc","health_fitness","331.05","32.7767","-96.7970","1304000","1704523320","2024-01-06 06:42:00","0","6","23","1995.72","3","19","1005.90","3","7","8","0.0400","0.0506","0.3200","0.2100","0.20","0.30","3","1","0.30","0.00"
"879","40001000000006960801","fraud_Heathcote LLC","home","331.59","47.6062","-122.3321","737000","1704523860","2024-01-06 06:51:00","0","7","25","2333.69","6","9","2006.54","4","2","11","0.0420","0.0655","0.3300","0.2600","0.00","0.00","1","2","0.40","0.10"
"880","40001000000006968720","fraud_Kilback LLC","grocery_pos","332.13","40.7128","-74.0060","8419000","1704524400","2024-01-06 07:00:00","0","8","27","2672.74","1","9","332.13","5","4","14","0.0440","0.0804","0.3400","0.3100","0.10","0.10","2","3","0.00","0.20"
"881","40001000000006976639","fraud_Ruecker Group","personal_care","332.67","34.0522","-118.2437","3980000","1704524940","2024-01-06 07:09:00","0","9","29","3012.87","4","17","1334.93","6","6","17","0.0460","0.0953","0.3500","0.3600","0.20","0.20","3","1","0.10","0.30"
"882","40001000000006984558","fraud_Stokes and Sons","grocery_pos","333.21","41.8781","-87.6298","2746000","1704525480","2024-01-06 07:18:00","0","1","1","333.21","7","7","2340.97","1","1","2","0.0480","0.1102","0.3600","0.4100","0.00","0.30","1","2","0.20","0.40"
"883","40001000000006992477","fraud_Bahringer Group","personal_care","333.75","29.7604","-95.3698","2328000","1704526020","2024-01-06 07:27:00","0","2","3","670.64","2","7","680.25","2","3","5","0.0500","0.1251","0.3700","0.4600","0.10","0.00","2","3","0.30","0.00"
"884","40001000000007000396","fraud_Haley Ltd","grocery_pos","332.08","39.9526","-75.1652","1600000","1704526560","2024-01-06 07:36:00","1","3","5","1002.52","5","15","1677.40","3","5","8","0.0520","0.1400","0.3800","0.0400","0.20","0.10","3","1","0.40","0.10"
"885","40001000000007008315","fraud_McDermott PLC","personal_care","332.62","33.4484","-112.0740","1625000","1704527100","2024-01-06 07:45:00","0","4","7","1339.90","8","23","2660.96","4","7","11","0.0540","0.1549","0.3900","0.0900","0.00","0.20","1","2","0.00","0.20"
"886","40001000000007016234","fraud_Lynch-Wisozk","grocery_pos","333.16","32.7767","-96.7970","1304000","1704527640","2024-01-06 07:54:00","0","5","9","1678.36","3","5","1003.73","5","2","14","0.0560","0.1698","0.4000","0.1400","0.10","0.30","2","3","0.10","0.30"
"887","40001000000007024153","fraud_Huels-Nolan","personal_care","333.70","47.6062","-122.3321","737000","1704528180","2024-01-06 08:03:00","0","6","11","2017.90","6","13","2010.70","6","4","17","0.0580","0.1847","0.4100","0.1900","0.20","0.00","3","1","0.20","0.40"
"888","40001000000007032072","fraud_Schmeler Inc","grocery_pos","334.24","40.7128","-74.0060","8419000","1704528720","2024-01-06 08:12:00","0","7","13","2358.52","1","13","346.99","1","6","2","0.0600","0.1996","0.4200","0.2400","0.00","0.10","1","2","0.30","0.00"
"889","40001000000007039991","fraud_Heathcote LLC","personal_care","334.78","34.0522","-118.2437","3980000","1704529260","2024-01-06 08:21:00","0","8","15","2678.24","4","21","1356.12","2","1","5","0.0620","0.2145","0.4300","0.2900","0.10","0.20","2","3","0.40","0.10"
"890","40001000000007047910","fraud_Kilback LLC","grocery_pos","335.32","41.8781","-87.6298","2746000","1704529800","2024-01-06 08:30:00","0","9","17","3021.02","7","11","2347.24","3","3","8","0.0640","0.0400","0.4400","0.3400","0.20","0.30","3","1","0.00","0.20"
"891","40001000000007055829","fraud_Ruecker Group","misc_net","335.86","29.7604","-95.3698","2328000","1704530340","2024-01-06 08:39:00","0","1","10","342.14","2","11","675.97","4","5","11","0.0660","0.0549","0.4500","0.3900","0.00","0.00","1","2","0.10","0.30"
"892","40001000000007063748","fraud_Stokes and Sons","shopping_net","336.40","39.9526","-75.1652","1600000","1704530880","2024-01-06 08:48:00","0","2","12","682.22","5","19","1690.50","5","7","14","0.0680","0.0698","0.4600","0.4400","0.10","0.10","2","3","0.20","0.40"
"893","40001000000007071667","fraud_Bahringer Group","misc_net","336.94","33.4484","-112.0740","1625000","1704531420","2024-01-06 08:57:00","0","3","14","1023.38","8","9","2708.27","6","2","17","0.0700","0.0847","0.4700","0.0200","0.20","0.20","3","1","0.30","0.00"
"894","40001000000007079586","fraud_Haley Ltd","shopping_net","337.48","32.7767","-96.7970","1304000","1704531960","2024-01-06 09:06:00","0","4","16","1365.62","3","9","1029.44","1","4","2","0.0720","0.0996","0.4800","0.0700","0.00","0.30","1","2","0.40","0.10"
"895","40001000000007087505","fraud_McDermott PLC","misc_net","338.02","47.6062","-122.3321","737000","1704532500","2024-01-06 09:15:00","0","5","18","1708.94","6","17","2028.12","2","6","5","0.0740","0.1145","0.4900","0.1200","0.10","0.00","2","3","0.00","0.20"
"896","40001000000007095424","fraud_Lynch-Wisozk","shopping_net","338.56","40.7128","-74.0060","8419000","1704533040","2024-01-06 09:24:00","0","6","20","2031.36","1","17","342.81","3","1","8","0.0760","0.1294","0.5000","0.1700","0.20","0.10","3","1","0.10","0.30"
"897","40001000000007103343","fraud_Huels-Nolan","misc_net","336.89","34.0522","-118.2437","3980000","1704533580","2024-01-06 09:33:00","0","7","22","2361.37","4","7","1356.06","4","3","11","0.0780","0.1443","0.5100","0.2200","0.00","0.20","1","2","0.20","0.40"
"898","40001000000007111262","fraud_Schmeler Inc","shopping_net","337.43","41.8781","-87.6298","2746000","1704534120","2024-01-06 09:42:00","0","8","24","2705.72","7","15","2374.76","5","5","14","0.0800","0.1591","0.5200","0.2700","0.10","0.30","2","3","0.30","0.00"
"899","40001000000007119181","fraud_Heathcote LLC","misc_net","337.97","29.7604","-95.3698","2328000","1704534660","2024-01-06 09:51:00","0","9","26","3051.15","2","15","692.94","6","7","17","0.0820","0.1740","0.5300","0.3200","0.20","0.00","3","1","0.40","0.10"
"900","40001000000007127100","fraud_Kilback LLC","shopping_net","338.51","39.9526","-75.1652","1600000","1704535200","2024-01-06 10:00:00","0","1","19","351.07","5","5","1692.55","1","2","2","0.0840","0.1889","0.5400","0.3700","0.00","0.10","1","2","0.00","0.20"
"901","40001000000007135019","fraud_Ruecker Group","misc_net","339.05","33.4484","-112.0740","1625000","1704535740","2024-01-06 10:09:00","1","2","21","693.80","8","13","2716.65","2","4","5","0.0860","0.2038","0.0200","0.4200","0.10","0.20","2","3","0.10","0.30"
"902","40001000000007142938","fraud_Stokes and Sons","gas_transport","339.59","32.7767","-96.7970","1304000","1704536280","2024-01-06 10:18:00","0","3","23","1037.61","3","13","1027.27","3","6","8","0.0880","0.2187","0.0300","0.4700","0.20","0.30","3","1","0.20","0.40"
"903","40001000000007150857","fraud_Bahringer Group","food_dining","340.13","47.6062","-122.3321","737000","1704536820","2024-01-06 10:27:00","0","4","4","1360.52","6","21","2053.53","4","1","11","0.0900","0.0443","0.0400","0.0500","0.00","0.00","1","2","0.30","0.00"
"904","40001000000007158776","fraud_Haley Ltd","gas_transport","340.67","40.7128","-74.0060","8419000","1704537360","2024-01-06 10:36:00","0","5","6","1706.49","1","3","357.67","5","3","14","0.0920","0.0591","0.0500","0.1000","0.10","0.10","2","3","0.40","0.10"
"905","40001000000007166695","fraud_McDermott PLC","food_dining","341.21","34.0522","-118.2437","3980000","1704537900","2024-01-06 10:45:00","0","6","8","2053.54","4","11","1364.84","6","5","17","0.0940","0.0740","0.0600","0.1500","0.20","0.20","3","1","0.00","0.20"
"906","40001000000007174614","fraud_Lynch-Wisozk","gas_transport","341.75","41.8781","-87.6298","2746000","1704538440","2024-01-06 10:54:00","0","7","10","2401.67","7","19","2396.50","1","7","2","0.0960","0.0889","0.0700","0.2000","0.00","0.30","1","2","0.10","0.30"
"907","40001000000007182533","fraud_Huels-Nolan","food_dining","342.29","29.7604","-95.3698","2328000","1704538980","2024-01-06 11:03:00","0","8","12","2750.88","2","19","693.08","2","2","5","0.0980","0.1038","0.0800","0.2500","0.10","0.00","2","3","0.20","0.40"
"908","40001000000007190452","fraud_Schmeler Inc","gas_transport","342.83","39.9526","-75.1652","1600000","1704539520","2024-01-06 11:12:00","0","9","14","3101.17","5","9","1726.90","3","4","8","0.1000","0.1187","0.0900","0.3000","0.20","0.10","3","1","0.30","0.00"
"909","40001000000007198371","fraud_Heathcote LLC","food_dining","343.37","33.4484","-112.0740","1625000","1704540060","2024-01-06 11:21:00","0","1","7","362.21","8","17","2763.96","4","6","11","0.1020","0.1336","0.1000","0.3500","0.00","0.20","1","2","0.40","0.10"
"910","40001000000007206290","fraud_Kilback LLC","gas_transport","341.70","32.7767","-96.7970","1304000","1704540600","2024-01-06 11:30:00","0","2","9","683.40","3","17","1025.10","5","1","14","0.1040","0.1485","0.1100","0.4000","0.10","0.30","2","3","0.00","0.20"
"911","40001000000007214209","fraud_Ruecker Group","food_dining","342.24","47.6062","-122.3321","737000","1704541140","2024-01-06 11:39:00","0","3","11","1029.86","6","7","2057.69","6","3","17","0.1060","0.1634","0.1200","0.4500","0.20","0.00","3","1","0.10","0.30"
"912","40001000000007222128","fraud_Stokes and Sons","gas_transport","342.78","40.7128","-74.0060","8419000","1704541680","2024-01-06 11:48:00","0","4","13","1377.40","1","7","351.28","1","5","2","0.1080","0.1783","0.1300","0.0300","0.00","0.10","1","2","0.20","0.40"
"913","40001000000007230047","fraud_Bahringer Group","travel","343.32","34.0522","-118.2437","3980000","1704542220","2024-01-06 11:57:00","0","5","15","1726.02","4","15","1386.03","2","7","5","0.1100","0.1932","0.1400","0.0800","0.10","0.20","2","3","0.30","0.00"
"914","40001000000007237966","fraud_Haley Ltd","entertainment","343.86","41.8781","-87.6298","2746000","1704542760","2024-01-06 12:06:00","0","6","17","2075.72","7","23","2424.02","3","2","8","0.1120","0.2081","0.1500","0.1300","0.20","0.30","3","1","0.40","0.10"
"915","40001000000007245885","fraud_McDermott PLC","travel","344.40","29.7604","-95.3698","2328000","1704543300","2024-01-06 12:15:00","0","7","19","2426.50","2","5","688.80","4","4","11","0.1140","0.2230","0.1600","0.1800","0.00","0.00","1","2","0.00","0.20"
"916","40001000000007253804","fraud_Lynch-Wisozk","entertainment","344.94","39.9526","-75.1652","1600000","1704543840","2024-01-06 12:24:00","0","8","21","2778.36","5","13","1728.95","5","6","14","0.1160","0.0485","0.1700","0.2300","0.10","0.10","2","3","0.10","0.30"
"917","40001000000007261723","fraud_Huels-Nolan","travel","345.48","33.4484","-112.0740","1625000","1704544380","2024-01-06 12:33:00","0","9","23","3109.32","8","21","2772.34","6","1","17","0.1180","0.0634","0.1800","0.2800","0.20","0.20","3","1","0.20","0.40"
"918","40001000000007269642","fraud_Schmeler Inc","entertainment","346.02","32.7767","-96.7970","1304000","1704544920","2024-01-06 12:42:00","1","1","16","349.16","3","3","1050.81","1","3","2","0.1200","0.0783","0.1900","0.3300","0.00","0.30","1","2","0.30","0.00"
"919","40001000000007277561","fraud_Heathcote LLC","travel","346.56","47.6062","-122.3321","737000","1704545460","2024-01-06 12:51:00","0","2","18","699.40","6","11","2096.36","2","5","5","0.1220","0.0932","0.2000","0.3800","0.10","0.00","2","3","0.40","0.10"
"920","40001000000007285480","fraud_Kilback LLC","entertainment","347.10","40.7128","-74.0060","8419000","1704546000","2024-01-06 13:00:00","0","3","20","1050.72","1","11","347.10","3","7","8","0.1240","0.1081","0.2100","0.4300","0.20","0.10","3","1","0.00","0.20"
"921","40001000000007293399","fraud_Ruecker Group","travel","347.64","34.0522","-118.2437","3980000","1704546540","2024-01-06 13:09:00","0","4","22","1403.12","4","19","1394.81","4","2","11","0.1260","0.1230","0.2200","0.4800","0.00","0.20","1","2","0.10","0.30"
"922","40001000000007301318","fraud_Stokes and Sons","entertainment","348.18","41.8781","-87.6298","2746000","1704547080","2024-01-06 13:18:00","0","5","24","1756.60","7","9","2445.76","5","4","14","0.1280","0.1379","0.2300","0.0600","0.10","0.30","2","3","0.20","0.40"
"923","40001000000007309237","fraud_Bahringer Group","travel","346.51","29.7604","-95.3698","2328000","1704547620","2024-01-06 13:27:00","0","6","26","2097.90","2","9","705.77","6","6","17","0.1300","0.1528","0.2400","0.1100","0.20","0.00","3","1","0.30","0.00"
"924","40001000000007317156","fraud_Haley Ltd","home","347.05","39.9526","-75.1652","1600000","1704548160","2024-01-06 13:36:00","0","7","7","2429.35","5","17","1752.25","1","1","2","0.1320","0.1677","0.2500","0.1600","0.00","0.10","1","2","0.40","0.10"
"925","40001000000007325075","fraud_McDermott PLC","health_fitness","347.59","33.4484","-112.0740","1625000","1704548700","2024-01-06 13:45:00","0","8","9","2783.86","8","25","2780.72","2","3","5","0.1340","0.1826","0.2600","0.2100","0.10","0.20","2","3","0.00","0.20"
"926","40001000000007332994","fraud_Lynch-Wisozk","home","348.13","32.7767","-96.7970","1304000","1704549240","2024-01-06 13:54:00","0","9","11","3139.45","3","7","1048.64","3","5","8","0.1360","0.1974","0.2700","0.2600","0.20","0.30","3","1","0.10","0.30"
"927","40001000000007340913","fraud_Huels-Nolan","health_fitness","348.67","47.6062","-122.3321","737000","1704549780","2024-01-06 14:03:00","0","1","4","358.09","6","15","2100.52","4","7","11","0.1380","0.2123","0.2800","0.3100","0.00","0.00","1","2","0.20","0.40"
"928","40001000000007348832","fraud_Schmeler Inc","home","349.21","40.7128","-74.0060","8419000","1704550320","2024-01-06 14:12:00","0","2","6","710.98","1","15","361.96","5","2","14","0.1400","0.2272","0.2900","0.3600","0.10","0.10","2","3","0.30","0.00"
"929","40001000000007356751","fraud_Heathcote LLC","health_fitness","349.75","34.0522","-118.2437","3980000","1704550860","2024-01-06 14:21:00","0","3","8","1064.95","4","5","1416.00","6","4","17","0.1420","0.0528","0.3000","0.4100","0.20","0.20","3","1","0.40","0.10"
"930","40001000000007364670","fraud_Kilback LLC","home","350.29","41.8781","-87.6298","2746000","1704551400","2024-01-06 14:30:00","0","4","10","1420.00","7","13","2452.03","1","6","2","0.1440","0.0677","0.3100","0.4600","0.00","0.30","1","2","0.00","0.20"
"931","40001000000007372589","fraud_Ruecker Group","health_fitness","350.83","29.7604","-95.3698","2328000","1704551940","2024-01-06 14:39:00","0","5","12","1754.15","2","13","705.91","2","1","5","0.1460","0.0826","0.3200","0.0400","0.10","0.00","2","3","0.10","0.30"
"932","40001000000007380508","fraud_Stokes and Sons","home","351.37","39.9526","-75.1652","1600000","1704552480","2024-01-06 14:48:00","0","6","14","2111.36","5","21","1765.35","3","3","8","0.1480","0.0974","0.3300","0.0900","0.20","0.10","3","1","0.20","0.40"
"933","40001000000007388427","fraud_Bahringer Group","health_fitness","351.91","33.4484","-112.0740","1625000","1704553020","2024-01-06 14:57:00","0","7","16","2469.65","8","11","2828.03","4","5","11","0.1500","0.1123","0.3400","0.1400","0.00","0.20","1","2","0.30","0.00"
"934","40001000000007396346","fraud_Haley Ltd","home","352.45","32.7767","-96.7970","1304000","1704553560","2024-01-06 15:06:00","0","8","18","2829.02","3","11","1074.35","5","7","14","0.1520","0.1272","0.3500","0.1900","0.10","0.30","2","3","0.40","0.10"
"935","40001000000007404265","fraud_McDermott PLC","grocery_pos","352.99","47.6062","-122.3321","737000","1704554100","2024-01-06 15:15:00","1","9","20","3189.47","6","19","2117.94","6","2","17","0.1540","0.1421","0.3600","0.2400","0.20","0.00","3","1","0.00","0.20"
"936","40001000000007412184","fraud_Lynch-Wisozk","personal_care","351.32","40.7128","-74.0060","8419000","1704554640","2024-01-06 15:24:00","0","1","13","367.02","1","1","355.57","1","4","2","0.1560","0.1570","0.3700","0.2900","0.00","0.10","1","2","0.10","0.30"
"937","40001000000007420103","fraud_Huels-Nolan","grocery_pos","351.86","34.0522","-118.2437","3980000","1704555180","2024-01-06 15:33:00","0","2","15","722.56","4","9","1415.94","2","6","5","0.1580","0.1719","0.3800","0.3400","0.10","0.20","2","3","0.20","0.40"
"938","40001000000007428022","fraud_Schmeler Inc","personal_care","352.40","41.8781","-87.6298","2746000","1704555720","2024-01-06 15:42:00","0","3","17","1057.20","7","17","2479.55","3","1","8","0.1600","0.1868","0.3900","0.3900","0.20","0.30","3","1","0.30","0.00"
"939","40001000000007435941","fraud_Heathcote LLC","grocery_pos","352.94","29.7604","-95.3698","2328000","1704556260","2024-01-06 15:51:00","0","4","19","1414.90","2","17","722.88","4","3","11","0.1620","0.2017","0.4000","0.4400","0.00","0.00","1","2","0.40","0.10"
"940","40001000000007443860","fraud_Kilback LLC","personal_care","353.48","39.9526","-75.1652","1600000","1704556800","2024-01-06 16:00:00","0","5","21","1773.68","5","7","1767.40","5","5","14","0.1640","0.2166","0.4100","0.0200","0.10","0.10","2","3","0.00","0.20"
"941","40001000000007451779","fraud_Ruecker Group","grocery_pos","354.02","33.4484","-112.0740","1625000","1704557340","2024-01-06 16:09:00","0","6","23","2133.54","8","15","2836.41","6","7","17","0.1660","0.0421","0.4200","0.0700","0.20","0.20","3","1","0.10","0.30"
"942","40001000000007459698","fraud_Stokes and Sons","personal_care","354.56","32.7767","-96.7970","1304000","1704557880","2024-01-06 16:18:00","0","7","25","2494.48","3","15","1072.18","1","2","2","0.1680","0.0570","0.4300","0.1200","0.00","0.30","1","2","0.20","0.40"
"943","40001000000007467617","fraud_Bahringer Group","grocery_pos","355.10","47.6062","-122.3321","737000","1704558420","2024-01-06 16:27:00","0","8","27","2856.50","6","23","2143.35","2","4","5","0.1700","0.0719","0.4400","0.1700","0.10","0.00","2","3","0.30","0.00"
"944","40001000000007475536","fraud_Haley Ltd","personal_care","355.64","40.7128","-74.0060","8419000","1704558960","2024-01-06 16:36:00","0","9","29","3219.60","1","5","372.64","3","6","8","0.1720","0.0868","0.4500","0.2200","0.20","0.10","3","1","0.40","0.10"
"945","40001000000007483455","fraud_McDermott PLC","grocery_pos","356.18","34.0522","-118.2437","3980000","1704559500","2024-01-06 16:45:00","0","1","1","356.18","4","13","1424.72","4","1","11","0.1740","0.1017","0.4600","0.2700","0.00","0.20","1","2","0.00","0.20"
"946","40001000000007491374","fraud_Lynch-Wisozk","misc_net","356.72","41.8781","-87.6298","2746000","1704560040","2024-01-06 16:54:00","0","2","3","716.58","7","21","2501.29","5","3","14","0.1760","0.1166","0.4700","0.3200","0.10","0.30","2","3","0.10","0.30"
"947","40001000000007499293","fraud_Huels-Nolan","shopping_net","357.26","29.7604","-95.3698","2328000","1704560580","2024-01-06 17:03:00","0","3","5","1078.06","2","3","723.02","6","5","17","0.1780","0.1315","0.4800","0.3700","0.20","0.00","3","1","0.20","0.40"
"948","40001000000007507212","fraud_Schmeler Inc","misc_net","357.80","39.9526","-75.1652","1600000","1704561120","2024-01-06 17:12:00","0","4","7","1440.62","5","11","1801.75","1","7","2","0.1800","0.1464","0.4900","0.4200","0.00","0.10","1","2","0.30","0.00"
"949","40001000000007515131","fraud_Heathcote LLC","shopping_net","356.13","33.4484","-112.0740","1625000","1704561660","2024-01-06 17:21:00","0","5","9","1793.21","8","19","2866.04","2","2","5","0.1820","0.1613","0.5000","0.4700","0.10","0.20","2","3","0.40","0.10"
"950","40001000000007523050","fraud_Kilback LLC","misc_net","356.67","32.7767","-96.7970","1304000","1704562200","2024-01-06 17:30:00","0","6","11","2155.72","3","19","1070.01","3","4","8","0.1840","0.1762","0.5100","0.0500","0.20","0.30","3","1","0.00","0.20"
"951","40001000000007530969","fraud_Ruecker Group","shopping_net","357.21","47.6062","-122.3321","737000","1704562740","2024-01-06 17:39:00","0","7","13","2519.31","6","9","2147.51","4","6","11","0.1860","0.1911","0.5200","0.1000","0.00","0.00","1","2","0.10","0.30"
"952","40001000000007538888","fraud_Stokes and Sons","misc_net","357.75","40.7128","-74.0060","8419000","1704563280","2024-01-06 17:48:00","1","8","15","2862.00","1","9","366.25","5","1","14","0.1880","0.2060","0.5300","0.1500","0.10","0.10","2","3","0.20","0.40"
"953","40001000000007546807","fraud_Bahringer Group","shopping_net","358.29","34.0522","-118.2437","3980000","1704563820","2024-01-06 17:57:00","0","9","17","3227.75","4","17","1445.91","6","3","17","0.1900","0.2209","0.5400","0.2000","0.20","0.20","3","1","0.30","0.00"
"954","40001000000007554726","fraud_Haley Ltd","misc_net","358.83","41.8781","-87.6298","2746000","1704564360","2024-01-06 18:06:00","0","1","10","365.11","7","7","2528.81","1","5","2","0.1920","0.0464","0.0200","0.2500","0.00","0.30","1","2","0.40","0.10"
"955","40001000000007562645","fraud_McDermott PLC","shopping_net","359.37","29.7604","-95.3698","2328000","1704564900","2024-01-06 18:15:00","0","2","12","728.16","2","7","718.74","2","7","5","0.1940","0.0613","0.0300","0.3000","0.10","0.00","2","3","0.00","0.20"
"956","40001000000007570564","fraud_Lynch-Wisozk","misc_net","359.91","39.9526","-75.1652","1600000","1704565440","2024-01-06 18:24:00","0","3","14","1092.29","5","15","1803.80","3","2","8","0.1960","0.0762","0.0400","0.3500","0.20","0.10","3","1","0.10","0.30"
"957","40001000000007578483","fraud_Huels-Nolan","gas_transport","360.45","33.4484","-112.0740","1625000","1704565980","2024-01-06 18:33:00","0","4","16","1457.50","8","23","2892.10","4","4","11","0.1980","0.0911","0.0500","0.4000","0.00","0.20","1","2","0.20","0.40"
"958","40001000000007586402","fraud_Schmeler Inc","food_dining","360.99","32.7767","-96.7970","1304000","1704566520","2024-01-06 18:42:00","0","5","18","1823.79","3","5","1095.72","5","6","14","0.2000","0.1060","0.0600","0.4500","0.10","0.30","2","3","0.30","0.00"
"959","40001000000007594321","fraud_Heathcote LLC","gas_transport","361.53","47.6062","-122.3321","737000","1704567060","2024-01-06 18:51:00","0","6","20","2169.18","6","13","2186.18","6","1","17","0.2020","0.1209","0.0700","0.0300","0.20","0.00","3","1","0.40","0.10"
"960","40001000000007602240","fraud_Kilback LLC","food_dining","362.07","40.7128","-74.0060","8419000","1704567600","2024-01-06 19:00:00","0","7","22","2537.63","1","13","362.07","1","3","2","0.2040","0.1357","0.0800","0.0800","0.00","0.10","1","2","0.00","0.20"
"961","40001000000007610159","fraud_Ruecker Group","gas_transport","362.61","34.0522","-118.2437","3980000","1704568140","2024-01-06 19:09:00","0","8","24","2907.16","4","21","1454.69","2","5","5","0.2060","0.1506","0.0900","0.1300","0.10","0.20","2","3","0.10","0.30"
"962","40001000000007618078","fraud_Stokes and Sons","food_dining","360.94","41.8781","-87.6298","2746000","1704568680","2024-01-06 19:18:00","0","9","26","3257.88","7","11","2535.08","3","7","8","0.2080","0.1655","0.1000","0.1800","0.20","0.30","3","1","0.20","0.40"
"963","40001000000007625997","fraud_Bahringer Group","gas_transport","361.48","29.7604","-95.3698","2328000","1704569220","2024-01-06 19:27:00","0","1","19","374.04","2","11","735.71","4","2","11","0.2100","0.1804","0.1100","0.2300","0.00","0.00","1","2","0.30","0.00"
"964","40001000000007633916","fraud_Haley Ltd","food_dining","362.02","39.9526","-75.1652","1600000","1704569760","2024-01-06 19:36:00","0","2","21","739.74","5","19","1827.10","5","4","14","0.2120","0.1953","0.1200","0.2800","0.10","0.10","2","3","0.40","0.10"
"965","40001000000007641835","fraud_McDermott PLC","gas_transport","362.56","33.4484","-112.0740","1625000","1704570300","2024-01-06 19:45:00","0","3","23","1106.52","8","9","2900.48","6","6","17","0.2140","0.2102","0.1300","0.3300","0.20","0.20","3","1","0.00","0.20"
"966","40001000000007649754","fraud_Lynch-Wisozk","food_dining","363.10","32.7767","-96.7970","1304000","1704570840","2024-01-06 19:54:00","0","4","4","1452.40","3","9","1093.55","1","1","2","0.2160","0.2251","0.1400","0.3800","0.00","0.30","1","2","0.10","0.30"
"967","40001000000007657673","fraud_Huels-Nolan","gas_transport","363.64","47.6062","-122.3321","737000","1704571380","2024-01-06 20:03:00","0","5","6","1821.34","6","17","2190.34","2","3","5","0.2180","0.0506","0.1500","0.4300","0.10","0.00","2","3","0.20","0.40"
"968","40001000000007665592","fraud_Schmeler Inc","travel","364.18","40.7128","-74.0060","8419000","1704571920","2024-01-06 20:12:00","0","6","8","2191.36","1","17","376.93","3","5","8","0.2200","0.0655","0.1600","0.4800","0.20","0.10","3","1","0.30","0.00"
"969","40001000000007673511","fraud_Heathcote LLC","entertainment","364.72","34.0522","-118.2437","3980000","1704572460","2024-01-06 20:21:00","1","7","10","2562.46","4","7","1475.88","4","7","11","0.2220","0.0804","0.1700","0.0600","0.00","0.20","1","2","0.40","0.10"
"970","40001000000007681430","fraud_Kilback LLC","travel","365.26","41.8781","-87.6298","2746000","1704573000","2024-01-06 20:30:00","0","8","12","2934.64","7","15","2556.82","5","2","14","0.0300","0.0953","0.1800","0.1100","0.10","0.30","2","3","0.00","0.20"
"971","40001000000007689349","fraud_Ruecker Group","entertainment","365.80","29.7604","-95.3698","2328000","1704573540","2024-01-06 20:39:00","0","9","14","3307.90","2","15","735.85","6","4","17","0.0320","0.1102","0.1900","0.1600","0.20","0.00","3","1","0.10","0.30"
"972","40001000000007697268","fraud_Stokes and Sons","travel","366.34","39.9526","-75.1652","1600000","1704574080","2024-01-06 20:48:00","0","1","7","385.18","5","5","1840.20","1","6","2","0.0340","0.1251","0.2000","0.2100","0.00","0.10","1","2","0.20","0.40"
"973","40001000000007705187","fraud_Bahringer Group","entertainment","366.88","33.4484","-112.0740","1625000","1704574620","2024-01-06 20:57:00","0","2","9","733.76","8","13","2947.79","2","1","5","0.0360","0.1400","0.2100","0.2600","0.10","0.20","2","3","0.30","0.00"
"974","40001000000007713106","fraud_Haley Ltd","travel","367.42","32.7767","-96.7970","1304000","1704575160","2024-01-06 21:06:00","0","3","11","1105.40","3","13","1119.26","3","3","8","0.0380","0.1549","0.2200","0.3100","0.20","0.30","3","1","0.40","0.10"
"975","40001000000007721025","fraud_McDermott PLC","entertainment","365.75","47.6062","-122.3321","737000","1704575700","2024-01-06 21:15:00","0","4","13","1469.28","6","21","2194.50","4","5","11","0.0400","0.1698","0.2300","0.3600","0.00","0.00","1","2","0.00","0.20"
"976","40001000000007728944","fraud_Lynch-Wisozk","travel","366.29","40.7128","-74.0060","8419000","1704576240","2024-01-06 21:24:00","0","5","15","1840.87","1","3","370.54","5","7","14","0.0420","0.1847","0.2400","0.4100","0.10","0.10","2","3","0.10","0.30"
"977","40001000000007736863","fraud_Huels-Nolan","entertainment","366.83","34.0522","-118.2437","3980000","1704576780","2024-01-06 21:33:00","0","6","17","2213.54","4","11","1475.82","6","2","17","0.0440","0.1996","0.2500","0.4600","0.20","0.20","3","1","0.20","0.40"
"978","40001000000007744782","fraud_Schmeler Inc","travel","367.37","41.8781","-87.6298","2746000","1704577320","2024-01-06 21:42:00","0","7","19","2587.29","7","19","2584.34","1","4","2","0.0460","0.2145","0.2600","0.0400","0.00","0.30","1","2","0.30","0.00"
"979","40001000000007752701","fraud_Heathcote LLC","home","367.91","29.7604","-95.3698","2328000","1704577860","2024-01-06 21:51:00","0","8","21","2962.12","2","19","752.82","2","6","5","0.0480","0.0400","0.2700","0.0900","0.10","0.00","2","3","0.40","0.10"
"980","40001000000007760620","fraud_Kilback LLC","health_fitness","368.45","39.9526","-75.1652","1600000","1704578400","2024-01-06 22:00:00","0","9","23","3316.05","5","9","1842.25","3","1","8","0.0500","0.0549","0.2800","0.1400","0.20","0.10","3","1","0.00","0.20"
"981","40001000000007768539","fraud_Ruecker Group","home","368.99","33.4484","-112.0740","1625000","1704578940","2024-01-06 22:09:00","0","1","16","372.13","8","17","2956.17","4","3","11","0.0520","0.0698","0.2900","0.1900","0.00","0.20","1","2","0.10","0.30"
"982","40001000000007776458","fraud_Stokes and Sons","health_fitness","369.53","32.7767","-96.7970","1304000","1704579480","2024-01-06 22:18:00","0","2","18","745.34","3","17","1117.09","5","5","14","0.0540","0.0847","0.3000","0.2400","0.10","0.30","2","3","0.20","0.40"
"983","40001000000007784377","fraud_Bahringer Group","home","370.07","47.6062","-122.3321","737000","1704580020","2024-01-06 22:27:00","0","3","20","1119.63","6","7","2233.17","6","7","17","0.0560","0.0996","0.3100","0.2900","0.20","0.00","3","1","0.30","0.00"
"984","40001000000007792296","fraud_Haley Ltd","health_fitness","370.61","40.7128","-74.0060","8419000","1704580560","2024-01-06 22:36:00","0","4","22","1495.00","1","7","387.61","1","2","2","0.0580","0.1145","0.3200","0.3400","0.00","0.10","1","2","0.40","0.10"
"985","40001000000007800215","fraud_McDermott PLC","home","371.15","34.0522","-118.2437","3980000","1704581100","2024-01-06 22:45:00","0","5","24","1871.45","4","15","1484.60","2","4","5","0.0600","0.1294","0.3300","0.3900","0.10","0.20","2","3","0.00","0.20"
"986","40001000000007808134","fraud_Lynch-Wisozk","health_fitness","371.69","41.8781","-87.6298","2746000","1704581640","2024-01-06 22:54:00","1","6","26","2248.98","7","23","2606.08","3","6","8","0.0620","0.1443","0.3400","0.4400","0.20","0.30","3","1","0.10","0.30"
"987","40001000000007816053","fraud_Huels-Nolan","home","372.23","29.7604","-95.3698","2328000","1704582180","2024-01-06 23:03:00","0","7","7","2605.61","2","5","752.96","4","1","11","0.0640","0.1591","0.3500","0.0200","0.00","0.00","1","2","0.20","0.40"
"988","40001000000007823972","fraud_Schmeler Inc","health_fitness","370.56","39.9526","-75.1652","1600000","1704582720","2024-01-06 23:12:00","0","8","9","2967.62","5","13","1865.55","5","3","14","0.0660","0.1740","0.3600","0.0700","0.10","0.10","2","3","0.30","0.00"
"989","40001000000007831891","fraud_Heathcote LLC","home","371.10","33.4484","-112.0740","1625000","1704583260","2024-01-06 23:21:00","0","9","11","3346.18","8","21","2985.80","6","5","17","0.0680","0.1889","0.3700","0.1200","0.20","0.20","3","1","0.40","0.10"
"990","40001000000007839810","fraud_Kilback LLC","grocery_pos","371.64","32.7767","-96.7970","1304000","1704583800","2024-01-06 23:30:00","0","1","4","381.06","3","3","1114.92","1","7","2","0.0700","0.2038","0.3800","0.1700","0.00","0.30","1","2","0.00","0.20"
"991","40001000000007847729","fraud_Ruecker Group","personal_care","372.18","47.6062","-122.3321","737000","1704584340","2024-01-06 23:39:00","0","2","6","756.92","6","11","2237.33","2","2","5","0.0720","0.2187","0.3900","0.2200","0.10","0.00","2","3","0.10","0.30"
"992","40001000000007855648","fraud_Stokes and Sons","grocery_pos","372.72","40.7128","-74.0060","8419000","1704584880","2024-01-06 23:48:00","0","3","8","1133.86","1","11","381.22","3","4","8","0.0740","0.0443","0.4000","0.2700","0.20","0.10","3","1","0.20","0.40"
"993","40001000000007863567","fraud_Bahringer Group","personal_care","373.26","34.0522","-118.2437","3980000","1704585420","2024-01-06 23:57:00","0","4","10","1511.88","4","19","1505.79","4","6","11","0.0760","0.0591","0.4100","0.3200","0.00","0.20","1","2","0.30","0.00"
"994","40001000000007871486","fraud_Haley Ltd","grocery_pos","373.80","41.8781","-87.6298","2746000","1704585960","2024-01-07 00:06:00","0","5","12","1869.00","7","9","2633.60","5","1","14","0.0780","0.0740","0.4200","0.3700","0.10","0.30","2","3","0.40","0.10"
"995","40001000000007879405","fraud_McDermott PLC","personal_care","374.34","29.7604","-95.3698","2328000","1704586500","2024-01-07 00:15:00","0","6","14","2249.18","2","9","748.68","6","3","17","0.0800","0.0889","0.4300","0.4200","0.20","0.00","3","1","0.00","0.20"
"996","40001000000007887324","fraud_Lynch-Wisozk","grocery_pos","374.88","39.9526","-75.1652","1600000","1704587040","2024-01-07 00:24:00","0","7","16","2630.44","5","17","1878.65","1","5","2","0.0820","0.1038","0.4400","0.4700","0.00","0.10","1","2","0.10","0.30"
"997","40001000000007895243","fraud_Huels-Nolan","personal_care","375.42","33.4484","-112.0740","1625000","1704587580","2024-01-07 00:33:00","0","8","18","3012.78","8","25","3011.86","2","7","5","0.0840","0.1187","0.4500","0.0500","0.10","0.20","2","3","0.20","0.40"
"998","40001000000007903162","fraud_Schmeler Inc","grocery_pos","375.96","32.7767","-96.7970","1304000","1704588120","2024-01-07 00:42:00","0","9","20","3396.20","3","7","1140.63","3","2","8","0.0860","0.1336","0.4600","0.1000","0.20","0.30","3","1","0.30","0.00"
"999","40001000000007911081","fraud_Heathcote LLC","personal_care","376.50","47.6062","-122.3321","737000","1704588660","2024-01-07 00:51:00","0","1","13","392.20","6","15","2276.00","4","4","11","0.0880","0.1485","0.4700","0.1500","0.00","0.00","1","2","0.40","0.10"
"1000","40001000000007919000","fraud_Kilback LLC","grocery_pos","377.04","40.7128","-74.0060","8419000","1704589200","2024-01-07 01:00:00","0","2","15","772.92","1","15","377.04","5","6","14","0.0900","0.1634","0.4800","0.2000","0.10","0.10","2","3","0.00","0.20"
"1001","40001000000007926919","fraud_Ruecker Group","misc_net","375.37","34.0522","-118.2437","3980000","1704589740","2024-01-07 01:09:00","0","3","17","1126.11","4","5","1505.73","6","1","17","0.0920","0.1783","0.4900","0.2500","0.20","0.20","3","1","0.10","0.30"
"1002","40001000000007934838","fraud_Stokes and Sons","shopping_net","375.91","41.8781","-87.6298","2746000","1704590280","2024-01-07 01:18:00","0","4","19","1506.78","7","13","2639.87","1","3","2","0.0940","0.1932","0.5000","0.3000","0.00","0.30","1","2","0.20","0.40"
"1003","40001000000007942757","fraud_Bahringer Group","misc_net","376.45","29.7604","-95.3698","2328000","1704590820","2024-01-07 01:27:00","1","5","21","1888.53","2","13","765.65","2","5","5","0.0960","0.2081","0.5100","0.3500","0.10","0.00","2","3","0.30","0.00"
"1004","40001000000007950676","fraud_Haley Ltd","shopping_net","376.99","39.9526","-75.1652","1600000","1704591360","2024-01-07 01:36:00","0","6","23","2271.36","5","21","1901.95","3","7","8","0.0980","0.2230","0.5200","0.4000","0.20","0.10","3","1","0.40","0.10"
"1005","40001000000007958595","fraud_McDermott PLC","misc_net","377.53","33.4484","-112.0740","1625000","1704591900","2024-01-07 01:45:00","0","7","25","2655.27","8","11","3020.24","4","2","11","0.1000","0.0485","0.5300","0.4500","0.00","0.20","1","2","0.00","0.20"
"1006","40001000000007966514","fraud_Lynch-Wisozk","shopping_net","378.07","32.7767","-96.7970","1304000","1704592440","2024-01-07 01:54:00","0","8","27","3040.26","3","11","1138.46","5","4","14","0.1020","0.0634","0.5400","0.0300","0.10","0.30","2","3","0.10","0.30"
"1007","40001000000007974433","fraud_Huels-Nolan","misc_net","378.61","47.6062","-122.3321","737000","1704592980","2024-01-07 02:03:00","0","9","29","3426.33","6","19","2280.16","6","6","17","0.1040","0.0783","0.0200","0.0800","0.20","0.00","3","1","0.20","0.40"
"1008","40001000000007982352","fraud_Schmeler Inc","shopping_net","379.15","40.7128","-74.0060","8419000","1704593520","2024-01-07 02:12:00","0","1","1","379.15","1","1","391.90","1","1","2","0.1060","0.0932","0.0300","0.1300","0.00","0.10","1","2","0.30","0.00"
"1009","40001000000007990271","fraud_Heathcote LLC","misc_net","379.69","34.0522","-118.2437","3980000","1704594060","2024-01-07 02:21:00","0","2","3","762.52","4","9","1535.76","2","3","5","0.1080","0.1081","0.0400","0.1800","0.10","0.20","2","3","0.40","0.10"
"1010","40001000000007998190","fraud_Kilback LLC","shopping_net","380.23","41.8781","-87.6298","2746000","1704594600","2024-01-07 02:30:00","0","3","5","1146.97","7","17","2661.61","3","5","8","0.1100","0.1230","0.0500","0.2300","0.20","0.30","3","1","0.00","0.20"
"1011","40001000000008006109","fraud_Ruecker Group","misc_net","380.77","29.7604","-95.3698","2328000","1704595140","2024-01-07 02:39:00","0","4","7","1532.50","2","17","765.79","4","7","11","0.1120","0.1379","0.0600","0.2800","0.00","0.00","1","2","0.10","0.30"
"1012","40001000000008014028","fraud_Stokes and Sons","gas_transport","381.31","39.9526","-75.1652","1600000","1704595680","2024-01-07 02:48:00","0","5","9","1919.11","5","7","1915.05","5","2","14","0.1140","0.1528","0.0700","0.3300","0.10","0.10","2","3","0.20","0.40"
"1013","40001000000008021947","fraud_Bahringer Group","food_dining","381.85","33.4484","-112.0740","1625000","1704596220","2024-01-07 02:57:00","0","6","11","2306.80","8","15","3067.55","6","4","17","0.1160","0.1677","0.0800","0.3800","0.20","0.20","3","1","0.30","0.00"
"1014","40001000000008029866","fraud_Haley Ltd","gas_transport","380.18","32.7767","-96.7970","1304000","1704596760","2024-01-07 03:06:00","0","7","13","2680.10","3","15","1157.54","1","6","2","0.1180","0.1826","0.0900","0.4300","0.00","0.30","1","2","0.40","0.10"
"1015","40001000000008037785","fraud_McDermott PLC","food_dining","380.72","47.6062","-122.3321","737000","1704597300","2024-01-07 03:15:00","0","8","15","3045.76","6","23","2284.32","2","1","5","0.1200","0.1974","0.1000","0.4800","0.10","0.00","2","3","0.00","0.20"
"1016","40001000000008045704","fraud_Lynch-Wisozk","gas_transport","381.26","40.7128","-74.0060","8419000","1704597840","2024-01-07 03:24:00","0","9","17","3434.48","1","5","385.51","3","3","8","0.1220","0.2123","0.1100","0.0600","0.20","0.10","3","1","0.10","0.30"
"1017","40001000000008053623","fraud_Huels-Nolan","food_dining","381.80","34.0522","-118.2437","3980000","1704598380","2024-01-07 03:33:00","0","1","10","388.08","4","13","1535.70","4","5","11","0.1240","0.2272","0.1200","0.1100","0.00","0.20","1","2","0.20","0.40"
"1018","40001000000008061542","fraud_Schmeler Inc","gas_transport","382.34","41.8781","-87.6298","2746000","1704598920","2024-01-07 03:42:00","0","2","12","774.10","7","21","2689.13","5","7","14","0.1260","0.0528","0.1300","0.1600","0.10","0.30","2","3","0.30","0.00"
"1019","40001000000008069461","fraud_Heathcote LLC","food_dining","382.88","29.7604","-95.3698","2328000","1704599460","2024-01-07 03:51:00","0","3","14","1161.20","2","3","782.76","6","2","17","0.1280","0.0677","0.1400","0.2100","0.20","0.00","3","1","0.40","0.10"
"1020","40001000000008077380","fraud_Kilback LLC","gas_transport","383.42","39.9526","-75.1652","1600000","1704600000","2024-01-07 04:00:00","1","4","16","1549.38","5","11","1917.10","1","4","2","0.1300","0.0826","0.1500","0.2600","0.00","0.10","1","2","0.00","0.20"
"1021","40001000000008085299","fraud_Ruecker Group","food_dining","383.96","33.4484","-112.0740","1625000","1704600540","2024-01-07 04:09:00","0","5","18","1938.64","8","19","3075.93","2","6","5","0.1320","0.0974","0.1600","0.3100","0.10","0.20","2","3","0.10","0.30"
"1022","40001000000008093218","fraud_Stokes and Sons","gas_transport","384.50","32.7767","-96.7970","1304000","1704601080","2024-01-07 04:18:00","0","6","20","2307.00","3","19","1162.00","3","1","8","0.1340","0.1123","0.1700","0.3600","0.20","0.30","3","1","0.20","0.40"
"1023","40001000000008101137","fraud_Bahringer Group","travel","385.04","47.6062","-122.3321","737000","1704601620","2024-01-07 04:27:00","0","7","22","2698.42","6","9","2322.99","4","3","11","0.1360","0.1272","0.1800","0.4100","0.00","0.00","1","2","0.30","0.00"
"1024","40001000000008109056","fraud_Haley Ltd","entertainment","385.58","40.7128","-74.0060","8419000","1704602160","2024-01-07 04:36:00","0","8","24","3090.92","1","9","402.58","5","5","14","0.1380","0.1421","0.1900","0.4600","0.10","0.10","2","3","0.40","0.10"
"1025","40001000000008116975","fraud_McDermott PLC","travel","386.12","34.0522","-118.2437","3980000","1704602700","2024-01-07 04:45:00","0","9","26","3484.50","4","17","1544.48","6","7","17","0.1400","0.1570","0.2000","0.0400","0.20","0.20","3","1","0.00","0.20"
"1026","40001000000008124894","fraud_Lynch-Wisozk","entertainment","386.66","41.8781","-87.6298","2746000","1704603240","2024-01-07 04:54:00","0","1","19","399.22","7","7","2710.87","1","2","2","0.1420","0.1719","0.2100","0.0900","0.00","0.30","1","2","0.10","0.30"
"1027","40001000000008132813","fraud_Huels-Nolan","travel","384.99","29.7604","-95.3698","2328000","1704603780","2024-01-07 05:03:00","0","2","21","785.68","2","7","778.48","2","4","5","0.1440","0.1868","0.2200","0.1400","0.10","0.00","2","3","0.20","0.40"
"1028","40001000000008140732","fraud_Schmeler Inc","entertainment","385.53","39.9526","-75.1652","1600000","1704604320","2024-01-07 05:12:00","0","3","23","1175.43","5","15","1940.40","3","6","8","0.1460","0.2017","0.2300","0.1900","0.20","0.10","3","1","0.30","0.00"
"1029","40001000000008148651","fraud_Heathcote LLC","travel","386.07","33.4484","-112.0740","1625000","1704604860","2024-01-07 05:21:00","0","4","4","1544.28","8","23","3105.56","4","1","11","0.1480","0.2166","0.2400","0.2400","0.00","0.20","1","2","0.40","0.10"
"1030","40001000000008156570","fraud_Kilback LLC","entertainment","386.61","32.7767","-96.7970","1304000","1704605400","2024-01-07 05:30:00","0","5","6","1936.19","3","5","1159.83","5","3","14","0.1500","0.0421","0.2500","0.2900","0.10","0.30","2","3","0.00","0.20"
"1031","40001000000008164489","fraud_Ruecker Group","travel","387.15","47.6062","-122.3321","737000","1704605940","2024-01-07 05:39:00","0","6","8","2329.18","6","13","2327.15","6","5","17","0.1520","0.0570","0.2600","0.3400","0.20","0.00","3","1","0.10","0.30"
"1032","40001000000008172408","fraud_Stokes and Sons","entertainment","387.69","40.7128","-74.0060","8419000","1704606480","2024-01-07 05:48:00","0","7","10","2723.25","1","13","396.19","1","7","2","0.1540","0.0719","0.2700","0.3900","0.00","0.10","1","2","0.20","0.40"
"1033","40001000000008180327","fraud_Bahringer Group","travel","388.23","34.0522","-118.2437","3980000","1704607020","2024-01-07 05:57:00","0","8","12","3118.40","4","21","1565.67","2","2","5","0.1560","0.0868","0.2800","0.4400","0.10","0.20","2","3","0.30","0.00"
"1034","40001000000008188246","fraud_Haley Ltd","home","388.77","41.8781","-87.6298","2746000","1704607560","2024-01-07 06:06:00","0","9","14","3514.63","7","11","2738.39","3","4","8","0.1580","0.1017","0.2900","0.0200","0.20","0.30","3","1","0.40","0.10"
"1035","40001000000008196165","fraud_McDermott PLC","health_fitness","389.31","29.7604","-95.3698","2328000","1704608100","2024-01-07 06:15:00","0","1","7","408.15","2","11","778.62","4","6","11","0.1600","0.1166","0.3000","0.0700","0.00","0.00","1","2","0.00","0.20"
"1036","40001000000008204084","fraud_Lynch-Wisozk","home","389.85","39.9526","-75.1652","1600000","1704608640","2024-01-07 06:24:00","0","2","9","779.70","5","19","1953.50","5","1","14","0.1620","0.1315","0.3100","0.1200","0.10","0.10","2","3","0.10","0.30"
"1037","40001000000008212003","fraud_Huels-Nolan","health_fitness","390.39","33.4484","-112.0740","1625000","1704609180","2024-01-07 06:33:00","1","3","11","1174.31","8","9","3131.62","6","3","17","0.1640","0.1464","0.3200","0.1700","0.20","0.20","3","1","0.20","0.40"
"1038","40001000000008219922","fraud_Schmeler Inc","home","390.93","32.7767","-96.7970","1304000","1704609720","2024-01-07 06:42:00","0","4","13","1570.00","3","9","1185.54","1","5","2","0.1660","0.1613","0.3300","0.2200","0.00","0.30","1","2","0.30","0.00"
"1039","40001000000008227841","fraud_Heathcote LLC","health_fitness","391.47","47.6062","-122.3321","737000","1704610260","2024-01-07 06:51:00","0","5","15","1966.77","6","17","2365.82","2","7","5","0.1680","0.1762","0.3400","0.2700","0.10","0.00","2","3","0.40","0.10"
"1040","40001000000008235760","fraud_Kilback LLC","home","389.80","40.7128","-74.0060","8419000","1704610800","2024-01-07 07:00:00","0","6","17","2351.36","1","17","389.80","3","2","8","0.1700","0.1911","0.3500","0.3200","0.20","0.10","3","1","0.00","0.20"
"1041","40001000000008243679","fraud_Ruecker Group","health_fitness","390.34","34.0522","-118.2437","3980000","1704611340","2024-01-07 07:09:00","0","7","19","2748.08","4","7","1565.61","4","4","11","0.1720","0.2060","0.3600","0.3700","0.00","0.20","1","2","0.10","0.30"
"1042","40001000000008251598","fraud_Stokes and Sons","home","390.88","41.8781","-87.6298","2746000","1704611880","2024-01-07 07:18:00","0","8","21","3145.88","7","15","2744.66","5","6","14","0.1740","0.2209","0.3700","0.4200","0.10","0.30","2","3","0.20","0.40"
"1043","40001000000008259517","fraud_Bahringer Group","health_fitness","391.42","29.7604","-95.3698","2328000","1704612420","2024-01-07 07:27:00","0","9","23","3522.78","2","15","795.59","6","1","17","0.1760","0.0464","0.3800","0.4700","0.20","0.00","3","1","0.30","0.00"
"1044","40001000000008267436","fraud_Haley Ltd","home","391.96","39.9526","-75.1652","1600000","1704612960","2024-01-07 07:36:00","0","1","16","395.10","5","5","1976.80","1","3","2","0.1780","0.0613","0.3900","0.0500","0.00","0.10","1","2","0.40","0.10"
"1045","40001000000008275355","fraud_McDermott PLC","grocery_pos","392.50","33.4484","-112.0740","1625000","1704613500","2024-01-07 07:45:00","0","2","18","791.28","8","13","3140.00","2","5","5","0.1800","0.0762","0.4000","0.1000","0.10","0.20","2","3","0.00","0.20"
"1046","40001000000008283274","fraud_Lynch-Wisozk","personal_care","393.04","32.7767","-96.7970","1304000","1704614040","2024-01-07 07:54:00","0","3","20","1188.54","3","13","1183.37","3","7","8","0.1820","0.0911","0.4100","0.1500","0.20","0.30","3","1","0.10","0.30"
"1047","40001000000008291193","fraud_Huels-Nolan","grocery_pos","393.58","47.6062","-122.3321","737000","1704614580","2024-01-07 08:03:00","0","4","22","1586.88","6","21","2369.98","4","2","11","0.1840","0.1060","0.4200","0.2000","0.00","0.00","1","2","0.20","0.40"
"1048","40001000000008299112","fraud_Schmeler Inc","personal_care","394.12","40.7128","-74.0060","8419000","1704615120","2024-01-07 08:12:00","0","5","24","1986.30","1","3","406.87","5","4","14","0.1860","0.1209","0.4300","0.2500","0.10","0.10","2","3","0.30","0.00"
"1049","40001000000008307031","fraud_Heathcote LLC","grocery_pos","394.66","34.0522","-118.2437","3980000","1704615660","2024-01-07 08:21:00","0","6","26","2386.80","4","11","1595.64","6","6","17","0.1880","0.1357","0.4400","0.3000","0.20","0.20","3","1","0.40","0.10"
"1050","40001000000008314950","fraud_Kilback LLC","personal_care","395.20","41.8781","-87.6298","2746000","1704616200","2024-01-07 08:30:00","0","7","7","2766.40","7","19","2766.40","1","1","2","0.1900","0.1506","0.4500","0.3500","0.00","0.30","1","2","0.00","0.20"
"1051","40001000000008322869","fraud_Ruecker Group","grocery_pos","395.74","29.7604","-95.3698","2328000","1704616740","2024-01-07 08:39:00","0","8","9","3169.06","2","19","795.73","2","3","5","0.1920","0.1655","0.4600","0.4000","0.10","0.00","2","3","0.10","0.30"
"1052","40001000000008330788","fraud_Stokes and Sons","personal_care","396.28","39.9526","-75.1652","1600000","1704617280","2024-01-07 08:48:00","0","9","11","3572.80","5","9","1989.90","3","5","8","0.1940","0.1804","0.4700","0.4500","0.20","0.10","3","1","0.20","0.40"
"1053","40001000000008338707","fraud_Bahringer Group","grocery_pos","394.61","33.4484","-112.0740","1625000","1704617820","2024-01-07 08:57:00","0","1","4","404.03","8","17","3169.63","4","7","11","0.1960","0.1953","0.4800","0.0300","0.00","0.20","1","2","0.30","0.00"
"1054","40001000000008346626","fraud_Haley Ltd","personal_care","395.15","32.7767","-96.7970","1304000","1704618360","2024-01-07 09:06:00","1","2","6","802.86","3","17","1202.45","5","2","14","0.1980","0.2102","0.4900","0.0800","0.10","0.30","2","3","0.40","0.10"
"1055","40001000000008354545","fraud_McDermott PLC","grocery_pos","395.69","47.6062","-122.3321","737000","1704618900","2024-01-07 09:15:00","0","3","8","1202.77","6","7","2374.14","6","4","17","0.2000","0.2251","0.5000","0.1300","0.20","0.00","3","1","0.00","0.20"
"1056","40001000000008362464","fraud_Lynch-Wisozk","misc_net","396.23","40.7128","-74.0060","8419000","1704619440","2024-01-07 09:24:00","0","4","10","1603.76","1","7","400.48","1","6","2","0.2020","0.0506","0.5100","0.1800","0.00","0.10","1","2","0.10","0.30"
"1057","40001000000008370383","fraud_Huels-Nolan","shopping_net","396.77","34.0522","-118.2437","3980000","1704619980","2024-01-07 09:33:00","0","5","12","1983.85","4","15","1595.58","2","1","5","0.2040","0.0655","0.5200","0.2300","0.10","0.20","2","3","0.20","0.40"
"1058","40001000000008378302","fraud_Schmeler Inc","misc_net","397.31","41.8781","-87.6298","2746000","1704620520","2024-01-07 09:42:00","0","6","14","2387.00","7","23","2793.92","3","3","8","0.2060","0.0804","0.5300","0.2800","0.20","0.30","3","1","0.30","0.00"
"1059","40001000000008386221","fraud_Heathcote LLC","shopping_net","397.85","29.7604","-95.3698","2328000","1704621060","2024-01-07 09:51:00","0","7","16","2791.23","2","5","812.70","4","5","11","0.2080","0.0953","0.5400","0.3300","0.00","0.00","1","2","0.40","0.10"
"1060","40001000000008394140","fraud_Kilback LLC","misc_net","398.39","39.9526","-75.1652","1600000","1704621600","2024-01-07 10:00:00","0","8","18","3196.54","5","13","1991.95","5","7","14","0.2100","0.1102","0.0200","0.3800","0.10","0.10","2","3","0.00","0.20"
"1061","40001000000008402059","fraud_Ruecker Group","shopping_net","398.93","33.4484","-112.0740","1625000","1704622140","2024-01-07 10:09:00","0","9","20","3602.93","8","21","3195.69","6","2","17","0.2120","0.1251","0.0300","0.4300","0.20","0.20","3","1","0.10","0.30"
"1062","40001000000008409978","fraud_Stokes and Sons","misc_net","399.47","32.7767","-96.7970","1304000","1704622680","2024-01-07 10:18:00","0","1","13","415.17","3","3","1206.91","1","4","2","0.2140","0.1400","0.0400","0.4800","0.00","0.30","1","2","0.20","0.40"
"1063","40001000000008417897","fraud_Bahringer Group","shopping_net","400.01","47.6062","-122.3321","737000","1704623220","2024-01-07 10:27:00","0","2","15","818.86","6","11","2412.81","2","6","5","0.2160","0.1549","0.0500","0.0600","0.10","0.00","2","3","0.30","0.00"
"1064","40001000000008425816","fraud_Haley Ltd","misc_net","400.55","40.7128","-74.0060","8419000","1704623760","2024-01-07 10:36:00","0","3","17","1201.65","1","11","417.55","3","1","8","0.2180","0.1698","0.0600","0.1100","0.20","0.10","3","1","0.40","0.10"
"1065","40001000000008433735","fraud_McDermott PLC","shopping_net","401.09","34.0522","-118.2437","3980000","1704624300","2024-01-07 10:45:00","0","4","19","1607.50","4","19","1604.36","4","3","11","0.2200","0.1847","0.0700","0.1600","0.00","0.20","1","2","0.00","0.20"
"1066","40001000000008441654","fraud_Lynch-Wisozk","misc_net","399.42","41.8781","-87.6298","2746000","1704624840","2024-01-07 10:54:00","0","5","21","2003.38","7","9","2800.19","5","5","14","0.2220","0.1996","0.0800","0.2100","0.10","0.30","2","3","0.10","0.30"
"1067","40001000000008449573","fraud_Huels-Nolan","gas_transport","399.96","29.7604","-95.3698","2328000","1704625380","2024-01-07 11:03:00","0","6","23","2409.18","2","9","808.42","6","7","17","0.0300","0.2145","0.0900","0.2600","0.20","0.00","3","1","0.20","0.40"
"1068","40001000000008457492","fraud_Schmeler Inc","food_dining","400.50","39.9526","-75.1652","1600000","1704625920","2024-01-07 11:12:00","0","7","25","2816.06","5","17","2015.25","1","2","2","0.0320","0.0400","0.1000","0.3100","0.00","0.10","1","2","0.30","0.00"
"1069","40001000000008465411","fraud_Heathcote LLC","gas_transport","401.04","33.4484","-112.0740","1625000","1704626460","2024-01-07 11:21:00","0","8","27","3224.02","8","25","3225.32","2","4","5","0.0340","0.0549","0.1100","0.3600","0.10","0.20","2","3","0.40","0.10"
"1070","40001000000008473330","fraud_Kilback LLC","food_dining","401.58","32.7767","-96.7970","1304000","1704627000","2024-01-07 11:30:00","0","9","29","3633.06","3","7","1204.74","3","6","8","0.0360","0.0698","0.1200","0.4100","0.20","0.30","3","1","0.00","0.20"
"1071","40001000000008481249","fraud_Ruecker Group","gas_transport","402.12","47.6062","-122.3321","737000","1704627540","2024-01-07 11:39:00","1","1","1","402.12","6","15","2416.97","4","1","11","0.0380","0.0847","0.1300","0.4600","0.00","0.00","1","2","0.10","0.30"
"1072","40001000000008489168","fraud_Stokes and Sons","food_dining","402.66","40.7128","-74.0060","8419000","1704628080","2024-01-07 11:48:00","0","2","3","808.46","1","15","411.16","5","3","14","0.0400","0.0996","0.1400","0.0400","0.10","0.10","2","3","0.20","0.40"
"1073","40001000000008497087","fraud_Bahringer Group","gas_transport","403.20","34.0522","-118.2437","3980000","1704628620","2024-01-07 11:57:00","0","3","5","1215.88","4","5","1625.55","6","5","17","0.0420","0.1145","0.1500","0.0900","0.20","0.20","3","1","0.30","0.00"
"1074","40001000000008505006","fraud_Haley Ltd","food_dining","403.74","41.8781","-87.6298","2746000","1704629160","2024-01-07 12:06:00","0","4","7","1624.38","7","13","2843.18","1","7","2","0.0440","0.1294","0.1600","0.1400","0.00","0.30","1","2","0.40","0.10"
"1075","40001000000008512925","fraud_McDermott PLC","gas_transport","404.28","29.7604","-95.3698","2328000","1704629700","2024-01-07 12:15:00","0","5","9","2033.96","2","13","808.56","2","2","5","0.0460","0.1443","0.1700","0.1900","0.10","0.00","2","3","0.00","0.20"
"1076","40001000000008520844","fraud_Lynch-Wisozk","food_dining","404.82","39.9526","-75.1652","1600000","1704630240","2024-01-07 12:24:00","0","6","11","2444.62","5","21","2028.35","3","4","8","0.0480","0.1591","0.1800","0.2400","0.20","0.10","3","1","0.10","0.30"
"1077","40001000000008528763","fraud_Huels-Nolan","gas_transport","405.36","33.4484","-112.0740","1625000","1704630780","2024-01-07 12:33:00","0","7","13","2856.36","8","11","3251.38","4","6","11","0.0500","0.1740","0.1900","0.2900","0.00","0.20","1","2","0.20","0.40"
"1078","40001000000008536682","fraud_Schmeler Inc","travel","405.90","32.7767","-96.7970","1304000","1704631320","2024-01-07 12:42:00","0","8","15","3247.20","3","11","1230.45","5","1","14","0.0520","0.1889","0.2000","0.3400","0.10","0.30","2","3","0.30","0.00"
"1079","40001000000008544601","fraud_Heathcote LLC","entertainment","404.23","47.6062","-122.3321","737000","1704631860","2024-01-07 12:51:00","0","9","17","3641.21","6","19","2442.38","6","3","17","0.0540","0.2038","0.2100","0.3900","0.20","0.00","3","1","0.40","0.10"
"1080","40001000000008552520","fraud_Kilback LLC","travel","404.77","40.7128","-74.0060","8419000","1704632400","2024-01-07 13:00:00","0","1","10","411.05","1","1","404.77","1","5","2","0.0560","0.2187","0.2200","0.4400","0.00","0.10","1","2","0.00","0.20"
"1081","40001000000008560439","fraud_Ruecker Group","entertainment","405.31","34.0522","-118.2437","3980000","1704632940","2024-01-07 13:09:00","0","2","12","820.04","4","9","1625.49","2","7","5","0.0580","0.0443","0.2300","0.0200","0.10","0.20","2","3","0.10","0.30"
"1082","40001000000008568358","fraud_Stokes and Sons","travel","405.85","41.8781","-87.6298","2746000","1704633480","2024-01-07 13:18:00","0","3","14","1230.11","7","17","2849.45","3","2","8","0.0600","0.0591","0.2400","0.0700","0.20","0.30","3","1","0.20","0.40"
"1083","40001000000008576277","fraud_Bahringer Group","entertainment","406.39","29.7604","-95.3698","2328000","1704634020","2024-01-07 13:27:00","0","4","16","1641.26","2","17","825.53","4","4","11","0.0620","0.0740","0.2500","0.1200","0.00","0.00","1","2","0.30","0.00"
"1084","40001000000008584196","fraud_Haley Ltd","travel","406.93","39.9526","-75.1652","1600000","1704634560","2024-01-07 13:36:00","0","5","18","2053.49","5","7","2051.65","5","6","14","0.0640","0.0889","0.2600","0.1700","0.10","0.10","2","3","0.40","0.10"
"1085","40001000000008592115","fraud_McDermott PLC","entertainment","407.47","33.4484","-112.0740","1625000","1704635100","2024-01-07 13:45:00","0","6","20","2444.82","8","15","3259.76","6","1","17","0.0660","0.1038","0.2700","0.2200","0.20","0.20","3","1","0.00","0.20"
"1086","40001000000008600034","fraud_Lynch-Wisozk","travel","408.01","32.7767","-96.7970","1304000","1704635640","2024-01-07 13:54:00","0","7","22","2859.21","3","15","1228.28","1","3","2","0.0680","0.1187","0.2800","0.2700","0.00","0.30","1","2","0.10","0.30"
"1087","40001000000008607953","fraud_Huels-Nolan","entertainment","408.55","47.6062","-122.3321","737000","1704636180","2024-01-07 14:03:00","0","8","24","3274.68","6","23","2459.80","2","5","5","0.0700","0.1336","0.2900","0.3200","0.10","0.00","2","3","0.20","0.40"
"1088","40001000000008615872","fraud_Schmeler Inc","travel","409.09","40.7128","-74.0060","8419000","1704636720","2024-01-07 14:12:00","1","9","26","3691.23","1","5","421.84","3","7","8","0.0720","0.1485","0.3000","0.3700","0.20","0.10","3","1","0.30","0.00"
"1089","40001000000008623791","fraud_Heathcote LLC","home","409.63","34.0522","-118.2437","3980000","1704637260","2024-01-07 14:21:00","0","1","19","422.19","4","13","1655.52","4","2","11","0.0740","0.1634","0.3100","0.4200","0.00","0.20","1","2","0.40","0.10"
"1090","40001000000008631710","fraud_Kilback LLC","health_fitness","410.17","41.8781","-87.6298","2746000","1704637800","2024-01-07 14:30:00","0","2","21","836.04","7","21","2871.19","5","4","14","0.0760","0.1783","0.3200","0.4700","0.10","0.30","2","3","0.00","0.20"
"1091","40001000000008639629","fraud_Ruecker Group","home","410.71","29.7604","-95.3698","2328000","1704638340","2024-01-07 14:39:00","0","3","23","1250.97","2","3","825.67","6","6","17","0.0780","0.1932","0.3300","0.0500","0.20","0.00","3","1","0.10","0.30"
"1092","40001000000008647548","fraud_Stokes and Sons","health_fitness","409.04","39.9526","-75.1652","1600000","1704638880","2024-01-07 14:48:00","0","4","4","1636.16","5","11","2053.70","1","1","2","0.0800","0.2081","0.3400","0.1000","0.00","0.10","1","2","0.20","0.40"
"1093","40001000000008655467","fraud_Bahringer Group","home","409.58","33.4484","-112.0740","1625000","1704639420","2024-01-07 14:57:00","0","5","6","2051.04","8","19","3289.39","2","3","5","0.0820","0.2230","0.3500","0.1500","0.10","0.20","2","3","0.30","0.00"
"1094","40001000000008663386","fraud_Haley Ltd","health_fitness","410.12","32.7767","-96.7970","1304000","1704639960","2024-01-07 15:06:00","0","6","8","2467.00","3","19","1247.36","3","5","8","0.0840","0.0485","0.3600","0.2000","0.20","0.30","3","1","0.40","0.10"
"1095","40001000000008671305","fraud_McDermott PLC","home","410.66","47.6062","-122.3321","737000","1704640500","2024-01-07 15:15:00","0","7","10","2884.04","6","9","2463.96","4","7","11","0.0860","0.0634","0.3700","0.2500","0.00","0.00","1","2","0.00","0.20"
"1096","40001000000008679224","fraud_Lynch-Wisozk","health_fitness","411.20","40.7128","-74.0060","8419000","1704641040","2024-01-07 15:24:00","0","8","12","3302.16","1","9","415.45","5","2","14","0.0880","0.0783","0.3800","0.3000","0.10","0.10","2","3","0.10","0.30"
"1097","40001000000008687143","fraud_Huels-Nolan","home","411.74","34.0522","-118.2437","3980000","1704641580","2024-01-07 15:33:00","0","9","14","3721.36","4","17","1655.46","6","4","17","0.0900","0.0932","0.3900","0.3500","0.20","0.20","3","1","0.20","0.40"
"1098","40001000000008695062","fraud_Schmeler Inc","health_fitness","412.28","41.8781","-87.6298","2746000","1704642120","2024-01-07 15:42:00","0","1","7","431.12","7","7","2898.71","1","6","2","0.0920","0.1081","0.4000","0.4000","0.00","0.30","1","2","0.30","0.00"
"1099","40001000000008702981","fraud_Heathcote LLC","home","412.82","29.7604","-95.3698","2328000","1704642660","2024-01-07 15:51:00","0","2","9","825.64","2","7","842.64","2","1","5","0.0940","0.1230","0.4100","0.4500","0.10","0.00","2","3","0.40","0.10"
"1100","40001000000008710900","fraud_Kilback LLC","grocery_pos","413.36","39.9526","-75.1652","1600000","1704643200","2024-01-07 16:00:00","0","3","11","1243.22","5","15","2066.80","3","3","8","0.0960","0.1379","0.4200","0.0300","0.20","0.10","3","1","0.00","0.20"
"1101","40001000000008718819","fraud_Ruecker Group","personal_care","413.90","33.4484","-112.0740","1625000","1704643740","2024-01-07 16:09:00","0","4","13","1661.88","8","23","3315.45","4","5","11","0.0980","0.1528","0.4300","0.0800","0.00","0.20","1","2","0.10","0.30"
"1102","40001000000008726738","fraud_Stokes and Sons","grocery_pos","414.44","32.7767","-96.7970","1304000","1704644280","2024-01-07 16:18:00","0","5","15","2081.62","3","5","1251.82","5","7","14","0.1000","0.1677","0.4400","0.1300","0.10","0.30","2","3","0.20","0.40"
"1103","40001000000008734657","fraud_Bahringer Group","personal_care","414.98","47.6062","-122.3321","737000","1704644820","2024-01-07 16:27:00","0","6","17","2502.44","6","13","2502.63","6","2","17","0.1020","0.1826","0.4500","0.1800","0.20","0.00","3","1","0.30","0.00"
"1104","40001000000008742576","fraud_Haley Ltd","grocery_pos","415.52","40.7128","-74.0060","8419000","1704645360","2024-01-07 16:36:00","0","7","19","2924.34","1","13","432.52","1","4","2","0.1040","0.1974","0.4600","0.2300","0.00","0.10","1","2","0.40","0.10"
"1105","40001000000008750495","fraud_McDermott PLC","personal_care","413.85","34.0522","-118.2437","3980000","1704645900","2024-01-07 16:45:00","1","8","21","3329.64","4","21","1655.40","2","6","5","0.1060","0.2123","0.4700","0.2800","0.10","0.20","2","3","0.00","0.20"
"1106","40001000000008758414","fraud_Lynch-Wisozk","grocery_pos","414.39","41.8781","-87.6298","2746000","1704646440","2024-01-07 16:54:00","0","9","23","3729.51","7","11","2904.98","3","1","8","0.1080","0.2272","0.4800","0.3300","0.20","0.30","3","1","0.10","0.30"
"1107","40001000000008766333","fraud_Huels-Nolan","personal_care","414.93","29.7604","-95.3698","2328000","1704646980","2024-01-07 17:03:00","0","1","16","418.07","2","11","838.36","4","3","11","0.1100","0.0528","0.4900","0.3800","0.00","0.00","1","2","0.20","0.40"
"1108","40001000000008774252","fraud_Schmeler Inc","grocery_pos","415.47","39.9526","-75.1652","1600000","1704647520","2024-01-07 17:12:00","0","2","18","837.22","5","19","2090.10","5","5","14","0.1120","0.0677","0.5000","0.4300","0.10","0.10","2","3","0.30","0.00"
"1109","40001000000008782171","fraud_Heathcote LLC","personal_care","416.01","33.4484","-112.0740","1625000","1704648060","2024-01-07 17:21:00","0","3","20","1257.45","8","9","3345.08","6","7","17","0.1140","0.0826","0.5100","0.4800","0.20","0.20","3","1","0.40","0.10"
"1110","40001000000008790090","fraud_Kilback LLC","grocery_pos","416.55","32.7767","-96.7970","1304000","1704648600","2024-01-07 17:30:00","0","4","22","1678.76","3","9","1249.65","1","2","2","0.1160","0.0974","0.5200","0.0600","0.00","0.30","1","2","0.00","0.20"
"1111","40001000000008798009","fraud_Ruecker Group","misc_net","417.09","47.6062","-122.3321","737000","1704649140","2024-01-07 17:39:00","0","5","24","2101.15","6","17","2506.79","2","4","5","0.1180","0.1123","0.5300","0.1100","0.10","0.00","2","3","0.10","0.30"
"1112","40001000000008805928","fraud_Stokes and Sons","shopping_net","417.63","40.7128","-74.0060","8419000","1704649680","2024-01-07 17:48:00","0","6","26","2524.62","1","17","426.13","3","6","8","0.1200","0.1272","0.5400","0.1600","0.20","0.10","3","1","0.20","0.40"
"1113","40001000000008813847","fraud_Bahringer Group","misc_net","418.17","34.0522","-118.2437","3980000","1704650220","2024-01-07 17:57:00","0","7","7","2927.19","4","7","1685.43","4","1","11","0.1220","0.1421","0.0200","0.2100","0.00","0.20","1","2","0.30","0.00"
"1114","40001000000008821766","fraud_Haley Ltd","shopping_net","418.71","41.8781","-87.6298","2746000","1704650760","2024-01-07 18:06:00","0","8","9","3352.82","7","15","2947.97","5","3","14","0.1240","0.1570","0.0300","0.2600","0.10","0.30","2","3","0.40","0.10"
"1115","40001000000008829685","fraud_McDermott PLC","misc_net","419.25","29.7604","-95.3698","2328000","1704651300","2024-01-07 18:15:00","0","9","11","3779.53","2","15","838.50","6","5","17","0.1260","0.1719","0.0400","0.3100","0.20","0.00","3","1","0.00","0.20"
"1116","40001000000008837604","fraud_Lynch-Wisozk","shopping_net","419.79","39.9526","-75.1652","1600000","1704651840","2024-01-07 18:24:00","0","1","4","429.21","5","5","2103.20","1","7","2","0.1280","0.1868","0.0500","0.3600","0.00","0.10","1","2","0.10","0.30"
"1117","40001000000008845523","fraud_Huels-Nolan","misc_net","420.33","33.4484","-112.0740","1625000","1704652380","2024-01-07 18:33:00","0","2","6","853.22","8","13","3371.14","2","2","5","0.1300","0.2017","0.0600","0.4100","0.10","0.20","2","3","0.20","0.40"
"1118","40001000000008853442","fraud_Schmeler Inc","shopping_net","418.66","32.7767","-96.7970","1304000","1704652920","2024-01-07 18:42:00","0","3","8","1271.68","3","13","1268.73","3","4","8","0.1320","0.2166","0.0700","0.4600","0.20","0.30","3","1","0.30","0.00"
"1119","40001000000008861361","fraud_Heathcote LLC","misc_net","419.20","47.6062","-122.3321","737000","1704653460","2024-01-07 18:51:00","0","4","10","1695.64","6","21","2532.20","4","6","11","0.1340","0.0421","0.0800","0.0400","0.00","0.00","1","2","0.40","0.10"
"1120","40001000000008869280","fraud_Kilback LLC","shopping_net","419.74","40.7128","-74.0060","8419000","1704654000","2024-01-07 19:00:00","0","5","12","2098.70","1","3","419.74","5","1","14","0.1360","0.0570","0.0900","0.0900","0.10","0.10","2","3","0.00","0.20"
"1121","40001000000008877199","fraud_Ruecker Group","misc_net","420.28","34.0522","-118.2437","3980000","1704654540","2024-01-07 19:09:00","0","6","14","2524.82","4","11","1685.37","6","3","17","0.1380","0.0719","0.1000","0.1400","0.20","0.20","3","1","0.10","0.30"
"1122","40001000000008885118","fraud_Stokes and Sons","gas_transport","420.82","41.8781","-87.6298","2746000","1704655080","2024-01-07 19:18:00","1","7","16","2952.02","7","19","2954.24","1","5","2","0.1400","0.0868","0.1100","0.1900","0.00","0.30","1","2","0.20","0.40"
"1123","40001000000008893037","fraud_Bahringer Group","food_dining","421.36","29.7604","-95.3698","2328000","1704655620","2024-01-07 19:27:00","0","8","18","3380.30","2","19","855.47","2","7","5","0.1420","0.1017","0.1200","0.2400","0.10","0.00","2","3","0.30","0.00"
"1124","40001000000008900956","fraud_Haley Ltd","gas_transport","421.90","39.9526","-75.1652","1600000","1704656160","2024-01-07 19:36:00","0","9","20","3809.66","5","9","2126.50","3","2","8","0.1440","0.1166","0.1300","0.2900","0.20","0.10","3","1","0.40","0.10"
"1125","40001000000008908875","fraud_McDermott PLC","food_dining","422.44","33.4484","-112.0740","1625000","1704656700","2024-01-07 19:45:00","0","1","13","438.14","8","17","3379.52","4","4","11","0.1460","0.1315","0.1400","0.3400","0.00","0.20","1","2","0.00","0.20"
"1126","40001000000008916794","fraud_Lynch-Wisozk","gas_transport","422.98","32.7767","-96.7970","1304000","1704657240","2024-01-07 19:54:00","0","2","15","864.80","3","17","1273.19","5","6","14","0.1480","0.1464","0.1500","0.3900","0.10","0.30","2","3","0.10","0.30"
"1127","40001000000008924713","fraud_Huels-Nolan","food_dining","423.52","47.6062","-122.3321","737000","1704657780","2024-01-07 20:03:00","0","3","17","1270.56","6","7","2549.62","6","1","17","0.1500","0.1613","0.1600","0.4400","0.20","0.00","3","1","0.20","0.40"
"1128","40001000000008932632","fraud_Schmeler Inc","gas_transport","424.06","40.7128","-74.0060","8419000","1704658320","2024-01-07 20:12:00","0","4","19","1699.38","1","7","436.81","1","3","2","0.1520","0.1762","0.1700","0.0200","0.00","0.10","1","2","0.30","0.00"
"1129","40001000000008940551","fraud_Heathcote LLC","food_dining","424.60","34.0522","-118.2437","3980000","1704658860","2024-01-07 20:21:00","0","5","21","2129.28","4","15","1715.40","2","5","5","0.1540","0.1911","0.1800","0.0700","0.10","0.20","2","3","0.40","0.10"
"1130","40001000000008948470","fraud_Kilback LLC","gas_transport","425.14","41.8781","-87.6298","2746000","1704659400","2024-01-07 20:30:00","0","6","23","2560.26","7","23","2975.98","3","7","8","0.1560","0.2060","0.1900","0.1200","0.20","0.30","3","1","0.00","0.20"
"1131","40001000000008956389","fraud_Ruecker Group","food_dining","423.47","29.7604","-95.3698","2328000","1704659940","2024-01-07 20:39:00","0","7","25","2976.85","2","5","851.19","4","2","11","0.1580","0.2209","0.2000","0.1700","0.00","0.00","1","2","0.10","0.30"
"1132","40001000000008964308","fraud_Stokes and Sons","gas_transport","424.01","39.9526","-75.1652","1600000","1704660480","2024-01-07 20:48:00","0","8","27","3407.78","5","13","2128.55","5","4","14","0.1600","0.0464","0.2100","0.2200","0.10","0.10","2","3","0.20","0.40"
"1133","40001000000008972227","fraud_Bahringer Group","travel","424.55","33.4484","-112.0740","1625000","1704661020","2024-01-07 20:57:00","0","9","29","3839.79","8","21","3409.15","6","6","17","0.1620","0.0613","0.2200","0.2700","0.20","0.20","3","1","0.30","0.00"
"1134","40001000000008980146","fraud_Haley Ltd","entertainment","425.09","32.7767","-96.7970","1304000","1704661560","2024-01-07 21:06:00","0","1","1","425.09","3","3","1292.27","1","1","2","0.1640","0.0762","0.2300","0.3200","0.00","0.30","1","2","0.40","0.10"
"1135","40001000000008988065","fraud_McDermott PLC","travel","425.63","47.6062","-122.3321","737000","1704662100","2024-01-07 21:15:00","0","2","3","854.40","6","11","2553.78","2","3","5","0.1660","0.0911","0.2400","0.3700","0.10","0.00","2","3","0.00","0.20"
"1136","40001000000008995984","fraud_Lynch-Wisozk","entertainment","426.17","40.7128","-74.0060","8419000","1704662640","2024-01-07 21:24:00","0","3","5","1284.79","1","11","430.42","3","5","8","0.1680","0.1060","0.2500","0.4200","0.20","0.10","3","1","0.10","0.30"
"1137","40001000000009003903","fraud_Huels-Nolan","travel","426.71","34.0522","-118.2437","3980000","1704663180","2024-01-07 21:33:00","0","4","7","1716.26","4","19","1715.34","4","7","11","0.1700","0.1209","0.2600","0.4700","0.00","0.20","1","2","0.20","0.40"
"1138","40001000000009011822","fraud_Schmeler Inc","entertainment","427.25","41.8781","-87.6298","2746000","1704663720","2024-01-07 21:42:00","0","5","9","2148.81","7","9","3003.50","5","2","14","0.1720","0.1357","0.2700","0.0500","0.10","0.30","2","3","0.30","0.00"
"1139","40001000000009019741","fraud_Heathcote LLC","travel","427.79","29.7604","-95.3698","2328000","1704664260","2024-01-07 21:51:00","1","6","11","2582.44","2","9","872.58","6","4","17","0.1740","0.1506","0.2800","0.1000","0.20","0.00","3","1","0.40","0.10"
"1140","40001000000009027660","fraud_Kilback LLC","entertainment","428.33","39.9526","-75.1652","1600000","1704664800","2024-01-07 22:00:00","0","7","13","3017.15","5","17","2141.65","1","6","2","0.1760","0.1655","0.2900","0.1500","0.00","0.10","1","2","0.00","0.20"
"1141","40001000000009035579","fraud_Ruecker Group","travel","428.87","33.4484","-112.0740","1625000","1704665340","2024-01-07 22:09:00","0","8","15","3430.96","8","25","3435.21","2","1","5","0.1780","0.1804","0.3000","0.2000","0.10","0.20","2","3","0.10","0.30"
"1142","40001000000009043498","fraud_Stokes and Sons","entertainment","429.41","32.7767","-96.7970","1304000","1704665880","2024-01-07 22:18:00","0","9","17","3867.83","3","7","1296.73","3","3","8","0.1800","0.1953","0.3100","0.2500","0.20","0.30","3","1","0.20","0.40"
"1143","40001000000009051417","fraud_Bahringer Group","travel","429.95","47.6062","-122.3321","737000","1704666420","2024-01-07 22:27:00","0","1","10","436.23","6","15","2592.45","4","5","11","0.1820","0.2102","0.3200","0.3000","0.00","0.00","1","2","0.30","0.00"
"1144","40001000000009059336","fraud_Haley Ltd","home","428.28","40.7128","-74.0060","8419000","1704666960","2024-01-07 22:36:00","0","2","12","865.98","1","15","445.28","5","7","14","0.1840","0.2251","0.3300","0.3500","0.10","0.10","2","3","0.40","0.10"
"1145","40001000000009067255","fraud_McDermott PLC","health_fitness","428.82","34.0522","-118.2437","3980000","1704667500","2024-01-07 22:45:00","0","3","14","1299.02","4","5","1715.28","6","2","17","0.1860","0.0506","0.3400","0.4000","0.20","0.20","3","1","0.00","0.20"
"1146","40001000000009075174","fraud_Lynch-Wisozk","home","429.36","41.8781","-87.6298","2746000","1704668040","2024-01-07 22:54:00","0","4","16","1733.14","7","13","3009.77","1","4","2","0.1880","0.0655","0.3500","0.4500","0.00","0.30","1","2","0.10","0.30"
"1147","40001000000009083093","fraud_Huels-Nolan","health_fitness","429.90","29.7604","-95.3698","2328000","1704668580","2024-01-07 23:03:00","0","5","18","2168.34","2","13","868.30","2","6","5","0.1900","0.0804","0.3600","0.0300","0.10","0.00","2","3","0.20","0.40"
"1148","40001000000009091012","fraud_Schmeler Inc","home","430.44","39.9526","-75.1652","1600000","1704669120","2024-01-07 23:12:00","0","6","20","2582.64","5","21","2164.95","3","1","8","0.1920","0.0953","0.3700","0.0800","0.20","0.10","3","1","0.30","0.00"
"1149","40001000000009098931","fraud_Heathcote LLC","health_fitness","430.98","33.4484","-112.0740","1625000","1704669660","2024-01-07 23:21:00","0","7","22","3020.00","8","11","3464.84","4","3","11","0.1940","0.1102","0.3800","0.1300","0.00","0.20","1","2","0.40","0.10"
"1150","40001000000009106850","fraud_Kilback LLC","home","431.52","32.7767","-96.7970","1304000","1704670200","2024-01-07 23:30:00","0","8","24","3458.44","3","11","1294.56","5","5","14","0.1960","0.1251","0.3900","0.1800","0.10","0.30","2","3","0.00","0.20"
"1151","40001000000009114769","fraud_Ruecker Group","health_fitness","432.06","47.6062","-122.3321","737000","1704670740","2024-01-07 23:39:00","0","9","26","3897.96","6","19","2596.61","6","7","17","0.1980","0.1400","0.4000","0.2300","0.20","0.00","3","1","0.10","0.30"
"1152","40001000000009122688","fraud_Stokes and Sons","home","432.60","40.7128","-74.0060","8419000","1704671280","2024-01-07 23:48:00","0","1","19","445.16","1","1","441.10","1","2","2","0.2000","0.1549","0.4100","0.2800","0.00","0.10","1","2","0.20","0.40"
"1153","40001000000009130607","fraud_Bahringer Group","health_fitness","433.14","34.0522","-118.2437","3980000","1704671820","2024-01-07 23:57:00","0","2","21","881.98","4","9","1745.31","2","4","5","0.2020","0.1698","0.4200","0.3300","0.10","0.20","2","3","0.30","0.00"
"1154","40001000000009138526","fraud_Haley Ltd","home","433.68","41.8781","-87.6298","2746000","1704672360","2024-01-08 00:06:00","0","3","23","1319.88","7","17","3052.76","3","6","8","0.2040","0.1847","0.4300","0.3800","0.20","0.30","3","1","0.40","0.10"
"1155","40001000000009146445","fraud_McDermott PLC","grocery_pos","434.22","29.7604","-95.3698","2328000","1704672900","2024-01-08 00:15:00","0","4","4","1736.88","2","17","868.44","4","1","11","0.2060","0.1996","0.4400","0.4300","0.00","0.00","1","2","0.00","0.20"
"1156","40001000000009154364","fraud_Lynch-Wisozk","personal_care","434.76","39.9526","-75.1652","1600000","1704673440","2024-01-08 00:24:00","1","5","6","2176.94","5","7","2178.05","5","3","14","0.2080","0.2145","0.4500","0.4800","0.10","0.10","2","3","0.10","0.30"
"1157","40001000000009162283","fraud_Huels-Nolan","grocery_pos","433.09","33.4484","-112.0740","1625000","1704673980","2024-01-08 00:33:00","0","6","8","2604.82","8","15","3473.22","6","5","17","0.2100","0.0400","0.4600","0.0600","0.20","0.20","3","1","0.20","0.40"
"1158","40001000000009170202","fraud_Schmeler Inc","personal_care","433.63","32.7767","-96.7970","1304000","1704674520","2024-01-08 00:42:00","0","7","10","3044.83","3","15","1313.64","1","7","2","0.2120","0.0549","0.4700","0.1100","0.00","0.30","1","2","0.30","0.00"
"1159","40001000000009178121","fraud_Heathcote LLC","grocery_pos","434.17","47.6062","-122.3321","737000","1704675060","2024-01-08 00:51:00","0","8","12","3485.92","6","23","2622.02","2","2","5","0.2140","0.0698","0.4800","0.1600","0.10","0.00","2","3","0.40","0.10"
"1160","40001000000009186040","fraud_Kilback LLC","personal_care","434.71","40.7128","-74.0060","8419000","1704675600","2024-01-08 01:00:00","0","9","14","3928.09","1","5","434.71","3","4","8","0.2160","0.0847","0.4900","0.2100","0.20","0.10","3","1","0.00","0.20"
"1161","40001000000009193959","fraud_Ruecker Group","grocery_pos","435.25","34.0522","-118.2437","3980000","1704676140","2024-01-08 01:09:00","0","1","7","454.09","4","13","1745.25","4","6","11","0.2180","0.0996","0.5000","0.2600","0.00","0.20","1","2","0.10","0.30"
"1162","40001000000009201878","fraud_Stokes and Sons","personal_care","435.79","41.8781","-87.6298","2746000","1704676680","2024-01-08 01:18:00","0","2","9","871.58","7","21","3059.03","5","1","14","0.2200","0.1145","0.5100","0.3100","0.10","0.30","2","3","0.20","0.40"
"1163","40001000000009209797","fraud_Bahringer Group","grocery_pos","436.33","29.7604","-95.3698","2328000","1704677220","2024-01-08 01:27:00","0","3","11","1312.13","2","3","885.41","6","3","17","0.2220","0.1294","0.5200","0.3600","0.20","0.00","3","1","0.30","0.00"
"1164","40001000000009217716","fraud_Haley Ltd","personal_care","436.87","39.9526","-75.1652","1600000","1704677760","2024-01-08 01:36:00","0","4","13","1753.76","5","11","2201.35","1","5","2","0.0300","0.1443","0.5300","0.4100","0.00","0.10","1","2","0.40","0.10"
"1165","40001000000009225635","fraud_McDermott PLC","grocery_pos","437.41","33.4484","-112.0740","1625000","1704678300","2024-01-08 01:45:00","0","5","15","2196.47","8","19","3499.28","2","7","5","0.0320","0.1591","0.5400","0.4600","0.10","0.20","2","3","0.00","0.20"
"1166","40001000000009233554","fraud_Lynch-Wisozk","misc_net","437.95","32.7767","-96.7970","1304000","1704678840","2024-01-08 01:54:00","0","6","17","2640.26","3","19","1318.10","3","2","8","0.0340","0.1740","0.0200","0.0400","0.20","0.30","3","1","0.10","0.30"
"1167","40001000000009241473","fraud_Huels-Nolan","shopping_net","438.49","47.6062","-122.3321","737000","1704679380","2024-01-08 02:03:00","0","7","19","3085.13","6","9","2639.44","4","4","11","0.0360","0.1889","0.0300","0.0900","0.00","0.00","1","2","0.20","0.40"
"1168","40001000000009249392","fraud_Schmeler Inc","misc_net","439.03","40.7128","-74.0060","8419000","1704679920","2024-01-08 02:12:00","0","8","21","3531.08","1","9","451.78","5","6","14","0.0380","0.2038","0.0400","0.1400","0.10","0.10","2","3","0.30","0.00"
"1169","40001000000009257311","fraud_Heathcote LLC","shopping_net","439.57","34.0522","-118.2437","3980000","1704680460","2024-01-08 02:21:00","0","9","23","3956.13","4","17","1775.28","6","1","17","0.0400","0.2187","0.0500","0.1900","0.20","0.20","3","1","0.40","0.10"
"1170","40001000000009265230","fraud_Kilback LLC","misc_net","437.90","41.8781","-87.6298","2746000","1704681000","2024-01-08 02:30:00","0","1","16","441.04","7","7","3065.30","1","3","2","0.0420","0.0443","0.0600","0.2400","0.00","0.30","1","2","0.00","0.20"
"1171","40001000000009273149","fraud_Ruecker Group","shopping_net","438.44","29.7604","-95.3698","2328000","1704681540","2024-01-08 02:39:00","0","2","18","883.16","2","7","881.13","2","5","5","0.0440","0.0591","0.0700","0.2900","0.10","0.00","2","3","0.10","0.30"
"1172","40001000000009281068","fraud_Stokes and Sons","misc_net","438.98","39.9526","-75.1652","1600000","1704682080","2024-01-08 02:48:00","0","3","20","1326.36","5","15","2203.40","3","7","8","0.0460","0.0740","0.0800","0.3400","0.20","0.10","3","1","0.20","0.40"
"1173","40001000000009288987","fraud_Bahringer Group","shopping_net","439.52","33.4484","-112.0740","1625000","1704682620","2024-01-08 02:57:00","1","4","22","1770.64","8","23","3528.91","4","2","11","0.0480","0.0889","0.0900","0.3900","0.00","0.20","1","2","0.30","0.00"
"1174","40001000000009296906","fraud_Haley Ltd","misc_net","440.06","32.7767","-96.7970","1304000","1704683160","2024-01-08 03:06:00","0","5","24","2216.00","3","5","1337.18","5","4","14","0.0500","0.1038","0.1000","0.4400","0.10","0.30","2","3","0.40","0.10"
"1175","40001000000009304825","fraud_McDermott PLC","shopping_net","440.60","47.6062","-122.3321","737000","1704683700","2024-01-08 03:15:00","0","6","26","2662.44","6","13","2643.60","6","6","17","0.0520","0.1187","0.1100","0.0200","0.20","0.00","3","1","0.00","0.20"
"1176","40001000000009312744","fraud_Lynch-Wisozk","misc_net","441.14","40.7128","-74.0060","8419000","1704684240","2024-01-08 03:24:00","0","7","7","3087.98","1","13","445.39","1","1","2","0.0540","0.1336","0.1200","0.0700","0.00","0.10","1","2","0.10","0.30"
"1177","40001000000009320663","fraud_Huels-Nolan","gas_transport","441.68","34.0522","-118.2437","3980000","1704684780","2024-01-08 03:33:00","0","8","9","3536.58","4","21","1775.22","2","3","5","0.0560","0.1485","0.1300","0.1200","0.10","0.20","2","3","0.20","0.40"
"1178","40001000000009328582","fraud_Schmeler Inc","food_dining","442.22","41.8781","-87.6298","2746000","1704685320","2024-01-08 03:42:00","0","9","11","3986.26","7","11","3108.29","3","5","8","0.0580","0.1634","0.1400","0.1700","0.20","0.30","3","1","0.30","0.00"
"1179","40001000000009336501","fraud_Heathcote LLC","gas_transport","442.76","29.7604","-95.3698","2328000","1704685860","2024-01-08 03:51:00","0","1","4","452.18","2","11","902.52","4","7","11","0.0600","0.1783","0.1500","0.2200","0.00","0.00","1","2","0.40","0.10"
"1180","40001000000009344420","fraud_Kilback LLC","food_dining","443.30","39.9526","-75.1652","1600000","1704686400","2024-01-08 04:00:00","0","2","6","899.16","5","19","2216.50","5","2","14","0.0620","0.1932","0.1600","0.2700","0.10","0.10","2","3","0.00","0.20"
"1181","40001000000009352339","fraud_Ruecker Group","gas_transport","443.84","33.4484","-112.0740","1625000","1704686940","2024-01-08 04:09:00","0","3","8","1347.22","8","9","3554.97","6","4","17","0.0640","0.2081","0.1700","0.3200","0.20","0.20","3","1","0.10","0.30"
"1182","40001000000009360258","fraud_Stokes and Sons","food_dining","444.38","32.7767","-96.7970","1304000","1704687480","2024-01-08 04:18:00","0","4","10","1796.36","3","9","1341.64","1","6","2","0.0660","0.2230","0.1800","0.3700","0.00","0.30","1","2","0.20","0.40"
"1183","40001000000009368177","fraud_Bahringer Group","gas_transport","442.71","47.6062","-122.3321","737000","1704688020","2024-01-08 04:27:00","0","5","12","2213.55","6","17","2669.01","2","1","5","0.0680","0.0485","0.1900","0.4200","0.10","0.00","2","3","0.30","0.00"
"1184","40001000000009376096","fraud_Haley Ltd","food_dining","443.25","40.7128","-74.0060","8419000","1704688560","2024-01-08 04:36:00","0","6","14","2662.64","1","17","460.25","3","3","8","0.0700","0.0634","0.2000","0.4700","0.20","0.10","3","1","0.40","0.10"
"1185","40001000000009384015","fraud_McDermott PLC","gas_transport","443.79","34.0522","-118.2437","3980000","1704689100","2024-01-08 04:45:00","0","7","16","3112.81","4","7","1775.16","4","5","11","0.0720","0.0783","0.2100","0.0500","0.00","0.20","1","2","0.00","0.20"
"1186","40001000000009391934","fraud_Lynch-Wisozk","food_dining","444.33","41.8781","-87.6298","2746000","1704689640","2024-01-08 04:54:00","0","8","18","3564.06","7","15","3114.56","5","7","14","0.0740","0.0932","0.2200","0.1000","0.10","0.30","2","3","0.10","0.30"
"1187","40001000000009399853","fraud_Huels-Nolan","gas_transport","444.87","29.7604","-95.3698","2328000","1704690180","2024-01-08 05:03:00","0","9","20","4016.39","2","15","898.24","6","2","17","0.0760","0.1081","0.2300","0.1500","0.20","0.00","3","1","0.20","0.40"
"1188","40001000000009407772","fraud_Schmeler Inc","travel","445.41","39.9526","-75.1652","1600000","1704690720","2024-01-08 05:12:00","0","1","13","461.11","5","5","2239.80","1","4","2","0.0780","0.1230","0.2400","0.2000","0.00","0.10","1","2","0.30","0.00"
"1189","40001000000009415691","fraud_Heathcote LLC","entertainment","445.95","33.4484","-112.0740","1625000","1704691260","2024-01-08 05:21:00","0","2","15","910.74","8","13","3584.60","2","6","5","0.0800","0.1379","0.2500","0.2500","0.10","0.20","2","3","0.40","0.10"
"1190","40001000000009423610","fraud_Kilback LLC","travel","446.49","32.7767","-96.7970","1304000","1704691800","2024-01-08 05:30:00","1","3","17","1339.47","3","13","1339.47","3","1","8","0.0820","0.1528","0.2600","0.3000","0.20","0.30","3","1","0.00","0.20"
"1191","40001000000009431529","fraud_Ruecker Group","entertainment","447.03","47.6062","-122.3321","737000","1704692340","2024-01-08 05:39:00","0","4","19","1791.26","6","21","2686.43","4","3","11","0.0840","0.1677","0.2700","0.3500","0.00","0.00","1","2","0.10","0.30"
"1192","40001000000009439448","fraud_Stokes and Sons","travel","447.57","40.7128","-74.0060","8419000","1704692880","2024-01-08 05:48:00","0","5","21","2244.13","1","3","456.07","5","5","14","0.0860","0.1826","0.2800","0.4000","0.10","0.10","2","3","0.20","0.40"
"1193","40001000000009447367","fraud_Bahringer Group","entertainment","448.11","34.0522","-118.2437","3980000","1704693420","2024-01-08 05:57:00","0","6","23","2698.08","4","11","1805.19","6","7","17","0.0880","0.1974","0.2900","0.4500","0.20","0.20","3","1","0.30","0.00"
"1194","40001000000009455286","fraud_Haley Ltd","travel","448.65","41.8781","-87.6298","2746000","1704693960","2024-01-08 06:06:00","0","7","25","3153.11","7","19","3157.55","1","2","2","0.0900","0.2123","0.3000","0.0300","0.00","0.30","1","2","0.40","0.10"
"1195","40001000000009463205","fraud_McDermott PLC","entertainment","449.19","29.7604","-95.3698","2328000","1704694500","2024-01-08 06:15:00","0","8","27","3609.22","2","19","898.38","2","4","5","0.0920","0.2272","0.3100","0.0800","0.10","0.00","2","3","0.00","0.20"
"1196","40001000000009471124","fraud_Lynch-Wisozk","travel","447.52","39.9526","-75.1652","1600000","1704695040","2024-01-08 06:24:00","0","9","29","4046.52","5","9","2241.85","3","6","8","0.0940","0.0528","0.3200","0.1300","0.20","0.10","3","1","0.10","0.30"
"1197","40001000000009479043","fraud_Huels-Nolan","entertainment","448.06","33.4484","-112.0740","1625000","1704695580","2024-01-08 06:33:00","0","1","1","448.06","8","17","3592.98","4","1","11","0.0960","0.0677","0.3300","0.1800","0.00","0.20","1","2","0.20","0.40"
"1198","40001000000009486962","fraud_Schmeler Inc","travel","448.60","32.7767","-96.7970","1304000","1704696120","2024-01-08 06:42:00","0","2","3","900.34","3","17","1358.55","5","3","14","0.0980","0.0826","0.3400","0.2300","0.10","0.30","2","3","0.30","0.00"
"1199","40001000000009494881","fraud_Heathcote LLC","home","449.14","47.6062","-122.3321","737000","1704696660","2024-01-08 06:51:00","0","3","5","1353.70","6","7","2711.84","6","5","17","0.1000","0.0974","0.3500","0.2800","0.20","0.00","3","1","0.40","0.10"
"1200","40001000000009502800","fraud_Kilback LLC","health_fitness","449.68","40.7128","-74.0060","8419000","1704697200","2024-01-08 07:00:00","0","4","7","1808.14","1","7","449.68","1","7","2","0.1020","0.1123","0.3600","0.3300","0.00","0.10","1","2","0.00","0.20"
"1201","40001000000009510719","fraud_Ruecker Group","home","450.22","34.0522","-118.2437","3980000","1704697740","2024-01-08 07:09:00","0","5","9","2263.66","4","15","1805.13","2","2","5","0.1040","0.1272","0.3700","0.3800","0.10","0.20","2","3","0.10","0.30"
"1202","40001000000009518638","fraud_Stokes and Sons","health_fitness","450.76","41.8781","-87.6298","2746000","1704698280","2024-01-08 07:18:00","0","6","11","2720.26","7","23","3163.82","3","4","8","0.1060","0.1421","0.3800","0.4300","0.20","0.30","3","1","0.20","0.40"
"1203","40001000000009526557","fraud_Bahringer Group","home","451.30","29.7604","-95.3698","2328000","1704698820","2024-01-08 07:27:00","0","7","13","3177.94","2","5","915.35","4","6","11","0.1080","0.1570","0.3900","0.4800","0.00","0.00","1","2","0.30","0.00"
"1204","40001000000009534476","fraud_Haley Ltd","health_fitness","451.84","39.9526","-75.1652","1600000","1704699360","2024-01-08 07:36:00","0","8","15","3614.72","5","13","2276.20","5","1","14","0.1100","0.1719","0.4000","0.0600","0.10","0.10","2","3","0.40","0.10"
"1205","40001000000009542395","fraud_McDermott PLC","home","452.38","33.4484","-112.0740","1625000","1704699900","2024-01-08 07:45:00","0","9","17","4074.56","8","21","3619.04","6","3","17","0.1120","0.1868","0.4100","0.1100","0.20","0.20","3","1","0.00","0.20"
"1206","40001000000009550314","fraud_Lynch-Wisozk","health_fitness","452.92","32.7767","-96.7970","1304000","1704700440","2024-01-08 07:54:00","0","1","10","459.20","3","3","1363.01","1","5","2","0.1140","0.2017","0.4200","0.1600","0.00","0.30","1","2","0.10","0.30"
"1207","40001000000009558233","fraud_Huels-Nolan","home","453.46","47.6062","-122.3321","737000","1704700980","2024-01-08 08:03:00","1","2","12","916.34","6","11","2729.26","2","7","5","0.1160","0.2166","0.4300","0.2100","0.10","0.00","2","3","0.20","0.40"
"1208","40001000000009566152","fraud_Schmeler Inc","health_fitness","454.00","40.7128","-74.0060","8419000","1704701520","2024-01-08 08:12:00","0","3","14","1374.56","1","11","466.75","3","2","8","0.1180","0.0421","0.4400","0.2600","0.20","0.10","3","1","0.30","0.00"
"1209","40001000000009574071","fraud_Heathcote LLC","home","452.33","34.0522","-118.2437","3980000","1704702060","2024-01-08 08:21:00","0","4","16","1825.02","4","19","1826.32","4","4","11","0.1200","0.0570","0.4500","0.3100","0.00","0.20","1","2","0.40","0.10"
"1210","40001000000009581990","fraud_Kilback LLC","grocery_pos","452.87","41.8781","-87.6298","2746000","1704702600","2024-01-08 08:30:00","0","5","18","2283.19","7","9","3170.09","5","6","14","0.1220","0.0719","0.4600","0.3600","0.10","0.30","2","3","0.00","0.20"
"1211","40001000000009589909","fraud_Ruecker Group","personal_care","453.41","29.7604","-95.3698","2328000","1704703140","2024-01-08 08:39:00","0","6","20","2720.46","2","9","911.07","6","1","17","0.1240","0.0868","0.4700","0.4100","0.20","0.00","3","1","0.10","0.30"
"1212","40001000000009597828","fraud_Stokes and Sons","grocery_pos","453.95","39.9526","-75.1652","1600000","1704703680","2024-01-08 08:48:00","0","7","22","3180.79","5","17","2278.25","1","3","2","0.1260","0.1017","0.4800","0.4600","0.00","0.10","1","2","0.20","0.40"
"1213","40001000000009605747","fraud_Bahringer Group","personal_care","454.49","33.4484","-112.0740","1625000","1704704220","2024-01-08 08:57:00","0","8","24","3642.20","8","25","3648.67","2","5","5","0.1280","0.1166","0.4900","0.0400","0.10","0.20","2","3","0.30","0.00"
"1214","40001000000009613666","fraud_Haley Ltd","grocery_pos","455.03","32.7767","-96.7970","1304000","1704704760","2024-01-08 09:06:00","0","9","26","4104.69","3","7","1382.09","3","7","8","0.1300","0.1315","0.5000","0.0900","0.20","0.30","3","1","0.40","0.10"
"1215","40001000000009621585","fraud_McDermott PLC","personal_care","455.57","47.6062","-122.3321","737000","1704705300","2024-01-08 09:15:00","0","1","19","468.13","6","15","2733.42","4","2","11","0.1320","0.1464","0.5100","0.1400","0.00","0.00","1","2","0.00","0.20"
"1216","40001000000009629504","fraud_Lynch-Wisozk","grocery_pos","456.11","40.7128","-74.0060","8419000","1704705840","2024-01-08 09:24:00","0","2","21","927.92","1","15","460.36","5","4","14","0.1340","0.1613","0.5200","0.1900","0.10","0.10","2","3","0.10","0.30"
"1217","40001000000009637423","fraud_Huels-Nolan","personal_care","456.65","34.0522","-118.2437","3980000","1704706380","2024-01-08 09:33:00","0","3","23","1388.79","4","5","1835.10","6","6","17","0.1360","0.1762","0.5300","0.2400","0.20","0.20","3","1","0.20","0.40"
"1218","40001000000009645342","fraud_Schmeler Inc","grocery_pos","457.19","41.8781","-87.6298","2746000","1704706920","2024-01-08 09:42:00","0","4","4","1828.76","7","13","3213.08","1","1","2","0.1380","0.1911","0.5400","0.2900","0.00","0.30","1","2","0.30","0.00"
"1219","40001000000009653261","fraud_Heathcote LLC","personal_care","457.73","29.7604","-95.3698","2328000","1704707460","2024-01-08 09:51:00","0","5","6","2291.79","2","13","932.46","2","3","5","0.1400","0.2060","0.0200","0.3400","0.10","0.00","2","3","0.40","0.10"
"1220","40001000000009661180","fraud_Kilback LLC","grocery_pos","458.27","39.9526","-75.1652","1600000","1704708000","2024-01-08 10:00:00","0","6","8","2755.90","5","21","2291.35","3","5","8","0.1420","0.2209","0.0300","0.3900","0.20","0.10","3","1","0.00","0.20"
"1221","40001000000009669099","fraud_Ruecker Group","misc_net","458.81","33.4484","-112.0740","1625000","1704708540","2024-01-08 10:09:00","0","7","10","3221.09","8","11","3674.73","4","7","11","0.1440","0.0464","0.0400","0.4400","0.00","0.20","1","2","0.10","0.30"
"1222","40001000000009677018","fraud_Stokes and Sons","shopping_net","457.14","32.7767","-96.7970","1304000","1704709080","2024-01-08 10:18:00","0","8","12","3669.68","3","11","1379.92","5","2","14","0.1460","0.0613","0.0500","0.0200","0.10","0.30","2","3","0.20","0.40"
"1223","40001000000009684937","fraud_Bahringer Group","misc_net","457.68","47.6062","-122.3321","737000","1704709620","2024-01-08 10:27:00","0","9","14","4134.82","6","19","2758.83","6","4","17","0.1480","0.0762","0.0600","0.0700","0.20","0.00","3","1","0.30","0.00"
"1224","40001000000009692856","fraud_Haley Ltd","shopping_net","458.22","40.7128","-74.0060","8419000","1704710160","2024-01-08 10:36:00","1","1","7","477.06","1","1","475.22","1","6","2","0.1500","0.0911","0.0700","0.1200","0.00","0.10","1","2","0.40","0.10"
"1225","40001000000009700775","fraud_McDermott PLC","misc_net","458.76","34.0522","-118.2437","3980000","1704710700","2024-01-08 10:45:00","0","2","9","917.52","4","9","1835.04","2","1","5","0.1520","0.1060","0.0800","0.1700","0.10","0.20","2","3","0.00","0.20"
"1226","40001000000009708694","fraud_Lynch-Wisozk","shopping_net","459.30","41.8781","-87.6298","2746000","1704711240","2024-01-08 10:54:00","0","3","11","1381.04","7","17","3219.35","3","3","8","0.1540","0.1209","0.0900","0.2200","0.20","0.30","3","1","0.10","0.30"
"1227","40001000000009716613","fraud_Huels-Nolan","misc_net","459.84","29.7604","-95.3698","2328000","1704711780","2024-01-08 11:03:00","0","4","13","1845.64","2","17","928.18","4","5","11","0.1560","0.1357","0.1000","0.2700","0.00","0.00","1","2","0.20","0.40"
"1228","40001000000009724532","fraud_Schmeler Inc","shopping_net","460.38","39.9526","-75.1652","1600000","1704712320","2024-01-08 11:12:00","0","5","15","2311.32","5","7","2314.65","5","7","14","0.1580","0.1506","0.1100","0.3200","0.10","0.10","2","3","0.30","0.00"
"1229","40001000000009732451","fraud_Heathcote LLC","misc_net","460.92","33.4484","-112.0740","1625000","1704712860","2024-01-08 11:21:00","0","6","17","2778.08","8","15","3704.36","6","2","17","0.1600","0.1655","0.1200","0.3700","0.20","0.20","3","1","0.40","0.10"
"1230","40001000000009740370","fraud_Kilback LLC","shopping_net","461.46","32.7767","-96.7970","1304000","1704713400","2024-01-08 11:30:00","0","7","19","3245.92","3","15","1384.38","1","4","2","0.1620","0.1804","0.1300","0.4200","0.00","0.30","1","2","0.00","0.20"
"1231","40001000000009748289","fraud_Ruecker Group","misc_net","462.00","47.6062","-122.3321","737000","1704713940","2024-01-08 11:39:00","0","8","21","3714.84","6","23","2776.25","2","6","5","0.1640","0.1953","0.1400","0.4700","0.10","0.00","2","3","0.10","0.30"
"1232","40001000000009756208","fraud_Stokes and Sons","gas_transport","462.54","40.7128","-74.0060","8419000","1704714480","2024-01-08 11:48:00","0","9","23","4162.86","1","5","471.04","3","1","8","0.1660","0.2102","0.1500","0.0500","0.20","0.10","3","1","0.20","0.40"
"1233","40001000000009764127","fraud_Bahringer Group","food_dining","463.08","34.0522","-118.2437","3980000","1704715020","2024-01-08 11:57:00","0","1","16","466.22","4","13","1865.07","4","3","11","0.1680","0.2251","0.1600","0.1000","0.00","0.20","1","2","0.30","0.00"
"1234","40001000000009772046","fraud_Haley Ltd","gas_transport","463.62","41.8781","-87.6298","2746000","1704715560","2024-01-08 12:06:00","0","2","18","933.52","7","21","3262.34","5","5","14","0.1700","0.0506","0.1700","0.1500","0.10","0.30","2","3","0.40","0.10"
"1235","40001000000009779965","fraud_McDermott PLC","food_dining","461.95","29.7604","-95.3698","2328000","1704716100","2024-01-08 12:15:00","0","3","20","1395.27","2","3","923.90","6","7","17","0.1720","0.0655","0.1800","0.2000","0.20","0.00","3","1","0.00","0.20"
"1236","40001000000009787884","fraud_Lynch-Wisozk","gas_transport","462.49","39.9526","-75.1652","1600000","1704716640","2024-01-08 12:24:00","0","4","22","1862.52","5","11","2316.70","1","2","2","0.1740","0.0804","0.1900","0.2500","0.00","0.10","1","2","0.10","0.30"
"1237","40001000000009795803","fraud_Huels-Nolan","food_dining","463.03","33.4484","-112.0740","1625000","1704717180","2024-01-08 12:33:00","0","5","24","2330.85","8","19","3712.74","2","4","5","0.1760","0.0953","0.2000","0.3000","0.10","0.20","2","3","0.20","0.40"
"1238","40001000000009803722","fraud_Schmeler Inc","gas_transport","463.57","32.7767","-96.7970","1304000","1704717720","2024-01-08 12:42:00","0","6","26","2800.26","3","19","1403.46","3","6","8","0.1780","0.1102","0.2100","0.3500","0.20","0.30","3","1","0.30","0.00"
"1239","40001000000009811641","fraud_Heathcote LLC","food_dining","464.11","47.6062","-122.3321","737000","1704718260","2024-01-08 12:51:00","0","7","7","3248.77","6","9","2801.66","4","1","11","0.1800","0.1251","0.2200","0.4000","0.00","0.00","1","2","0.40","0.10"
"1240","40001000000009819560","fraud_Kilback LLC","gas_transport","464.65","40.7128","-74.0060","8419000","1704718800","2024-01-08 13:00:00","0","8","9","3720.34","1","9","464.65","5","3","14","0.1820","0.1400","0.2300","0.4500","0.10","0.10","2","3","0.00","0.20"
"1241","40001000000009827479","fraud_Ruecker Group","food_dining","465.19","34.0522","-118.2437","3980000","1704719340","2024-01-08 13:09:00","1","9","11","4192.99","4","17","1865.01","6","5","17","0.1840","0.1549","0.2400","0.0300","0.20","0.20","3","1","0.10","0.30"
"1242","40001000000009835398","fraud_Stokes and Sons","gas_transport","465.73","41.8781","-87.6298","2746000","1704719880","2024-01-08 13:18:00","0","1","4","475.15","7","7","3268.61","1","7","2","0.1860","0.1698","0.2500","0.0800","0.00","0.30","1","2","0.20","0.40"
"1243","40001000000009843317","fraud_Bahringer Group","travel","466.27","29.7604","-95.3698","2328000","1704720420","2024-01-08 13:27:00","0","2","6","945.10","2","7","945.29","2","2","5","0.1880","0.1847","0.2600","0.1300","0.10","0.00","2","3","0.30","0.00"
"1244","40001000000009851236","fraud_Haley Ltd","entertainment","466.81","39.9526","-75.1652","1600000","1704720960","2024-01-08 13:36:00","0","3","8","1416.13","5","15","2351.05","3","4","8","0.1900","0.1996","0.2700","0.1800","0.20","0.10","3","1","0.40","0.10"
"1245","40001000000009859155","fraud_McDermott PLC","travel","467.35","33.4484","-112.0740","1625000","1704721500","2024-01-08 13:45:00","0","4","10","1888.24","8","23","3738.80","4","6","11","0.1920","0.2145","0.2800","0.2300","0.00","0.20","1","2","0.00","0.20"
"1246","40001000000009867074","fraud_Lynch-Wisozk","entertainment","467.89","32.7767","-96.7970","1304000","1704722040","2024-01-08 13:54:00","0","5","12","2339.45","3","5","1407.92","5","1","14","0.1940","0.0400","0.2900","0.2800","0.10","0.30","2","3","0.10","0.30"
"1247","40001000000009874993","fraud_Huels-Nolan","travel","468.43","47.6062","-122.3321","737000","1704722580","2024-01-08 14:03:00","0","6","14","2813.72","6","13","2819.08","6","3","17","0.1960","0.0549","0.3000","0.3300","0.20","0.00","3","1","0.20","0.40"
"1248","40001000000009882912","fraud_Schmeler Inc","entertainment","466.76","40.7128","-74.0060","8419000","1704723120","2024-01-08 14:12:00","0","7","16","3273.60","1","13","479.51","1","5","2","0.1980","0.0698","0.3100","0.3800","0.00","0.10","1","2","0.30","0.00"
"1249","40001000000009890831","fraud_Heathcote LLC","travel","467.30","34.0522","-118.2437","3980000","1704723660","2024-01-08 14:21:00","0","8","18","3747.82","4","21","1886.20","2","7","5","0.2000","0.0847","0.3200","0.4300","0.10","0.20","2","3","0.40","0.10"
"1250","40001000000009898750","fraud_Kilback LLC","entertainment","467.84","41.8781","-87.6298","2746000","1704724200","2024-01-08 14:30:00","0","9","20","4223.12","7","11","3274.88","3","2","8","0.2020","0.0996","0.3300","0.4800","0.20","0.30","3","1","0.00","0.20"
"1251","40001000000009906669","fraud_Ruecker Group","travel","468.38","29.7604","-95.3698","2328000","1704724740","2024-01-08 14:39:00","0","1","13","484.08","2","11","941.01","4","4","11","0.2040","0.1145","0.3400","0.0600","0.00","0.00","1","2","0.10","0.30"
"1252","40001000000009914588","fraud_Stokes and Sons","entertainment","468.92","39.9526","-75.1652","1600000","1704725280","2024-01-08 14:48:00","0","2","15","956.68","5","19","2353.10","5","6","14","0.2060","0.1294","0.3500","0.1100","0.10","0.10","2","3","0.20","0.40"
"1253","40001000000009922507","fraud_Bahringer Group","travel","469.46","33.4484","-112.0740","1625000","1704725820","2024-01-08 14:57:00","0","3","17","1408.38","8","9","3768.43","6","1","17","0.2080","0.1443","0.3600","0.1600","0.20","0.20","3","1","0.30","0.00"
"1254","40001000000009930426","fraud_Haley Ltd","home","470.00","32.7767","-96.7970","1304000","1704726360","2024-01-08 15:06:00","0","4","19","1883.14","3","9","1427.00","1","3","2","0.2100","0.1591","0.3700","0.2100","0.00","0.30","1","2","0.40","0.10"
"1255","40001000000009938345","fraud_McDermott PLC","health_fitness","470.54","47.6062","-122.3321","737000","1704726900","2024-01-08 15:15:00","0","5","21","2358.98","6","17","2823.24","2","5","5","0.2120","0.1740","0.3800","0.2600","0.10","0.00","2","3","0.00","0.20"
"1256","40001000000009946264","fraud_Lynch-Wisozk","home","471.08","40.7128","-74.0060","8419000","1704727440","2024-01-08 15:24:00","0","6","23","2835.90","1","17","475.33","3","7","8","0.2140","0.1889","0.3900","0.3100","0.20","0.10","3","1","0.10","0.30"
"1257","40001000000009954183","fraud_Huels-Nolan","health_fitness","471.62","34.0522","-118.2437","3980000","1704727980","2024-01-08 15:33:00","0","7","25","3313.90","4","7","1894.98","4","2","11","0.2160","0.2038","0.4000","0.3600","0.00","0.20","1","2","0.20","0.40"
"1258","40001000000009962102","fraud_Schmeler Inc","home","472.16","41.8781","-87.6298","2746000","1704728520","2024-01-08 15:42:00","1","8","27","3792.98","7","15","3317.87","5","4","14","0.2180","0.2187","0.4100","0.4100","0.10","0.30","2","3","0.30","0.00"
"1259","40001000000009970021","fraud_Heathcote LLC","health_fitness","472.70","29.7604","-95.3698","2328000","1704729060","2024-01-08 15:51:00","0","9","29","4273.14","2","15","962.40","6","6","17","0.2200","0.0443","0.4200","0.4600","0.20","0.00","3","1","0.40","0.10"
"1260","40001000000009977940","fraud_Kilback LLC","home","473.24","39.9526","-75.1652","1600000","1704729600","2024-01-08 16:00:00","0","1","1","473.24","5","5","2366.20","1","1","2","0.2220","0.0591","0.4300","0.0400","0.00","0.10","1","2","0.00","0.20"
"1261","40001000000009985859","fraud_Ruecker Group","health_fitness","471.57","33.4484","-112.0740","1625000","1704730140","2024-01-08 16:09:00","0","2","3","946.28","8","13","3776.81","2","3","5","0.0300","0.0740","0.4400","0.0900","0.10","0.20","2","3","0.10","0.30"
"1262","40001000000009993778","fraud_Stokes and Sons","home","472.11","32.7767","-96.7970","1304000","1704730680","2024-01-08 16:18:00","0","3","5","1422.61","3","13","1424.83","3","5","8","0.0320","0.0889","0.4500","0.1400","0.20","0.30","3","1","0.20","0.40"
"1263","40001000000010001697","fraud_Bahringer Group","health_fitness","472.65","47.6062","-122.3321","737000","1704731220","2024-01-08 16:27:00","0","4","7","1900.02","6","21","2848.65","4","7","11","0.0340","0.1038","0.4600","0.1900","0.00","0.00","1","2","0.30","0.00"
"1264","40001000000010009616","fraud_Haley Ltd","home","473.19","40.7128","-74.0060","8419000","1704731760","2024-01-08 16:36:00","0","5","9","2378.51","1","3","490.19","5","2","14","0.0360","0.1187","0.4700","0.2400","0.10","0.10","2","3","0.40","0.10"
"1265","40001000000010017535","fraud_McDermott PLC","grocery_pos","473.73","34.0522","-118.2437","3980000","1704732300","2024-01-08 16:45:00","0","6","11","2858.08","4","11","1894.92","6","4","17","0.0380","0.1336","0.4800","0.2900","0.20","0.20","3","1","0.00","0.20"
"1266","40001000000010025454","fraud_Lynch-Wisozk","personal_care","474.27","41.8781","-87.6298","2746000","1704732840","2024-01-08 16:54:00","0","7","13","3338.73","7","19","3324.14","1","6","2","0.0400","0.1485","0.4900","0.3400","0.00","0.30","1","2","0.10","0.30"
"1267","40001000000010033373","fraud_Huels-Nolan","grocery_pos","474.81","29.7604","-95.3698","2328000","1704733380","2024-01-08 17:03:00","0","8","15","3798.48","2","19","958.12","2","1","5","0.0420","0.1634","0.5000","0.3900","0.10","0.00","2","3","0.20","0.40"
"1268","40001000000010041292","fraud_Schmeler Inc","personal_care","475.35","39.9526","-75.1652","1600000","1704733920","2024-01-08 17:12:00","0","9","17","4281.29","5","9","2389.50","3","3","8","0.0440","0.1783","0.5100","0.4400","0.20","0.10","3","1","0.30","0.00"
"1269","40001000000010049211","fraud_Heathcote LLC","grocery_pos","475.89","33.4484","-112.0740","1625000","1704734460","2024-01-08 17:21:00","0","1","10","482.17","8","17","3824.12","4","5","11","0.0460","0.1932","0.5200","0.0200","0.00","0.20","1","2","0.40","0.10"
"1270","40001000000010057130","fraud_Kilback LLC","personal_care","476.43","32.7767","-96.7970","1304000","1704735000","2024-01-08 17:30:00","0","2","12","962.28","3","17","1429.29","5","7","14","0.0480","0.2081","0.5300","0.0700","0.10","0.30","2","3","0.00","0.20"
"1271","40001000000010065049","fraud_Ruecker Group","grocery_pos","476.97","47.6062","-122.3321","737000","1704735540","2024-01-08 17:39:00","0","3","14","1443.47","6","7","2866.07","6","2","17","0.0500","0.2230","0.5400","0.1200","0.20","0.00","3","1","0.10","0.30"
"1272","40001000000010072968","fraud_Stokes and Sons","personal_care","477.51","40.7128","-74.0060","8419000","1704736080","2024-01-08 17:48:00","0","4","16","1925.74","1","7","486.01","1","4","2","0.0520","0.0485","0.0200","0.1700","0.00","0.10","1","2","0.20","0.40"
"1273","40001000000010080887","fraud_Bahringer Group","grocery_pos","478.05","34.0522","-118.2437","3980000","1704736620","2024-01-08 17:57:00","0","5","18","2409.09","4","15","1924.95","2","6","5","0.0540","0.0634","0.0300","0.2200","0.10","0.20","2","3","0.30","0.00"
"1274","40001000000010088806","fraud_Haley Ltd","personal_care","476.38","41.8781","-87.6298","2746000","1704737160","2024-01-08 18:06:00","0","6","20","2858.28","7","23","3351.66","3","1","8","0.0560","0.0783","0.0400","0.2700","0.20","0.30","3","1","0.40","0.10"
"1275","40001000000010096725","fraud_McDermott PLC","grocery_pos","476.92","29.7604","-95.3698","2328000","1704737700","2024-01-08 18:15:00","1","7","22","3341.58","2","5","953.84","4","3","11","0.0580","0.0932","0.0500","0.3200","0.00","0.00","1","2","0.00","0.20"
"1276","40001000000010104644","fraud_Lynch-Wisozk","misc_net","477.46","39.9526","-75.1652","1600000","1704738240","2024-01-08 18:24:00","0","8","24","3825.96","5","13","2391.55","5","5","14","0.0600","0.1081","0.0600","0.3700","0.10","0.10","2","3","0.10","0.30"
"1277","40001000000010112563","fraud_Huels-Nolan","shopping_net","478.00","33.4484","-112.0740","1625000","1704738780","2024-01-08 18:33:00","0","9","26","4311.42","8","21","3832.50","6","7","17","0.0620","0.1230","0.0700","0.4200","0.20","0.20","3","1","0.20","0.40"
"1278","40001000000010120482","fraud_Schmeler Inc","misc_net","478.54","32.7767","-96.7970","1304000","1704739320","2024-01-08 18:42:00","0","1","19","491.10","3","3","1448.37","1","2","2","0.0640","0.1379","0.0800","0.4700","0.00","0.30","1","2","0.30","0.00"
"1279","40001000000010128401","fraud_Heathcote LLC","shopping_net","479.08","47.6062","-122.3321","737000","1704739860","2024-01-08 18:51:00","0","2","21","973.86","6","11","2891.48","2","4","5","0.0660","0.1528","0.0900","0.0500","0.10","0.00","2","3","0.40","0.10"
"1280","40001000000010136320","fraud_Kilback LLC","misc_net","479.62","40.7128","-74.0060","8419000","1704740400","2024-01-08 19:00:00","0","3","23","1457.70","1","11","479.62","3","6","8","0.0680","0.1677","0.1000","0.1000","0.20","0.10","3","1","0.00","0.20"
"1281","40001000000010144239","fraud_Ruecker Group","shopping_net","480.16","34.0522","-118.2437","3980000","1704740940","2024-01-08 19:09:00","0","4","4","1920.64","4","19","1924.89","4","1","11","0.0700","0.1826","0.1100","0.1500","0.00","0.20","1","2","0.10","0.30"
"1282","40001000000010152158","fraud_Stokes and Sons","misc_net","480.70","41.8781","-87.6298","2746000","1704741480","2024-01-08 19:18:00","0","5","6","2406.64","7","9","3373.40","5","3","14","0.0720","0.1974","0.1200","0.2000","0.10","0.30","2","3","0.20","0.40"
"1283","40001000000010160077","fraud_Bahringer Group","shopping_net","481.24","29.7604","-95.3698","2328000","1704742020","2024-01-08 19:27:00","0","6","8","2893.72","2","9","975.23","6","5","17","0.0740","0.2123","0.1300","0.2500","0.20","0.00","3","1","0.30","0.00"
"1284","40001000000010167996","fraud_Haley Ltd","misc_net","481.78","39.9526","-75.1652","1600000","1704742560","2024-01-08 19:36:00","0","7","10","3381.88","5","17","2425.90","1","7","2","0.0760","0.2272","0.1400","0.3000","0.00","0.10","1","2","0.40","0.10"
"1285","40001000000010175915","fraud_McDermott PLC","shopping_net","482.32","33.4484","-112.0740","1625000","1704743100","2024-01-08 19:45:00","0","8","12","3871.12","8","25","3858.56","2","2","5","0.0780","0.0528","0.1500","0.3500","0.10","0.20","2","3","0.00","0.20"
"1286","40001000000010183834","fraud_Lynch-Wisozk","misc_net","482.86","32.7767","-96.7970","1304000","1704743640","2024-01-08 19:54:00","0","9","14","4361.44","3","7","1452.83","3","4","8","0.0800","0.0677","0.1600","0.4000","0.20","0.30","3","1","0.10","0.30"
"1287","40001000000010191753","fraud_Huels-Nolan","gas_transport","481.19","47.6062","-122.3321","737000","1704744180","2024-01-08 20:03:00","0","1","7","500.03","6","15","2895.64","4","6","11","0.0820","0.0826","0.1700","0.4500","0.00","0.00","1","2","0.20","0.40"
"1288","40001000000010199672","fraud_Schmeler Inc","food_dining","481.73","40.7128","-74.0060","8419000","1704744720","2024-01-08 20:12:00","0","2","9","963.46","1","15","494.48","5","1","14","0.0840","0.0974","0.1800","0.0300","0.10","0.10","2","3","0.30","0.00"
"1289","40001000000010207591","fraud_Heathcote LLC","gas_transport","482.27","34.0522","-118.2437","3980000","1704745260","2024-01-08 20:21:00","0","3","11","1449.95","4","5","1946.08","6","3","17","0.0860","0.1123","0.1900","0.0800","0.20","0.20","3","1","0.40","0.10"
"1290","40001000000010215510","fraud_Kilback LLC","food_dining","482.81","41.8781","-87.6298","2746000","1704745800","2024-01-08 20:30:00","0","4","13","1937.52","7","13","3379.67","1","5","2","0.0880","0.1272","0.2000","0.1300","0.00","0.30","1","2","0.00","0.20"
"1291","40001000000010223429","fraud_Ruecker Group","gas_transport","483.35","29.7604","-95.3698","2328000","1704746340","2024-01-08 20:39:00","0","5","15","2426.17","2","13","970.95","2","7","5","0.0900","0.1421","0.2100","0.1800","0.10","0.00","2","3","0.10","0.30"
"1292","40001000000010231348","fraud_Stokes and Sons","food_dining","483.89","39.9526","-75.1652","1600000","1704746880","2024-01-08 20:48:00","1","6","17","2915.90","5","21","2427.95","3","2","8","0.0920","0.1570","0.2200","0.2300","0.20","0.10","3","1","0.20","0.40"
"1293","40001000000010239267","fraud_Bahringer Group","gas_transport","484.43","33.4484","-112.0740","1625000","1704747420","2024-01-08 20:57:00","0","7","19","3406.71","8","11","3888.19","4","4","11","0.0940","0.1719","0.2300","0.2800","0.00","0.20","1","2","0.30","0.00"
"1294","40001000000010247186","fraud_Haley Ltd","food_dining","484.97","32.7767","-96.7970","1304000","1704747960","2024-01-08 21:06:00","0","8","21","3898.60","3","11","1471.91","5","6","14","0.0960","0.1868","0.2400","0.3300","0.10","0.30","2","3","0.40","0.10"
"1295","40001000000010255105","fraud_McDermott PLC","gas_transport","485.51","47.6062","-122.3321","737000","1704748500","2024-01-08 21:15:00","0","9","23","4369.59","6","19","2913.06","6","1","17","0.0980","0.2017","0.2500","0.3800","0.20","0.00","3","1","0.00","0.20"
"1296","40001000000010263024","fraud_Lynch-Wisozk","food_dining","486.05","40.7128","-74.0060","8419000","1704749040","2024-01-08 21:24:00","0","1","16","489.19","1","1","490.30","1","3","2","0.1000","0.2166","0.2600","0.4300","0.00","0.10","1","2","0.10","0.30"
"1297","40001000000010270943","fraud_Huels-Nolan","gas_transport","486.59","34.0522","-118.2437","3980000","1704749580","2024-01-08 21:33:00","0","2","18","979.46","4","9","1954.86","2","5","5","0.1020","0.0421","0.2700","0.4800","0.10","0.20","2","3","0.20","0.40"
"1298","40001000000010278862","fraud_Schmeler Inc","travel","487.13","41.8781","-87.6298","2746000","1704750120","2024-01-08 21:42:00","0","3","20","1470.81","7","17","3422.66","3","7","8","0.1040","0.0570","0.2800","0.0600","0.20","0.30","3","1","0.30","0.00"
"1299","40001000000010286781","fraud_Heathcote LLC","entertainment","487.67","29.7604","-95.3698","2328000","1704750660","2024-01-08 21:51:00","0","4","22","1963.24","2","17","992.34","4","2","11","0.1060","0.0719","0.2900","0.1100","0.00","0.00","1","2","0.40","0.10"
"1300","40001000000010294700","fraud_Kilback LLC","travel","486.00","39.9526","-75.1652","1600000","1704751200","2024-01-08 22:00:00","0","5","24","2445.70","5","7","2430.00","5","4","14","0.1080","0.0868","0.3000","0.1600","0.10","0.10","2","3","0.00","0.20"
"1301","40001000000010302619","fraud_Ruecker Group","entertainment","486.54","33.4484","-112.0740","1625000","1704751740","2024-01-08 22:09:00","0","6","26","2938.08","8","15","3896.57","6","6","17","0.1100","0.1017","0.3100","0.2100","0.20","0.20","3","1","0.10","0.30"
"1302","40001000000010310538","fraud_Stokes and Sons","travel","487.08","32.7767","-96.7970","1304000","1704752280","2024-01-08 22:18:00","0","7","7","3409.56","3","15","1469.74","1","1","2","0.1120","0.1166","0.3200","0.2600","0.00","0.30","1","2","0.20","0.40"
"1303","40001000000010318457","fraud_Bahringer Group","entertainment","487.62","47.6062","-122.3321","737000","1704752820","2024-01-08 22:27:00","0","8","9","3904.10","6","23","2938.47","2","3","5","0.1140","0.1315","0.3300","0.3100","0.10","0.00","2","3","0.30","0.00"
"1304","40001000000010326376","fraud_Haley Ltd","travel","488.16","40.7128","-74.0060","8419000","1704753360","2024-01-08 22:36:00","0","9","11","4399.72","1","5","505.16","3","5","8","0.1160","0.1464","0.3400","0.3600","0.20","0.10","3","1","0.40","0.10"
"1305","40001000000010334295","fraud_McDermott PLC","entertainment","488.70","34.0522","-118.2437","3980000","1704753900","2024-01-08 22:45:00","0","1","4","498.12","4","13","1954.80","4","7","11","0.1180","0.1613","0.3500","0.4100","0.00","0.20","1","2","0.00","0.20"
"1306","40001000000010342214","fraud_Lynch-Wisozk","travel","489.24","41.8781","-87.6298","2746000","1704754440","2024-01-08 22:54:00","0","2","6","991.04","7","21","3428.93","5","2","14","0.1200","0.1762","0.3600","0.4600","0.10","0.30","2","3","0.10","0.30"
"1307","40001000000010350133","fraud_Huels-Nolan","entertainment","489.78","29.7604","-95.3698","2328000","1704754980","2024-01-08 23:03:00","0","3","8","1485.04","2","3","988.06","6","4","17","0.1220","0.1911","0.3700","0.0400","0.20","0.00","3","1","0.20","0.40"
"1308","40001000000010358052","fraud_Schmeler Inc","travel","490.32","39.9526","-75.1652","1600000","1704755520","2024-01-08 23:12:00","0","4","10","1980.12","5","11","2464.35","1","6","2","0.1240","0.2060","0.3800","0.0900","0.00","0.10","1","2","0.30","0.00"
"1309","40001000000010365971","fraud_Heathcote LLC","home","490.86","33.4484","-112.0740","1625000","1704756060","2024-01-08 23:21:00","1","5","12","2454.30","8","19","3943.88","2","1","5","0.1260","0.2209","0.3900","0.1400","0.10","0.20","2","3","0.40","0.10"
"1310","40001000000010373890","fraud_Kilback LLC","health_fitness","491.40","32.7767","-96.7970","1304000","1704756600","2024-01-08 23:30:00","0","6","14","2951.54","3","19","1474.20","3","3","8","0.1280","0.0464","0.4000","0.1900","0.20","0.30","3","1","0.00","0.20"
"1311","40001000000010381809","fraud_Ruecker Group","home","491.94","47.6062","-122.3321","737000","1704757140","2024-01-08 23:39:00","0","7","16","3449.86","6","9","2955.89","4","5","11","0.1300","0.0613","0.4100","0.2400","0.00","0.00","1","2","0.10","0.30"
"1312","40001000000010389728","fraud_Stokes and Sons","health_fitness","492.48","40.7128","-74.0060","8419000","1704757680","2024-01-08 23:48:00","0","8","18","3949.26","1","9","500.98","5","7","14","0.1320","0.0762","0.4200","0.2900","0.10","0.10","2","3","0.20","0.40"
"1313","40001000000010397647","fraud_Bahringer Group","home","490.81","34.0522","-118.2437","3980000","1704758220","2024-01-08 23:57:00","0","9","20","4429.85","4","17","1975.99","6","2","17","0.1340","0.0911","0.4300","0.3400","0.20","0.20","3","1","0.30","0.00"
"1314","40001000000010405566","fraud_Haley Ltd","health_fitness","491.35","41.8781","-87.6298","2746000","1704758760","2024-01-09 00:06:00","0","1","13","507.05","7","7","3456.45","1","4","2","0.1360","0.1060","0.4400","0.3900","0.00","0.30","1","2","0.40","0.10"
"1315","40001000000010413485","fraud_McDermott PLC","home","491.89","29.7604","-95.3698","2328000","1704759300","2024-01-09 00:15:00","0","2","15","1002.62","2","7","983.78","2","6","5","0.1380","0.1209","0.4500","0.4400","0.10","0.00","2","3","0.00","0.20"
"1316","40001000000010421404","fraud_Lynch-Wisozk","health_fitness","492.43","39.9526","-75.1652","1600000","1704759840","2024-01-09 00:24:00","0","3","17","1477.29","5","15","2466.40","3","1","8","0.1400","0.1357","0.4600","0.0200","0.20","0.10","3","1","0.10","0.30"
"1317","40001000000010429323","fraud_Huels-Nolan","home","492.97","33.4484","-112.0740","1625000","1704760380","2024-01-09 00:33:00","0","4","19","1975.02","8","23","3952.26","4","3","11","0.1420","0.1506","0.4700","0.0700","0.00","0.20","1","2","0.20","0.40"
"1318","40001000000010437242","fraud_Schmeler Inc","health_fitness","493.51","32.7767","-96.7970","1304000","1704760920","2024-01-09 00:42:00","0","5","21","2473.83","3","5","1493.28","5","5","14","0.1440","0.1655","0.4800","0.1200","0.10","0.30","2","3","0.30","0.00"
"1319","40001000000010445161","fraud_Heathcote LLC","home","494.05","47.6062","-122.3321","737000","1704761460","2024-01-09 00:51:00","0","6","23","2973.72","6","13","2981.30","6","7","17","0.1460","0.1804","0.4900","0.1700","0.20","0.00","3","1","0.40","0.10"
"1320","40001000000010453080","fraud_Kilback LLC","grocery_pos","494.59","40.7128","-74.0060","8419000","1704762000","2024-01-09 01:00:00","0","7","25","3474.69","1","13","494.59","1","2","2","0.1480","0.1953","0.5000","0.2200","0.00","0.10","1","2","0.00","0.20"
"1321","40001000000010460999","fraud_Ruecker Group","personal_care","495.13","34.0522","-118.2437","3980000","1704762540","2024-01-09 01:09:00","0","8","27","3976.74","4","21","1984.77","2","4","5","0.1500","0.2102","0.5100","0.2700","0.10","0.20","2","3","0.10","0.30"
"1322","40001000000010468918","fraud_Stokes and Sons","grocery_pos","495.67","41.8781","-87.6298","2746000","1704763080","2024-01-09 01:18:00","0","9","29","4479.87","7","11","3478.19","3","6","8","0.1520","0.2251","0.5200","0.3200","0.20","0.30","3","1","0.20","0.40"
"1323","40001000000010476837","fraud_Bahringer Group","personal_care","496.21","29.7604","-95.3698","2328000","1704763620","2024-01-09 01:27:00","0","1","1","496.21","2","11","1005.17","4","1","11","0.1540","0.0506","0.5300","0.3700","0.00","0.00","1","2","0.30","0.00"
"1324","40001000000010484756","fraud_Haley Ltd","grocery_pos","496.75","39.9526","-75.1652","1600000","1704764160","2024-01-09 01:36:00","0","2","3","996.64","5","19","2500.75","5","3","14","0.1560","0.0655","0.5400","0.4200","0.10","0.10","2","3","0.40","0.10"
"1325","40001000000010492675","fraud_McDermott PLC","personal_care","497.29","33.4484","-112.0740","1625000","1704764700","2024-01-09 01:45:00","0","3","5","1498.15","8","9","3978.32","6","5","17","0.1580","0.0804","0.0200","0.4700","0.20","0.20","3","1","0.00","0.20"
"1326","40001000000010500594","fraud_Lynch-Wisozk","grocery_pos","495.62","32.7767","-96.7970","1304000","1704765240","2024-01-09 01:54:00","1","4","7","1991.90","3","9","1491.11","1","7","2","0.1600","0.0953","0.0300","0.0500","0.00","0.30","1","2","0.10","0.30"
"1327","40001000000010508513","fraud_Huels-Nolan","personal_care","496.16","47.6062","-122.3321","737000","1704765780","2024-01-09 02:03:00","0","5","9","2493.36","6","17","2985.46","2","2","5","0.1620","0.1102","0.0400","0.1000","0.10","0.00","2","3","0.20","0.40"
"1328","40001000000010516432","fraud_Schmeler Inc","grocery_pos","496.70","40.7128","-74.0060","8419000","1704766320","2024-01-09 02:12:00","0","6","11","2995.90","1","17","509.45","3","4","8","0.1640","0.1251","0.0500","0.1500","0.20","0.10","3","1","0.30","0.00"
"1329","40001000000010524351","fraud_Heathcote LLC","personal_care","497.24","34.0522","-118.2437","3980000","1704766860","2024-01-09 02:21:00","0","7","13","3499.52","4","7","2005.96","4","6","11","0.1660","0.1400","0.0600","0.2000","0.00","0.20","1","2","0.40","0.10"
"1330","40001000000010532270","fraud_Kilback LLC","grocery_pos","497.78","41.8781","-87.6298","2746000","1704767400","2024-01-09 02:30:00","0","8","15","3982.24","7","15","3484.46","5","1","14","0.1680","0.1549","0.0700","0.2500","0.10","0.30","2","3","0.00","0.20"
"1331","40001000000010540189","fraud_Ruecker Group","misc_net","498.32","29.7604","-95.3698","2328000","1704767940","2024-01-09 02:39:00","0","9","17","4488.02","2","15","1000.89","6","3","17","0.1700","0.1698","0.0800","0.3000","0.20","0.00","3","1","0.10","0.30"
"1332","40001000000010548108","fraud_Stokes and Sons","shopping_net","498.86","39.9526","-75.1652","1600000","1704768480","2024-01-09 02:48:00","0","1","10","505.14","5","5","2502.80","1","5","2","0.1720","0.1847","0.0900","0.3500","0.00","0.10","1","2","0.20","0.40"
"1333","40001000000010556027","fraud_Bahringer Group","misc_net","499.40","33.4484","-112.0740","1625000","1704769020","2024-01-09 02:57:00","0","2","12","1008.22","8","13","4007.95","2","7","5","0.1740","0.1996","0.1000","0.4000","0.10","0.20","2","3","0.30","0.00"
"1334","40001000000010563946","fraud_Haley Ltd","shopping_net","499.94","32.7767","-96.7970","1304000","1704769560","2024-01-09 03:06:00","0","3","14","1512.38","3","13","1516.82","3","2","8","0.1760","0.2145","0.1100","0.4500","0.20","0.30","3","1","0.40","0.10"
"1335","40001000000010571865","fraud_McDermott PLC","misc_net","500.48","47.6062","-122.3321","737000","1704770100","2024-01-09 03:15:00","0","4","16","2017.62","6","21","3002.88","4","4","11","0.1780","0.0400","0.1200","0.0300","0.00","0.00","1","2","0.00","0.20"
"1336","40001000000010579784","fraud_Lynch-Wisozk","shopping_net","501.02","40.7128","-74.0060","8419000","1704770640","2024-01-09 03:24:00","0","5","18","2523.94","1","3","505.27","5","6","14","0.1800","0.0549","0.1300","0.0800","0.10","0.10","2","3","0.10","0.30"
"1337","40001000000010587703","fraud_Huels-Nolan","misc_net","501.56","34.0522","-118.2437","3980000","1704771180","2024-01-09 03:33:00","0","6","20","3009.36","4","11","2014.74","6","1","17","0.1820","0.0698","0.1400","0.1300","0.20","0.20","3","1","0.20","0.40"
"1338","40001000000010595622","fraud_Schmeler Inc","shopping_net","502.10","41.8781","-87.6298","2746000","1704771720","2024-01-09 03:42:00","0","7","22","3517.84","7","19","3527.45","1","3","2","0.1840","0.0847","0.1500","0.1800","0.00","0.30","1","2","0.30","0.00"
"1339","40001000000010603541","fraud_Heathcote LLC","misc_net","500.43","29.7604","-95.3698","2328000","1704772260","2024-01-09 03:51:00","0","8","24","4009.72","2","19","1017.86","2","5","5","0.1860","0.0996","0.1600","0.2300","0.10","0.00","2","3","0.40","0.10"
"1340","40001000000010611460","fraud_Kilback LLC","shopping_net","500.97","39.9526","-75.1652","1600000","1704772800","2024-01-09 04:00:00","0","9","26","4518.15","5","9","2504.85","3","7","8","0.1880","0.1145","0.1700","0.2800","0.20","0.10","3","1","0.00","0.20"
"1341","40001000000010619379","fraud_Ruecker Group","misc_net","501.51","33.4484","-112.0740","1625000","1704773340","2024-01-09 04:09:00","0","1","19","514.07","8","17","4016.33","4","2","11","0.1900","0.1294","0.1800","0.3300","0.00","0.20","1","2","0.10","0.30"
"1342","40001000000010627298","fraud_Stokes and Sons","gas_transport","502.05","32.7767","-96.7970","1304000","1704773880","2024-01-09 04:18:00","0","2","21","1019.80","3","17","1514.65","5","4","14","0.1920","0.1443","0.1900","0.3800","0.10","0.30","2","3","0.20","0.40"
"1343","40001000000010635217","fraud_Bahringer Group","food_dining","502.59","47.6062","-122.3321","737000","1704774420","2024-01-09 04:27:00","1","3","23","1526.61","6","7","3028.29","6","6","17","0.1940","0.1591","0.2000","0.4300","0.20","0.00","3","1","0.30","0.00"
"1344","40001000000010643136","fraud_Haley Ltd","gas_transport","503.13","40.7128","-74.0060","8419000","1704774960","2024-01-09 04:36:00","0","4","4","2012.52","1","7","520.13","1","1","2","0.1960","0.1740","0.2100","0.4800","0.00","0.10","1","2","0.40","0.10"
"1345","40001000000010651055","fraud_McDermott PLC","food_dining","503.67","34.0522","-118.2437","3980000","1704775500","2024-01-09 04:45:00","0","5","6","2521.49","4","15","2014.68","2","3","5","0.1980","0.1889","0.2200","0.0600","0.10","0.20","2","3","0.00","0.20"
"1346","40001000000010658974","fraud_Lynch-Wisozk","gas_transport","504.21","41.8781","-87.6298","2746000","1704776040","2024-01-09 04:54:00","0","6","8","3031.54","7","23","3533.72","3","5","8","0.2000","0.2038","0.2300","0.1100","0.20","0.30","3","1","0.10","0.30"
"1347","40001000000010666893","fraud_Huels-Nolan","food_dining","504.75","29.7604","-95.3698","2328000","1704776580","2024-01-09 05:03:00","0","7","10","3542.67","2","5","1018.00","4","7","11","0.2020","0.2187","0.2400","0.1600","0.00","0.00","1","2","0.20","0.40"
"1348","40001000000010674812","fraud_Schmeler Inc","gas_transport","505.29","39.9526","-75.1652","1600000","1704777120","2024-01-09 05:12:00","0","8","12","4054.88","5","13","2539.20","5","2","14","0.2040","0.0443","0.2500","0.2100","0.10","0.10","2","3","0.30","0.00"
"1349","40001000000010682731","fraud_Heathcote LLC","food_dining","505.83","33.4484","-112.0740","1625000","1704777660","2024-01-09 05:21:00","0","9","14","4568.17","8","21","4063.64","6","4","17","0.2060","0.0591","0.2600","0.2600","0.20","0.20","3","1","0.40","0.10"
"1350","40001000000010690650","fraud_Kilback LLC","gas_transport","506.37","32.7767","-96.7970","1304000","1704778200","2024-01-09 05:30:00","0","1","7","525.21","3","3","1519.11","1","6","2","0.2080","0.0740","0.2700","0.3100","0.00","0.30","1","2","0.00","0.20"
"1351","40001000000010698569","fraud_Ruecker Group","food_dining","506.91","47.6062","-122.3321","737000","1704778740","2024-01-09 05:39:00","0","2","9","1013.82","6","11","3045.71","2","1","5","0.2100","0.0889","0.2800","0.3600","0.10","0.00","2","3","0.10","0.30"
"1352","40001000000010706488","fraud_Stokes and Sons","gas_transport","505.24","40.7128","-74.0060","8419000","1704779280","2024-01-09 05:48:00","0","3","11","1518.86","1","11","513.74","3","3","8","0.2120","0.1038","0.2900","0.4100","0.20","0.10","3","1","0.20","0.40"
"1353","40001000000010714407","fraud_Bahringer Group","travel","505.78","34.0522","-118.2437","3980000","1704779820","2024-01-09 05:57:00","0","4","13","2029.40","4","19","2035.87","4","5","11","0.2140","0.1187","0.3000","0.4600","0.00","0.20","1","2","0.30","0.00"
"1354","40001000000010722326","fraud_Haley Ltd","entertainment","506.32","41.8781","-87.6298","2746000","1704780360","2024-01-09 06:06:00","0","5","15","2541.02","7","9","3561.24","5","7","14","0.2160","0.1336","0.3100","0.0400","0.10","0.30","2","3","0.40","0.10"
"1355","40001000000010730245","fraud_McDermott PLC","travel","506.86","29.7604","-95.3698","2328000","1704780900","2024-01-09 06:15:00","0","6","17","3053.72","2","9","1013.72","6","2","17","0.2180","0.1485","0.3200","0.0900","0.20","0.00","3","1","0.00","0.20"
"1356","40001000000010738164","fraud_Lynch-Wisozk","entertainment","507.40","39.9526","-75.1652","1600000","1704781440","2024-01-09 06:24:00","0","7","19","3567.50","5","17","2541.25","1","4","2","0.2200","0.1634","0.3300","0.1400","0.00","0.10","1","2","0.10","0.30"
"1357","40001000000010746083","fraud_Huels-Nolan","travel","507.94","33.4484","-112.0740","1625000","1704781980","2024-01-09 06:33:00","0","8","21","4082.36","8","25","4072.02","2","6","5","0.2220","0.1783","0.3400","0.1900","0.10","0.20","2","3","0.20","0.40"
"1358","40001000000010754002","fraud_Schmeler Inc","entertainment","508.48","32.7767","-96.7970","1304000","1704782520","2024-01-09 06:42:00","0","9","23","4576.32","3","7","1538.19","3","1","8","0.0300","0.1932","0.3500","0.2400","0.20","0.30","3","1","0.30","0.00"
"1359","40001000000010761921","fraud_Heathcote LLC","travel","509.02","47.6062","-122.3321","737000","1704783060","2024-01-09 06:51:00","0","1","16","512.16","6","15","3071.12","4","3","11","0.0320","0.2081","0.3600","0.2900","0.00","0.00","1","2","0.40","0.10"
"1360","40001000000010769840","fraud_Kilback LLC","entertainment","509.56","40.7128","-74.0060","8419000","1704783600","2024-01-09 07:00:00","1","2","18","1025.40","1","15","509.56","5","5","14","0.0340","0.2230","0.3700","0.3400","0.10","0.10","2","3","0.00","0.20"
"1361","40001000000010777759","fraud_Ruecker Group","travel","510.10","34.0522","-118.2437","3980000","1704784140","2024-01-09 07:09:00","0","3","20","1539.72","4","5","2044.65","6","7","17","0.0360","0.0485","0.3800","0.3900","0.20","0.20","3","1","0.10","0.30"
"1362","40001000000010785678","fraud_Stokes and Sons","entertainment","510.64","41.8781","-87.6298","2746000","1704784680","2024-01-09 07:18:00","0","4","22","2055.12","7","13","3582.98","1","2","2","0.0380","0.0634","0.3900","0.4400","0.00","0.30","1","2","0.20","0.40"
"1363","40001000000010793597","fraud_Bahringer Group","travel","511.18","29.7604","-95.3698","2328000","1704785220","2024-01-09 07:27:00","0","5","24","2571.60","2","13","1035.11","2","4","5","0.0400","0.0783","0.4000","0.0200","0.10","0.00","2","3","0.30","0.00"
"1364","40001000000010801516","fraud_Haley Ltd","home","511.72","39.9526","-75.1652","1600000","1704785760","2024-01-09 07:36:00","0","6","26","3089.16","5","21","2575.60","3","6","8","0.0420","0.0932","0.4100","0.0700","0.20","0.10","3","1","0.40","0.10"
"1365","40001000000010809435","fraud_McDermott PLC","health_fitness","510.05","33.4484","-112.0740","1625000","1704786300","2024-01-09 07:45:00","0","7","7","3570.35","8","11","4080.40","4","1","11","0.0440","0.1081","0.4200","0.1200","0.00","0.20","1","2","0.00","0.20"
"1366","40001000000010817354","fraud_Lynch-Wisozk","home","510.59","32.7767","-96.7970","1304000","1704786840","2024-01-09 07:54:00","0","8","9","4087.86","3","11","1536.02","5","3","14","0.0460","0.1230","0.4300","0.1700","0.10","0.30","2","3","0.10","0.30"
"1367","40001000000010825273","fraud_Huels-Nolan","health_fitness","511.13","47.6062","-122.3321","737000","1704787380","2024-01-09 08:03:00","0","9","11","4606.45","6","19","3075.28","6","5","17","0.0480","0.1379","0.4400","0.2200","0.20","0.00","3","1","0.20","0.40"
"1368","40001000000010833192","fraud_Schmeler Inc","home","511.67","40.7128","-74.0060","8419000","1704787920","2024-01-09 08:12:00","0","1","4","521.09","1","1","524.42","1","7","2","0.0500","0.1528","0.4500","0.2700","0.00","0.10","1","2","0.30","0.00"
"1369","40001000000010841111","fraud_Heathcote LLC","health_fitness","512.21","34.0522","-118.2437","3980000","1704788460","2024-01-09 08:21:00","0","2","6","1036.98","4","9","2065.84","2","2","5","0.0520","0.1677","0.4600","0.3200","0.10","0.20","2","3","0.40","0.10"
"1370","40001000000010849030","fraud_Kilback LLC","home","512.75","41.8781","-87.6298","2746000","1704789000","2024-01-09 08:30:00","0","3","8","1553.95","7","17","3589.25","3","4","8","0.0540","0.1826","0.4700","0.3700","0.20","0.30","3","1","0.00","0.20"
"1371","40001000000010856949","fraud_Ruecker Group","health_fitness","513.29","29.7604","-95.3698","2328000","1704789540","2024-01-09 08:39:00","0","4","10","2072.00","2","17","1030.83","4","6","11","0.0560","0.1974","0.4800","0.4200","0.00","0.00","1","2","0.10","0.30"
"1372","40001000000010864868","fraud_Stokes and Sons","home","513.83","39.9526","-75.1652","1600000","1704790080","2024-01-09 08:48:00","0","5","12","2569.15","5","7","2577.65","5","1","14","0.0580","0.2123","0.4900","0.4700","0.10","0.10","2","3","0.20","0.40"
"1373","40001000000010872787","fraud_Bahringer Group","health_fitness","514.37","33.4484","-112.0740","1625000","1704790620","2024-01-09 08:57:00","0","6","14","3089.36","8","15","4127.71","6","3","17","0.0600","0.2272","0.5000","0.0500","0.20","0.20","3","1","0.30","0.00"
"1374","40001000000010880706","fraud_Haley Ltd","home","514.91","32.7767","-96.7970","1304000","1704791160","2024-01-09 09:06:00","0","7","16","3610.65","3","15","1561.73","1","5","2","0.0620","0.0528","0.5100","0.1000","0.00","0.30","1","2","0.40","0.10"
"1375","40001000000010888625","fraud_McDermott PLC","grocery_pos","515.45","47.6062","-122.3321","737000","1704791700","2024-01-09 09:15:00","0","8","18","4133.02","6","23","3092.70","2","7","5","0.0640","0.0677","0.5200","0.1500","0.10","0.00","2","3","0.00","0.20"
"1376","40001000000010896544","fraud_Lynch-Wisozk","personal_care","515.99","40.7128","-74.0060","8419000","1704792240","2024-01-09 09:24:00","0","9","20","4656.47","1","5","520.24","3","2","8","0.0660","0.0826","0.5300","0.2000","0.20","0.10","3","1","0.10","0.30"
"1377","40001000000010904463","fraud_Huels-Nolan","grocery_pos","516.53","34.0522","-118.2437","3980000","1704792780","2024-01-09 09:33:00","1","1","13","532.23","4","13","2074.62","4","4","11","0.0680","0.0974","0.5400","0.2500","0.00","0.20","1","2","0.20","0.40"
"1378","40001000000010912382","fraud_Schmeler Inc","personal_care","514.86","41.8781","-87.6298","2746000","1704793320","2024-01-09 09:42:00","0","2","15","1048.56","7","21","3616.77","5","6","14","0.0700","0.1123","0.0200","0.3000","0.10","0.30","2","3","0.30","0.00"
"1379","40001000000010920301","fraud_Heathcote LLC","grocery_pos","515.40","29.7604","-95.3698","2328000","1704793860","2024-01-09 09:51:00","0","3","17","1546.20","2","3","1047.80","6","1","17","0.0720","0.1272","0.0300","0.3500","0.20","0.00","3","1","0.40","0.10"
"1380","40001000000010928220","fraud_Kilback LLC","personal_care","515.94","39.9526","-75.1652","1600000","1704794400","2024-01-09 10:00:00","0","4","19","2066.90","5","11","2579.70","1","3","2","0.0740","0.1421","0.0400","0.4000","0.00","0.10","1","2","0.00","0.20"
"1381","40001000000010936139","fraud_Ruecker Group","grocery_pos","516.48","33.4484","-112.0740","1625000","1704794940","2024-01-09 10:09:00","0","5","21","2588.68","8","19","4136.09","2","5","5","0.0760","0.1570","0.0500","0.4500","0.10","0.20","2","3","0.10","0.30"
"1382","40001000000010944058","fraud_Stokes and Sons","personal_care","517.02","32.7767","-96.7970","1304000","1704795480","2024-01-09 10:18:00","0","6","23","3111.54","3","19","1559.56","3","7","8","0.0780","0.1719","0.0600","0.0300","0.20","0.30","3","1","0.20","0.40"
"1383","40001000000010951977","fraud_Bahringer Group","grocery_pos","517.56","47.6062","-122.3321","737000","1704796020","2024-01-09 10:27:00","0","7","25","3635.48","6","9","3118.11","4","2","11","0.0800","0.1868","0.0700","0.0800","0.00","0.00","1","2","0.30","0.00"
"1384","40001000000010959896","fraud_Haley Ltd","personal_care","518.10","40.7128","-74.0060","8419000","1704796560","2024-01-09 10:36:00","0","8","27","4160.50","1","9","535.10","5","4","14","0.0820","0.2017","0.0800","0.1300","0.10","0.10","2","3","0.40","0.10"
"1385","40001000000010967815","fraud_McDermott PLC","grocery_pos","518.64","34.0522","-118.2437","3980000","1704797100","2024-01-09 10:45:00","0","9","29","4686.60","4","17","2074.56","6","6","17","0.0840","0.2166","0.0900","0.1800","0.20","0.20","3","1","0.00","0.20"
"1386","40001000000010975734","fraud_Lynch-Wisozk","misc_net","519.18","41.8781","-87.6298","2746000","1704797640","2024-01-09 10:54:00","0","1","1","519.18","7","7","3638.51","1","1","2","0.0860","0.0421","0.1000","0.2300","0.00","0.30","1","2","0.10","0.30"
"1387","40001000000010983653","fraud_Huels-Nolan","shopping_net","519.72","29.7604","-95.3698","2328000","1704798180","2024-01-09 11:03:00","0","2","3","1042.58","2","7","1047.94","2","3","5","0.0880","0.0570","0.1100","0.2800","0.10","0.00","2","3","0.20","0.40"
"1388","40001000000010991572","fraud_Schmeler Inc","misc_net","520.26","39.9526","-75.1652","1600000","1704798720","2024-01-09 11:12:00","0","3","5","1567.06","5","15","2614.05","3","5","8","0.0900","0.0719","0.1200","0.3300","0.20","0.10","3","1","0.30","0.00"
"1389","40001000000010999491","fraud_Heathcote LLC","shopping_net","520.80","33.4484","-112.0740","1625000","1704799260","2024-01-09 11:21:00","0","4","7","2092.62","8","23","4183.40","4","7","11","0.0920","0.0868","0.1300","0.3800","0.00","0.20","1","2","0.40","0.10"
"1390","40001000000011007410","fraud_Kilback LLC","misc_net","521.34","32.7767","-96.7970","1304000","1704799800","2024-01-09 11:30:00","0","5","9","2619.26","3","5","1564.02","5","2","14","0.0940","0.1017","0.1400","0.4300","0.10","0.30","2","3","0.00","0.20"
"1391","40001000000011015329","fraud_Ruecker Group","shopping_net","519.67","47.6062","-122.3321","737000","1704800340","2024-01-09 11:39:00","0","6","11","3133.72","6","13","3122.27","6","4","17","0.0960","0.1166","0.1500","0.4800","0.20","0.00","3","1","0.10","0.30"
"1392","40001000000011023248","fraud_Stokes and Sons","misc_net","520.21","40.7128","-74.0060","8419000","1704800880","2024-01-09 11:48:00","0","7","13","3660.31","1","13","528.71","1","6","2","0.0980","0.1315","0.1600","0.0600","0.00","0.10","1","2","0.20","0.40"
"1393","40001000000011031167","fraud_Bahringer Group","shopping_net","520.75","34.0522","-118.2437","3980000","1704801420","2024-01-09 11:57:00","0","8","15","4166.00","4","21","2095.75","2","1","5","0.1000","0.1464","0.1700","0.1100","0.10","0.20","2","3","0.30","0.00"
"1394","40001000000011039086","fraud_Haley Ltd","misc_net","521.29","41.8781","-87.6298","2746000","1704801960","2024-01-09 12:06:00","1","9","17","4694.75","7","11","3666.03","3","3","8","0.1020","0.1613","0.1800","0.1600","0.20","0.30","3","1","0.40","0.10"
"1395","40001000000011047005","fraud_McDermott PLC","shopping_net","521.83","29.7604","-95.3698","2328000","1704802500","2024-01-09 12:15:00","0","1","10","528.11","2","11","1043.66","4","5","11","0.1040","0.1762","0.1900","0.2100","0.00","0.00","1","2","0.00","0.20"
"1396","40001000000011054924","fraud_Lynch-Wisozk","misc_net","522.37","39.9526","-75.1652","1600000","1704803040","2024-01-09 12:24:00","0","2","12","1054.16","5","19","2616.10","5","7","14","0.1060","0.1911","0.2000","0.2600","0.10","0.10","2","3","0.10","0.30"
"1397","40001000000011062843","fraud_Huels-Nolan","gas_transport","522.91","33.4484","-112.0740","1625000","1704803580","2024-01-09 12:33:00","0","3","14","1581.29","8","9","4191.78","6","2","17","0.1080","0.2060","0.2100","0.3100","0.20","0.20","3","1","0.20","0.40"
"1398","40001000000011070762","fraud_Schmeler Inc","food_dining","523.45","32.7767","-96.7970","1304000","1704804120","2024-01-09 12:42:00","0","4","16","2109.50","3","9","1583.10","1","4","2","0.1100","0.2209","0.2200","0.3600","0.00","0.30","1","2","0.30","0.00"
"1399","40001000000011078681","fraud_Heathcote LLC","gas_transport","523.99","47.6062","-122.3321","737000","1704804660","2024-01-09 12:51:00","0","5","18","2638.79","6","17","3160.94","2","6","5","0.1120","0.0464","0.2300","0.4100","0.10","0.00","2","3","0.40","0.10"
"1400","40001000000011086600","fraud_Kilback LLC","food_dining","524.53","40.7128","-74.0060","8419000","1704805200","2024-01-09 13:00:00","0","6","20","3147.18","1","17","524.53","3","1","8","0.1140","0.0613","0.2400","0.4600","0.20","0.10","3","1","0.00","0.20"
"1401","40001000000011094519","fraud_Ruecker Group","gas_transport","525.07","34.0522","-118.2437","3980000","1704805740","2024-01-09 13:09:00","0","7","22","3678.63","4","7","2104.53","4","3","11","0.1160","0.0762","0.2500","0.0400","0.00","0.20","1","2","0.10","0.30"
"1402","40001000000011102438","fraud_Stokes and Sons","food_dining","525.61","41.8781","-87.6298","2746000","1704806280","2024-01-09 13:18:00","0","8","24","4211.16","7","15","3687.77","5","5","14","0.1180","0.0911","0.2600","0.0900","0.10","0.30","2","3","0.20","0.40"
"1403","40001000000011110357","fraud_Bahringer Group","gas_transport","526.15","29.7604","-95.3698","2328000","1704806820","2024-01-09 13:27:00","0","9","26","4744.77","2","15","1065.05","6","7","17","0.1200","0.1060","0.2700","0.1400","0.20","0.00","3","1","0.30","0.00"
"1404","40001000000011118276","fraud_Haley Ltd","food_dining","524.48","39.9526","-75.1652","1600000","1704807360","2024-01-09 13:36:00","0","1","19","537.04","5","5","2639.40","1","2","2","0.1220","0.1209","0.2800","0.1900","0.00","0.10","1","2","0.40","0.10"
"1405","40001000000011126195","fraud_McDermott PLC","gas_transport","525.02","33.4484","-112.0740","1625000","1704807900","2024-01-09 13:45:00","0","2","21","1065.74","8","13","4200.16","2","4","5","0.1240","0.1357","0.2900","0.2400","0.10","0.20","2","3","0.00","0.20"
"1406","40001000000011134114","fraud_Lynch-Wisozk","food_dining","525.56","32.7767","-96.7970","1304000","1704808440","2024-01-09 13:54:00","0","3","23","1595.52","3","13","1580.93","3","6","8","0.1260","0.1506","0.3000","0.2900","0.20","0.30","3","1","0.10","0.30"
"1407","40001000000011142033","fraud_Huels-Nolan","gas_transport","526.10","47.6062","-122.3321","737000","1704808980","2024-01-09 14:03:00","0","4","4","2104.40","6","21","3165.10","4","1","11","0.1280","0.1655","0.3100","0.3400","0.00","0.00","1","2","0.20","0.40"
"1408","40001000000011149952","fraud_Schmeler Inc","travel","526.64","40.7128","-74.0060","8419000","1704809520","2024-01-09 14:12:00","0","5","6","2636.34","1","3","539.39","5","3","14","0.1300","0.1804","0.3200","0.3900","0.10","0.10","2","3","0.30","0.00"
"1409","40001000000011157871","fraud_Heathcote LLC","entertainment","527.18","34.0522","-118.2437","3980000","1704810060","2024-01-09 14:21:00","0","6","8","3169.36","4","11","2125.72","6","5","17","0.1320","0.1953","0.3300","0.4400","0.20","0.20","3","1","0.40","0.10"
"1410","40001000000011165790","fraud_Kilback LLC","travel","527.72","41.8781","-87.6298","2746000","1704810600","2024-01-09 14:30:00","0","7","10","3703.46","7","19","3694.04","1","7","2","0.1340","0.2102","0.3400","0.0200","0.00","0.30","1","2","0.00","0.20"
"1411","40001000000011173709","fraud_Ruecker Group","entertainment","528.26","29.7604","-95.3698","2328000","1704811140","2024-01-09 14:39:00","1","8","12","4238.64","2","19","1060.77","2","2","5","0.1360","0.2251","0.3500","0.0700","0.10","0.00","2","3","0.10","0.30"
"1412","40001000000011181628","fraud_Stokes and Sons","travel","528.80","39.9526","-75.1652","1600000","1704811680","2024-01-09 14:48:00","0","9","14","4774.90","5","9","2652.50","3","4","8","0.1380","0.0506","0.3600","0.1200","0.20","0.10","3","1","0.20","0.40"
"1413","40001000000011189547","fraud_Bahringer Group","entertainment","529.34","33.4484","-112.0740","1625000","1704812220","2024-01-09 14:57:00","0","1","7","548.18","8","17","4247.47","4","6","11","0.1400","0.0655","0.3700","0.1700","0.00","0.20","1","2","0.30","0.00"
"1414","40001000000011197466","fraud_Haley Ltd","travel","529.88","32.7767","-96.7970","1304000","1704812760","2024-01-09 15:06:00","0","2","9","1059.76","3","17","1606.64","5","1","14","0.1420","0.0804","0.3800","0.2200","0.10","0.30","2","3","0.40","0.10"
"1415","40001000000011205385","fraud_McDermott PLC","entertainment","530.42","47.6062","-122.3321","737000","1704813300","2024-01-09 15:15:00","0","3","11","1594.40","6","7","3182.52","6","3","17","0.1440","0.0953","0.3900","0.2700","0.20","0.00","3","1","0.00","0.20"
"1416","40001000000011213304","fraud_Lynch-Wisozk","travel","530.96","40.7128","-74.0060","8419000","1704813840","2024-01-09 15:24:00","0","4","13","2130.12","1","7","535.21","1","5","2","0.1460","0.1102","0.4000","0.3200","0.00","0.10","1","2","0.10","0.30"
"1417","40001000000011221223","fraud_Huels-Nolan","entertainment","529.29","34.0522","-118.2437","3980000","1704814380","2024-01-09 15:33:00","0","5","15","2655.87","4","15","2125.66","2","7","5","0.1480","0.1251","0.4100","0.3700","0.10","0.20","2","3","0.20","0.40"
"1418","40001000000011229142","fraud_Schmeler Inc","travel","529.83","41.8781","-87.6298","2746000","1704814920","2024-01-09 15:42:00","0","6","17","3191.54","7","23","3721.56","3","2","8","0.1500","0.1400","0.4200","0.4200","0.20","0.30","3","1","0.30","0.00"
"1419","40001000000011237061","fraud_Heathcote LLC","home","530.37","29.7604","-95.3698","2328000","1704815460","2024-01-09 15:51:00","0","7","19","3728.29","2","5","1077.74","4","4","11","0.1520","0.1549","0.4300","0.4700","0.00","0.00","1","2","0.40","0.10"
"1420","40001000000011244980","fraud_Kilback LLC","health_fitness","530.91","39.9526","-75.1652","1600000","1704816000","2024-01-09 16:00:00","0","8","21","4266.12","5","13","2654.55","5","6","14","0.1540","0.1698","0.4400","0.0500","0.10","0.10","2","3","0.00","0.20"
"1421","40001000000011252899","fraud_Ruecker Group","home","531.45","33.4484","-112.0740","1625000","1704816540","2024-01-09 16:09:00","0","9","23","4783.05","8","21","4255.85","6","1","17","0.1560","0.1847","0.4500","0.1000","0.20","0.20","3","1","0.10","0.30"
"1422","40001000000011260818","fraud_Stokes and Sons","health_fitness","531.99","32.7767","-96.7970","1304000","1704817080","2024-01-09 16:18:00","0","1","16","535.13","3","3","1604.47","1","3","2","0.1580","0.1996","0.4600","0.1500","0.00","0.30","1","2","0.20","0.40"
"1423","40001000000011268737","fraud_Bahringer Group","home","532.53","47.6062","-122.3321","737000","1704817620","2024-01-09 16:27:00","0","2","18","1071.34","6","11","3207.93","2","5","5","0.1600","0.2145","0.4700","0.2000","0.10","0.00","2","3","0.30","0.00"
"1424","40001000000011276656","fraud_Haley Ltd","health_fitness","533.07","40.7128","-74.0060","8419000","1704818160","2024-01-09 16:36:00","0","3","20","1608.63","1","11","550.07","3","7","8","0.1620","0.0400","0.4800","0.2500","0.20","0.10","3","1","0.40","0.10"
"1425","40001000000011284575","fraud_McDermott PLC","home","533.61","34.0522","-118.2437","3980000","1704818700","2024-01-09 16:45:00","0","4","22","2147.00","4","19","2134.44","4","2","11","0.1640","0.0549","0.4900","0.3000","0.00","0.20","1","2","0.00","0.20"
"1426","40001000000011292494","fraud_Lynch-Wisozk","health_fitness","534.15","41.8781","-87.6298","2746000","1704819240","2024-01-09 16:54:00","0","5","24","2686.45","7","9","3743.30","5","4","14","0.1660","0.0698","0.5000","0.3500","0.10","0.30","2","3","0.10","0.30"
"1427","40001000000011300413","fraud_Huels-Nolan","home","534.69","29.7604","-95.3698","2328000","1704819780","2024-01-09 17:03:00","0","6","26","3226.98","2","9","1077.88","6","6","17","0.1680","0.0847","0.5100","0.4000","0.20","0.00","3","1","0.20","0.40"
"1428","40001000000011308332","fraud_Schmeler Inc","health_fitness","535.23","39.9526","-75.1652","1600000","1704820320","2024-01-09 17:12:00","1","7","7","3746.61","5","17","2688.90","1","1","2","0.1700","0.0996","0.5200","0.4500","0.00","0.10","1","2","0.30","0.00"
"1429","40001000000011316251","fraud_Heathcote LLC","home","535.77","33.4484","-112.0740","1625000","1704820860","2024-01-09 17:21:00","0","8","9","4289.30","8","25","4303.16","2","3","5","0.1720","0.1145","0.5300","0.0300","0.10","0.20","2","3","0.40","0.10"
"1430","40001000000011324170","fraud_Kilback LLC","grocery_pos","534.10","32.7767","-96.7970","1304000","1704821400","2024-01-09 17:30:00","0","9","11","4813.18","3","7","1602.30","3","5","8","0.1740","0.1294","0.5400","0.0800","0.20","0.30","3","1","0.00","0.20"
"1431","40001000000011332089","fraud_Ruecker Group","personal_care","534.64","47.6062","-122.3321","737000","1704821940","2024-01-09 17:39:00","0","1","4","544.06","6","15","3212.09","4","7","11","0.1760","0.1443","0.0200","0.1300","0.00","0.00","1","2","0.10","0.30"
"1432","40001000000011340008","fraud_Stokes and Sons","grocery_pos","535.18","40.7128","-74.0060","8419000","1704822480","2024-01-09 17:48:00","0","2","6","1082.92","1","15","543.68","5","2","14","0.1780","0.1591","0.0300","0.1800","0.10","0.10","2","3","0.20","0.40"
"1433","40001000000011347927","fraud_Bahringer Group","personal_care","535.72","34.0522","-118.2437","3980000","1704823020","2024-01-09 17:57:00","0","3","8","1622.86","4","5","2155.63","6","4","17","0.1800","0.1740","0.0400","0.2300","0.20","0.20","3","1","0.30","0.00"
"1434","40001000000011355846","fraud_Haley Ltd","grocery_pos","536.26","41.8781","-87.6298","2746000","1704823560","2024-01-09 18:06:00","0","4","10","2163.88","7","13","3770.82","1","6","2","0.1820","0.1889","0.0500","0.2800","0.00","0.30","1","2","0.40","0.10"
"1435","40001000000011363765","fraud_McDermott PLC","personal_care","536.80","29.7604","-95.3698","2328000","1704824100","2024-01-09 18:15:00","0","5","12","2684.00","2","13","1073.60","2","1","5","0.1840","0.2038","0.0600","0.3300","0.10","0.00","2","3","0.00","0.20"
"1436","40001000000011371684","fraud_Lynch-Wisozk","grocery_pos","537.34","39.9526","-75.1652","1600000","1704824640","2024-01-09 18:24:00","0","6","14","3227.18","5","21","2690.95","3","3","8","0.1860","0.2187","0.0700","0.3800","0.20","0.10","3","1","0.10","0.30"
"1437","40001000000011379603","fraud_Huels-Nolan","personal_care","537.88","33.4484","-112.0740","1625000","1704825180","2024-01-09 18:33:00","0","7","16","3771.44","8","11","4311.54","4","5","11","0.1880","0.0443","0.0800","0.4300","0.00","0.20","1","2","0.20","0.40"
"1438","40001000000011387522","fraud_Schmeler Inc","grocery_pos","538.42","32.7767","-96.7970","1304000","1704825720","2024-01-09 18:42:00","0","8","18","4316.78","3","11","1628.01","5","7","14","0.1900","0.0591","0.0900","0.4800","0.10","0.30","2","3","0.30","0.00"
"1439","40001000000011395441","fraud_Heathcote LLC","personal_care","538.96","47.6062","-122.3321","737000","1704826260","2024-01-09 18:51:00","0","9","20","4863.20","6","19","3250.76","6","2","17","0.1920","0.0740","0.1000","0.0600","0.20","0.00","3","1","0.40","0.10"
"1440","40001000000011403360","fraud_Kilback LLC","grocery_pos","539.50","40.7128","-74.0060","8419000","1704826800","2024-01-09 19:00:00","0","1","13","555.20","1","1","539.50","1","4","2","0.1940","0.0889","0.1100","0.1100","0.00","0.10","1","2","0.00","0.20"
"1441","40001000000011411279","fraud_Ruecker Group","misc_net","540.04","34.0522","-118.2437","3980000","1704827340","2024-01-09 19:09:00","0","2","15","1098.92","4","9","2164.41","2","6","5","0.1960","0.1038","0.1200","0.1600","0.10","0.20","2","3","0.10","0.30"
"1442","40001000000011419198","fraud_Stokes and Sons","shopping_net","540.58","41.8781","-87.6298","2746000","1704827880","2024-01-09 19:18:00","0","3","17","1621.74","7","17","3792.56","3","1","8","0.1980","0.1187","0.1300","0.2100","0.20","0.30","3","1","0.20","0.40"
"1443","40001000000011427117","fraud_Bahringer Group","misc_net","538.91","29.7604","-95.3698","2328000","1704828420","2024-01-09 19:27:00","0","4","19","2158.78","2","17","1090.57","4","3","11","0.2000","0.1336","0.1400","0.2600","0.00","0.00","1","2","0.30","0.00"
"1444","40001000000011435036","fraud_Haley Ltd","shopping_net","539.45","39.9526","-75.1652","1600000","1704828960","2024-01-09 19:36:00","0","5","21","2703.53","5","7","2714.25","5","5","14","0.2020","0.1485","0.1500","0.3100","0.10","0.10","2","3","0.40","0.10"
"1445","40001000000011442955","fraud_McDermott PLC","misc_net","539.99","33.4484","-112.0740","1625000","1704829500","2024-01-09 19:45:00","1","6","23","3249.36","8","15","4319.92","6","7","17","0.2040","0.1634","0.1600","0.3600","0.20","0.20","3","1","0.00","0.20"
"1446","40001000000011450874","fraud_Lynch-Wisozk","shopping_net","540.53","32.7767","-96.7970","1304000","1704830040","2024-01-09 19:54:00","0","7","25","3796.27","3","15","1625.84","1","2","2","0.2060","0.1783","0.1700","0.4100","0.00","0.30","1","2","0.10","0.30"
"1447","40001000000011458793","fraud_Huels-Nolan","misc_net","541.07","47.6062","-122.3321","737000","1704830580","2024-01-09 20:03:00","0","8","27","4344.26","6","23","3254.92","2","4","5","0.2080","0.1932","0.1800","0.4600","0.10","0.00","2","3","0.20","0.40"
"1448","40001000000011466712","fraud_Schmeler Inc","shopping_net","541.61","40.7128","-74.0060","8419000","1704831120","2024-01-09 20:12:00","0","9","29","4893.33","1","5","554.36","3","6","8","0.2100","0.2081","0.1900","0.0400","0.20","0.10","3","1","0.30","0.00"
"1449","40001000000011474631","fraud_Heathcote LLC","misc_net","542.15","34.0522","-118.2437","3980000","1704831660","2024-01-09 20:21:00","0","1","1","542.15","4","13","2185.60","4","1","11","0.2120","0.2230","0.2000","0.0900","0.00","0.20","1","2","0.40","0.10"
"1450","40001000000011482550","fraud_Kilback LLC","shopping_net","542.69","41.8781","-87.6298","2746000","1704832200","2024-01-09 20:30:00","0","2","3","1088.52","7","21","3798.83","5","3","14","0.2140","0.0485","0.2100","0.1400","0.10","0.30","2","3","0.00","0.20"
"1451","40001000000011490469","fraud_Ruecker Group","misc_net","543.23","29.7604","-95.3698","2328000","1704832740","2024-01-09 20:39:00","0","3","5","1635.97","2","3","1090.71","6","5","17","0.2160","0.0634","0.2200","0.1900","0.20","0.00","3","1","0.10","0.30"
"1452","40001000000011498388","fraud_Stokes and Sons","gas_transport","543.77","39.9526","-75.1652","1600000","1704833280","2024-01-09 20:48:00","0","4","7","2184.50","5","11","2727.35","1","7","2","0.2180","0.0783","0.2300","0.2400","0.00","0.10","1","2","0.20","0.40"
"1453","40001000000011506307","fraud_Bahringer Group","food_dining","544.31","33.4484","-112.0740","1625000","1704833820","2024-01-09 20:57:00","0","5","9","2734.11","8","19","4367.23","2","2","5","0.2200","0.0932","0.2400","0.2900","0.10","0.20","2","3","0.30","0.00"
"1454","40001000000011514226","fraud_Haley Ltd","gas_transport","544.85","32.7767","-96.7970","1304000","1704834360","2024-01-09 21:06:00","0","6","11","3284.80","3","19","1651.55","3","4","8","0.2220","0.1081","0.2500","0.3400","0.20","0.30","3","1","0.40","0.10"
"1455","40001000000011522145","fraud_McDermott PLC","food_dining","545.39","47.6062","-122.3321","737000","1704834900","2024-01-09 21:15:00","0","7","13","3836.57","6","9","3272.34","4","6","11","0.0300","0.1230","0.2600","0.3900","0.00","0.00","1","2","0.00","0.20"
"1456","40001000000011530064","fraud_Lynch-Wisozk","gas_transport","543.72","40.7128","-74.0060","8419000","1704835440","2024-01-09 21:24:00","0","8","15","4349.76","1","9","547.97","5","1","14","0.0320","0.1379","0.2700","0.4400","0.10","0.10","2","3","0.10","0.30"
"1457","40001000000011537983","fraud_Huels-Nolan","food_dining","544.26","34.0522","-118.2437","3980000","1704835980","2024-01-09 21:33:00","0","9","17","4901.48","4","17","2185.54","6","3","17","0.0340","0.1528","0.2800","0.0200","0.20","0.20","3","1","0.20","0.40"
"1458","40001000000011545902","fraud_Schmeler Inc","gas_transport","544.80","41.8781","-87.6298","2746000","1704836520","2024-01-09 21:42:00","0","1","10","551.08","7","7","3826.35","1","5","2","0.0360","0.1677","0.2900","0.0700","0.00","0.30","1","2","0.30","0.00"
"1459","40001000000011553821","fraud_Heathcote LLC","food_dining","545.34","29.7604","-95.3698","2328000","1704837060","2024-01-09 21:51:00","0","2","12","1100.10","2","7","1107.68","2","7","5","0.0380","0.1826","0.3000","0.1200","0.10","0.00","2","3","0.40","0.10"
"1460","40001000000011561740","fraud_Kilback LLC","gas_transport","545.88","39.9526","-75.1652","1600000","1704837600","2024-01-09 22:00:00","0","3","14","1650.20","5","15","2729.40","3","2","8","0.0400","0.1974","0.3100","0.1700","0.20","0.10","3","1","0.00","0.20"
"1461","40001000000011569659","fraud_Ruecker Group","food_dining","546.42","33.4484","-112.0740","1625000","1704838140","2024-01-09 22:09:00","0","4","16","2201.38","8","23","4375.61","4","4","11","0.0420","0.2123","0.3200","0.2200","0.00","0.20","1","2","0.10","0.30"
"1462","40001000000011577578","fraud_Stokes and Sons","gas_transport","546.96","32.7767","-96.7970","1304000","1704838680","2024-01-09 22:18:00","1","5","18","2753.64","3","5","1649.38","5","6","14","0.0440","0.2272","0.3300","0.2700","0.10","0.30","2","3","0.20","0.40"
"1463","40001000000011585497","fraud_Bahringer Group","travel","547.50","47.6062","-122.3321","737000","1704839220","2024-01-09 22:27:00","0","6","20","3285.00","6","13","3297.75","6","1","17","0.0460","0.0528","0.3400","0.3200","0.20","0.00","3","1","0.30","0.00"
"1464","40001000000011593416","fraud_Haley Ltd","entertainment","548.04","40.7128","-74.0060","8419000","1704839760","2024-01-09 22:36:00","0","7","22","3839.42","1","13","565.04","1","3","2","0.0480","0.0677","0.3500","0.3700","0.00","0.10","1","2","0.40","0.10"
"1465","40001000000011601335","fraud_McDermott PLC","travel","548.58","34.0522","-118.2437","3980000","1704840300","2024-01-09 22:45:00","0","8","24","4394.92","4","21","2194.32","2","5","5","0.0500","0.0826","0.3600","0.4200","0.10","0.20","2","3","0.00","0.20"
"1466","40001000000011609254","fraud_Lynch-Wisozk","entertainment","549.12","41.8781","-87.6298","2746000","1704840840","2024-01-09 22:54:00","0","9","26","4951.50","7","11","3848.09","3","7","8","0.0520","0.0974","0.3700","0.4700","0.20","0.30","3","1","0.10","0.30"
"1467","40001000000011617173","fraud_Huels-Nolan","travel","549.66","29.7604","-95.3698","2328000","1704841380","2024-01-09 23:03:00","0","1","19","562.22","2","11","1107.82","4","2","11","0.0540","0.1123","0.3800","0.0500","0.00","0.00","1","2","0.20","0.40"
"1468","40001000000011625092","fraud_Schmeler Inc","entertainment","550.20","39.9526","-75.1652","1600000","1704841920","2024-01-09 23:12:00","0","2","21","1116.10","5","19","2763.75","5","4","14","0.0560","0.1272","0.3900","0.1000","0.10","0.10","2","3","0.30","0.00"
"1469","40001000000011633011","fraud_Heathcote LLC","travel","548.53","33.4484","-112.0740","1625000","1704842460","2024-01-09 23:21:00","0","3","23","1664.43","8","9","4405.24","6","6","17","0.0580","0.1421","0.4000","0.1500","0.20","0.20","3","1","0.40","0.10"
"1470","40001000000011640930","fraud_Kilback LLC","entertainment","549.07","32.7767","-96.7970","1304000","1704843000","2024-01-09 23:30:00","0","4","4","2196.28","3","9","1647.21","1","1","2","0.0600","0.1570","0.4100","0.2000","0.00","0.30","1","2","0.00","0.20"
"1471","40001000000011648849","fraud_Ruecker Group","travel","549.61","47.6062","-122.3321","737000","1704843540","2024-01-09 23:39:00","0","5","6","2751.19","6","17","3301.91","2","3","5","0.0620","0.1719","0.4200","0.2500","0.10","0.00","2","3","0.10","0.30"
"1472","40001000000011656768","fraud_Stokes and Sons","entertainment","550.15","40.7128","-74.0060","8419000","1704844080","2024-01-09 23:48:00","0","6","8","3307.18","1","17","558.65","3","5","8","0.0640","0.1868","0.4300","0.3000","0.20","0.10","3","1","0.20","0.40"
"1473","40001000000011664687","fraud_Bahringer Group","travel","550.69","34.0522","-118.2437","3980000","1704844620","2024-01-09 23:57:00","0","7","10","3864.25","4","7","2215.51","4","7","11","0.0660","0.2017","0.4400","0.3500","0.00","0.20","1","2","0.30","0.00"
"1474","40001000000011672606","fraud_Haley Ltd","home","551.23","41.8781","-87.6298","2746000","1704845160","2024-01-10 00:06:00","0","8","12","4422.40","7","15","3875.61","5","2","14","0.0680","0.2166","0.4500","0.4000","0.10","0.30","2","3","0.40","0.10"
"1475","40001000000011680525","fraud_McDermott PLC","health_fitness","551.77","29.7604","-95.3698","2328000","1704845700","2024-01-10 00:15:00","0","9","14","4981.63","2","15","1103.54","6","4","17","0.0700","0.0421","0.4600","0.4500","0.20","0.00","3","1","0.00","0.20"
"1476","40001000000011688444","fraud_Lynch-Wisozk","home","552.31","39.9526","-75.1652","1600000","1704846240","2024-01-10 00:24:00","0","1","7","571.15","5","5","2765.80","1","6","2","0.0720","0.0570","0.4700","0.0300","0.00","0.10","1","2","0.10","0.30"
"1477","40001000000011696363","fraud_Huels-Nolan","health_fitness","552.85","33.4484","-112.0740","1625000","1704846780","2024-01-10 00:33:00","0","2","9","1105.70","8","13","4431.30","2","1","5","0.0740","0.0719","0.4800","0.0800","0.10","0.20","2","3","0.20","0.40"
"1478","40001000000011704282","fraud_Schmeler Inc","home","553.39","32.7767","-96.7970","1304000","1704847320","2024-01-10 00:42:00","0","3","11","1663.31","3","13","1672.92","3","3","8","0.0760","0.0868","0.4900","0.1300","0.20","0.30","3","1","0.30","0.00"
"1479","40001000000011712201","fraud_Heathcote LLC","health_fitness","553.93","47.6062","-122.3321","737000","1704847860","2024-01-10 00:51:00","1","4","13","2222.00","6","21","3340.58","4","5","11","0.0780","0.1017","0.5000","0.1800","0.00","0.00","1","2","0.40","0.10"
"1480","40001000000011720120","fraud_Kilback LLC","home","554.47","40.7128","-74.0060","8419000","1704848400","2024-01-10 01:00:00","0","5","15","2781.77","1","3","554.47","5","7","14","0.0800","0.1166","0.5100","0.2300","0.10","0.10","2","3","0.00","0.20"
"1481","40001000000011728039","fraud_Ruecker Group","health_fitness","555.01","34.0522","-118.2437","3980000","1704848940","2024-01-10 01:09:00","0","6","17","3342.62","4","11","2224.29","6","2","17","0.0820","0.1315","0.5200","0.2800","0.20","0.20","3","1","0.10","0.30"
"1482","40001000000011735958","fraud_Stokes and Sons","home","553.34","41.8781","-87.6298","2746000","1704849480","2024-01-10 01:18:00","0","7","19","3889.08","7","19","3881.88","1","4","2","0.0840","0.1464","0.5300","0.3300","0.00","0.30","1","2","0.20","0.40"
"1483","40001000000011743877","fraud_Bahringer Group","health_fitness","553.88","29.7604","-95.3698","2328000","1704850020","2024-01-10 01:27:00","0","8","21","4449.88","2","19","1120.51","2","6","5","0.0860","0.1613","0.5400","0.3800","0.10","0.00","2","3","0.30","0.00"
"1484","40001000000011751796","fraud_Haley Ltd","home","554.42","39.9526","-75.1652","1600000","1704850560","2024-01-10 01:36:00","0","9","23","4989.78","5","9","2789.10","3","1","8","0.0880","0.1762","0.0200","0.4300","0.20","0.10","3","1","0.40","0.10"
"1485","40001000000011759715","fraud_McDermott PLC","grocery_pos","554.96","33.4484","-112.0740","1625000","1704851100","2024-01-10 01:45:00","0","1","16","558.10","8","17","4439.68","4","3","11","0.0900","0.1911","0.0300","0.4800","0.00","0.20","1","2","0.00","0.20"
"1486","40001000000011767634","fraud_Lynch-Wisozk","personal_care","555.50","32.7767","-96.7970","1304000","1704851640","2024-01-10 01:54:00","0","2","18","1117.28","3","17","1670.75","5","5","14","0.0920","0.2060","0.0400","0.0600","0.10","0.30","2","3","0.10","0.30"
"1487","40001000000011775553","fraud_Huels-Nolan","grocery_pos","556.04","47.6062","-122.3321","737000","1704852180","2024-01-10 02:03:00","0","3","20","1677.54","6","7","3344.74","6","7","17","0.0940","0.2209","0.0500","0.1100","0.20","0.00","3","1","0.20","0.40"
"1488","40001000000011783472","fraud_Schmeler Inc","personal_care","556.58","40.7128","-74.0060","8419000","1704852720","2024-01-10 02:12:00","0","4","22","2238.88","1","7","569.33","1","2","2","0.0960","0.0464","0.0600","0.1600","0.00","0.10","1","2","0.30","0.00"
"1489","40001000000011791391","fraud_Heathcote LLC","grocery_pos","557.12","34.0522","-118.2437","3980000","1704853260","2024-01-10 02:21:00","0","5","24","2801.30","4","15","2245.48","2","4","5","0.0980","0.0613","0.0700","0.2100","0.10","0.20","2","3","0.40","0.10"
"1490","40001000000011799310","fraud_Kilback LLC","personal_care","557.66","41.8781","-87.6298","2746000","1704853800","2024-01-10 02:30:00","0","6","26","3364.80","7","23","3903.62","3","6","8","0.1000","0.0762","0.0800","0.2600","0.20","0.30","3","1","0.00","0.20"
"1491","40001000000011807229","fraud_Ruecker Group","grocery_pos","558.20","29.7604","-95.3698","2328000","1704854340","2024-01-10 02:39:00","0","7","7","3907.40","2","5","1120.65","4","1","11","0.1020","0.0911","0.0900","0.3100","0.00","0.00","1","2","0.10","0.30"
"1492","40001000000011815148","fraud_Stokes and Sons","personal_care","558.74","39.9526","-75.1652","1600000","1704854880","2024-01-10 02:48:00","0","8","9","4473.06","5","13","2802.20","5","3","14","0.1040","0.1060","0.1000","0.3600","0.10","0.10","2","3","0.20","0.40"
"1493","40001000000011823067","fraud_Bahringer Group","grocery_pos","559.28","33.4484","-112.0740","1625000","1704855420","2024-01-10 02:57:00","0","9","11","5039.80","8","21","4486.99","6","5","17","0.1060","0.1209","0.1100","0.4100","0.20","0.20","3","1","0.30","0.00"
"1494","40001000000011830986","fraud_Haley Ltd","personal_care","559.82","32.7767","-96.7970","1304000","1704855960","2024-01-10 03:06:00","0","1","4","569.24","3","3","1696.46","1","7","2","0.1080","0.1357","0.1200","0.4600","0.00","0.30","1","2","0.40","0.10"
"1495","40001000000011838905","fraud_McDermott PLC","grocery_pos","558.15","47.6062","-122.3321","737000","1704856500","2024-01-10 03:15:00","0","2","6","1128.86","6","11","3348.90","2","2","5","0.1100","0.1506","0.1300","0.0400","0.10","0.00","2","3","0.00","0.20"
"1496","40001000000011846824","fraud_Lynch-Wisozk","misc_net","558.69","40.7128","-74.0060","8419000","1704857040","2024-01-10 03:24:00","1","3","8","1691.77","1","11","562.94","3","4","8","0.1120","0.1655","0.1400","0.0900","0.20","0.10","3","1","0.10","0.30"
"1497","40001000000011854743","fraud_Huels-Nolan","shopping_net","559.23","34.0522","-118.2437","3980000","1704857580","2024-01-10 03:33:00","0","4","10","2255.76","4","19","2245.42","4","6","11","0.1140","0.1804","0.1500","0.1400","0.00","0.20","1","2","0.20","0.40"
"1498","40001000000011862662","fraud_Schmeler Inc","misc_net","559.77","41.8781","-87.6298","2746000","1704858120","2024-01-10 03:42:00","0","5","12","2798.85","7","9","3931.14","5","1","14","0.1160","0.1953","0.1600","0.1900","0.10","0.30","2","3","0.30","0.00"
"1499","40001000000011870581","fraud_Heathcote LLC","shopping_net","560.31","29.7604","-95.3698","2328000","1704858660","2024-01-10 03:51:00","0","6","14","3365.00","2","9","1137.62","6","3","17","0.1180","0.2102","0.1700","0.2400","0.20","0.00","3","1","0.40","0.10"
"1500","40001000000011878500","fraud_Kilback LLC","misc_net","560.85","39.9526","-75.1652","1600000","1704859200","2024-01-10 04:00:00","0","7","16","3932.23","5","17","2804.25","1","5","2","0.1200","0.2251","0.1800","0.2900","0.00","0.10","1","2","0.00","0.20"
"1501","40001000000011886419","fraud_Ruecker Group","shopping_net","561.39","33.4484","-112.0740","1625000","1704859740","2024-01-10 04:09:00","0","8","18","4500.54","8","25","4495.37","2","7","5","0.1220","0.0506","0.1900","0.3400","0.10","0.20","2","3","0.10","0.30"
"1502","40001000000011894338","fraud_Stokes and Sons","misc_net","561.93","32.7767","-96.7970","1304000","1704860280","2024-01-10 04:18:00","0","9","20","5069.93","3","7","1694.29","3","2","8","0.1240","0.0655","0.2000","0.3900","0.20","0.30","3","1","0.20","0.40"
"1503","40001000000011902257","fraud_Bahringer Group","shopping_net","562.47","47.6062","-122.3321","737000","1704860820","2024-01-10 04:27:00","0","1","13","578.17","6","15","3387.57","4","4","11","0.1260","0.0804","0.2100","0.4400","0.00","0.00","1","2","0.30","0.00"
"1504","40001000000011910176","fraud_Haley Ltd","misc_net","563.01","40.7128","-74.0060","8419000","1704861360","2024-01-10 04:36:00","0","2","15","1144.86","1","15","580.01","5","6","14","0.1280","0.0953","0.2200","0.0200","0.10","0.10","2","3","0.40","0.10"
"1505","40001000000011918095","fraud_McDermott PLC","shopping_net","563.55","34.0522","-118.2437","3980000","1704861900","2024-01-10 04:45:00","0","3","17","1690.65","4","5","2254.20","6","1","17","0.1300","0.1102","0.2300","0.0700","0.20","0.20","3","1","0.00","0.20"
"1506","40001000000011926014","fraud_Lynch-Wisozk","misc_net","564.09","41.8781","-87.6298","2746000","1704862440","2024-01-10 04:54:00","0","4","19","2259.50","7","13","3952.88","1","3","2","0.1320","0.1251","0.2400","0.1200","0.00","0.30","1","2","0.10","0.30"
"1507","40001000000011933933","fraud_Huels-Nolan","gas_transport","564.63","29.7604","-95.3698","2328000","1704862980","2024-01-10 05:03:00","0","5","21","2829.43","2","13","1137.76","2","5","5","0.1340","0.1400","0.2500","0.1700","0.10","0.00","2","3","0.20","0.40"
"1508","40001000000011941852","fraud_Schmeler Inc","food_dining","562.96","39.9526","-75.1652","1600000","1704863520","2024-01-10 05:12:00","0","6","23","3387.18","5","21","2827.55","3","7","8","0.1360","0.1549","0.2600","0.2200","0.20","0.10","3","1","0.30","0.00"
"1509","40001000000011949771","fraud_Heathcote LLC","gas_transport","563.50","33.4484","-112.0740","1625000","1704864060","2024-01-10 05:21:00","0","7","25","3957.06","8","11","4525.00","4","2","11","0.1380","0.1698","0.2700","0.2700","0.00","0.20","1","2","0.40","0.10"
"1510","40001000000011957690","fraud_Kilback LLC","food_dining","564.04","32.7767","-96.7970","1304000","1704864600","2024-01-10 05:30:00","0","8","27","4528.02","3","11","1692.12","5","4","14","0.1400","0.1847","0.2800","0.3200","0.10","0.30","2","3","0.00","0.20"
"1511","40001000000011965609","fraud_Ruecker Group","gas_transport","564.58","47.6062","-122.3321","737000","1704865140","2024-01-10 05:39:00","0","9","29","5100.06","6","19","3391.73","6","6","17","0.1420","0.1996","0.2900","0.3700","0.20","0.00","3","1","0.10","0.30"
"1512","40001000000011973528","fraud_Stokes and Sons","food_dining","565.12","40.7128","-74.0060","8419000","1704865680","2024-01-10 05:48:00","0","1","1","565.12","1","1","573.62","1","1","2","0.1440","0.2145","0.3000","0.4200","0.00","0.10","1","2","0.20","0.40"
"1513","40001000000011981447","fraud_Bahringer Group","gas_transport","565.66","34.0522","-118.2437","3980000","1704866220","2024-01-10 05:57:00","1","2","3","1134.46","4","9","2275.39","2","3","5","0.1460","0.0400","0.3100","0.4700","0.10","0.20","2","3","0.30","0.00"
"1514","40001000000011989366","fraud_Haley Ltd","food_dining","566.20","41.8781","-87.6298","2746000","1704866760","2024-01-10 06:06:00","0","3","5","1704.88","7","17","3980.40","3","5","8","0.1480","0.0549","0.3200","0.0500","0.20","0.30","3","1","0.40","0.10"
"1515","40001000000011997285","fraud_McDermott PLC","gas_transport","566.74","29.7604","-95.3698","2328000","1704867300","2024-01-10 06:15:00","0","4","7","2276.38","2","17","1133.48","4","7","11","0.1500","0.0698","0.3300","0.1000","0.00","0.00","1","2","0.00","0.20"
"1516","40001000000012005204","fraud_Lynch-Wisozk","food_dining","567.28","39.9526","-75.1652","1600000","1704867840","2024-01-10 06:24:00","0","5","9","2848.96","5","7","2840.65","5","2","14","0.1520","0.0847","0.3400","0.1500","0.10","0.10","2","3","0.10","0.30"
"1517","40001000000012013123","fraud_Huels-Nolan","gas_transport","567.82","33.4484","-112.0740","1625000","1704868380","2024-01-10 06:33:00","0","6","11","3422.62","8","15","4551.06","6","4","17","0.1540","0.0996","0.3500","0.2000","0.20","0.20","3","1","0.20","0.40"
"1518","40001000000012021042","fraud_Schmeler Inc","travel","568.36","32.7767","-96.7970","1304000","1704868920","2024-01-10 06:42:00","0","7","13","3997.36","3","15","1717.83","1","6","2","0.1560","0.1145","0.3600","0.2500","0.00","0.30","1","2","0.30","0.00"
"1519","40001000000012028961","fraud_Heathcote LLC","entertainment","568.90","47.6062","-122.3321","737000","1704869460","2024-01-10 06:51:00","0","8","15","4551.20","6","23","3430.40","2","1","5","0.1580","0.1294","0.3700","0.3000","0.10","0.00","2","3","0.40","0.10"
"1520","40001000000012036880","fraud_Kilback LLC","travel","569.44","40.7128","-74.0060","8419000","1704870000","2024-01-10 07:00:00","0","9","17","5128.10","1","5","569.44","3","3","8","0.1600","0.1443","0.3800","0.3500","0.20","0.10","3","1","0.00","0.20"
"1521","40001000000012044799","fraud_Ruecker Group","entertainment","567.77","34.0522","-118.2437","3980000","1704870540","2024-01-10 07:09:00","0","1","10","574.05","4","13","2275.33","4","5","11","0.1620","0.1591","0.3900","0.4000","0.00","0.20","1","2","0.10","0.30"
"1522","40001000000012052718","fraud_Stokes and Sons","travel","568.31","41.8781","-87.6298","2746000","1704871080","2024-01-10 07:18:00","0","2","12","1146.04","7","21","3986.67","5","7","14","0.1640","0.1740","0.4000","0.4500","0.10","0.30","2","3","0.20","0.40"
"1523","40001000000012060637","fraud_Bahringer Group","entertainment","568.85","29.7604","-95.3698","2328000","1704871620","2024-01-10 07:27:00","0","3","14","1719.11","2","3","1150.45","6","2","17","0.1660","0.1889","0.4100","0.0300","0.20","0.00","3","1","0.30","0.00"
"1524","40001000000012068556","fraud_Haley Ltd","travel","569.39","39.9526","-75.1652","1600000","1704872160","2024-01-10 07:36:00","0","4","16","2293.26","5","11","2863.95","1","4","2","0.1680","0.2038","0.4200","0.0800","0.00","0.10","1","2","0.40","0.10"
"1525","40001000000012076475","fraud_McDermott PLC","entertainment","569.93","33.4484","-112.0740","1625000","1704872700","2024-01-10 07:45:00","0","5","18","2868.49","8","19","4559.44","2","6","5","0.1700","0.2187","0.4300","0.1300","0.10","0.20","2","3","0.00","0.20"
"1526","40001000000012084394","fraud_Lynch-Wisozk","travel","570.47","32.7767","-96.7970","1304000","1704873240","2024-01-10 07:54:00","0","6","20","3422.82","3","19","1715.66","3","1","8","0.1720","0.0443","0.4400","0.1800","0.20","0.30","3","1","0.10","0.30"
"1527","40001000000012092313","fraud_Huels-Nolan","entertainment","571.01","47.6062","-122.3321","737000","1704873780","2024-01-10 08:03:00","0","7","22","4000.21","6","9","3434.56","4","3","11","0.1740","0.0591","0.4500","0.2300","0.00","0.00","1","2","0.20","0.40"
"1528","40001000000012100232","fraud_Schmeler Inc","travel","571.55","40.7128","-74.0060","8419000","1704874320","2024-01-10 08:12:00","0","8","24","4578.68","1","9","584.30","5","5","14","0.1760","0.0740","0.4600","0.2800","0.10","0.10","2","3","0.30","0.00"
"1529","40001000000012108151","fraud_Heathcote LLC","home","572.09","34.0522","-118.2437","3980000","1704874860","2024-01-10 08:21:00","0","9","26","5158.23","4","17","2305.36","6","7","17","0.1780","0.0889","0.4700","0.3300","0.20","0.20","3","1","0.40","0.10"
"1530","40001000000012116070","fraud_Kilback LLC","health_fitness","572.63","41.8781","-87.6298","2746000","1704875400","2024-01-10 08:30:00","1","1","19","585.19","7","7","4008.41","1","2","2","0.1800","0.1038","0.4800","0.3800","0.00","0.30","1","2","0.00","0.20"
"1531","40001000000012123989","fraud_Ruecker Group","home","573.17","29.7604","-95.3698","2328000","1704875940","2024-01-10 08:39:00","0","2","21","1162.04","2","7","1150.59","2","4","5","0.1820","0.1187","0.4900","0.4300","0.10","0.00","2","3","0.10","0.30"
"1532","40001000000012131908","fraud_Stokes and Sons","health_fitness","573.71","39.9526","-75.1652","1600000","1704876480","2024-01-10 08:48:00","0","3","23","1739.97","5","15","2877.05","3","6","8","0.1840","0.1336","0.5000","0.4800","0.20","0.10","3","1","0.20","0.40"
"1533","40001000000012139827","fraud_Bahringer Group","home","574.25","33.4484","-112.0740","1625000","1704877020","2024-01-10 08:57:00","0","4","4","2297.00","8","23","4606.75","4","1","11","0.1860","0.1485","0.5100","0.0600","0.00","0.20","1","2","0.30","0.00"
"1534","40001000000012147746","fraud_Haley Ltd","health_fitness","572.58","32.7767","-96.7970","1304000","1704877560","2024-01-10 09:06:00","0","5","6","2866.04","3","5","1734.74","5","3","14","0.1880","0.1634","0.5200","0.1100","0.10","0.30","2","3","0.40","0.10"
"1535","40001000000012155665","fraud_McDermott PLC","home","573.12","47.6062","-122.3321","737000","1704878100","2024-01-10 09:15:00","0","6","8","3445.00","6","13","3438.72","6","5","17","0.1900","0.1783","0.5300","0.1600","0.20","0.00","3","1","0.00","0.20"
"1536","40001000000012163584","fraud_Lynch-Wisozk","health_fitness","573.66","40.7128","-74.0060","8419000","1704878640","2024-01-10 09:24:00","0","7","10","4025.04","1","13","577.91","1","7","2","0.1920","0.1932","0.5400","0.2100","0.00","0.10","1","2","0.10","0.30"
"1537","40001000000012171503","fraud_Huels-Nolan","home","574.20","34.0522","-118.2437","3980000","1704879180","2024-01-10 09:33:00","0","8","12","4606.16","4","21","2305.30","2","2","5","0.1940","0.2081","0.0200","0.2600","0.10","0.20","2","3","0.20","0.40"
"1538","40001000000012179422","fraud_Schmeler Inc","health_fitness","574.74","41.8781","-87.6298","2746000","1704879720","2024-01-10 09:42:00","0","9","14","5188.36","7","11","4035.93","3","4","8","0.1960","0.2230","0.0300","0.3100","0.20","0.30","3","1","0.30","0.00"
"1539","40001000000012187341","fraud_Heathcote LLC","home","575.28","29.7604","-95.3698","2328000","1704880260","2024-01-10 09:51:00","0","1","7","594.12","2","11","1167.56","4","6","11","0.1980","0.0485","0.0400","0.3600","0.00","0.00","1","2","0.40","0.10"
"1540","40001000000012195260","fraud_Kilback LLC","grocery_pos","575.82","39.9526","-75.1652","1600000","1704880800","2024-01-10 10:00:00","0","2","9","1151.64","5","19","2879.10","5","1","14","0.2000","0.0634","0.0500","0.4100","0.10","0.10","2","3","0.00","0.20"
"1541","40001000000012203179","fraud_Ruecker Group","personal_care","576.36","33.4484","-112.0740","1625000","1704881340","2024-01-10 10:09:00","0","3","11","1732.22","8","9","4615.13","6","3","17","0.2020","0.0783","0.0600","0.4600","0.20","0.20","3","1","0.10","0.30"
"1542","40001000000012211098","fraud_Stokes and Sons","grocery_pos","576.90","32.7767","-96.7970","1304000","1704881880","2024-01-10 10:18:00","0","4","13","2313.88","3","9","1739.20","1","5","2","0.2040","0.0932","0.0700","0.0400","0.00","0.30","1","2","0.20","0.40"
"1543","40001000000012219017","fraud_Bahringer Group","personal_care","577.44","47.6062","-122.3321","737000","1704882420","2024-01-10 10:27:00","0","5","15","2896.62","6","17","3477.39","2","7","5","0.2060","0.1081","0.0800","0.0900","0.10","0.00","2","3","0.30","0.00"
"1544","40001000000012226936","fraud_Haley Ltd","grocery_pos","577.98","40.7128","-74.0060","8419000","1704882960","2024-01-10 10:36:00","0","6","17","3480.44","1","17","594.98","3","2","8","0.2080","0.1230","0.0900","0.1400","0.20","0.10","3","1","0.40","0.10"
"1545","40001000000012234855","fraud_McDermott PLC","personal_care","578.52","34.0522","-118.2437","3980000","1704883500","2024-01-10 10:45:00","0","7","19","4065.34","4","7","2314.08","4","4","11","0.2100","0.1379","0.1000","0.1900","0.00","0.20","1","2","0.00","0.20"
"1546","40001000000012242774","fraud_Lynch-Wisozk","grocery_pos","579.06","41.8781","-87.6298","2746000","1704884040","2024-01-10 10:54:00","0","8","21","4651.32","7","15","4057.67","5","6","14","0.2120","0.1528","0.1100","0.2400","0.10","0.30","2","3","0.10","0.30"
"1547","40001000000012250693","fraud_Huels-Nolan","personal_care","577.39","29.7604","-95.3698","2328000","1704884580","2024-01-10 11:03:00","1","9","23","5196.51","2","15","1163.28","6","1","17","0.2140","0.1677","0.1200","0.2900","0.20","0.00","3","1","0.20","0.40"
"1548","40001000000012258612","fraud_Schmeler Inc","grocery_pos","577.93","39.9526","-75.1652","1600000","1704885120","2024-01-10 11:12:00","0","1","16","581.07","5","5","2902.40","1","3","2","0.2160","0.1826","0.1300","0.3400","0.00","0.10","1","2","0.30","0.00"
"1549","40001000000012266531","fraud_Heathcote LLC","personal_care","578.47","33.4484","-112.0740","1625000","1704885660","2024-01-10 11:21:00","0","2","18","1163.22","8","13","4644.76","2","5","5","0.2180","0.1974","0.1400","0.3900","0.10","0.20","2","3","0.40","0.10"
"1550","40001000000012274450","fraud_Kilback LLC","grocery_pos","579.01","32.7767","-96.7970","1304000","1704886200","2024-01-10 11:30:00","0","3","20","1746.45","3","13","1737.03","3","7","8","0.2200","0.2123","0.1500","0.4400","0.20","0.30","3","1","0.00","0.20"
"1551","40001000000012282369","fraud_Ruecker Group","misc_net","579.55","47.6062","-122.3321","737000","1704886740","2024-01-10 11:39:00","0","4","22","2330.76","6","21","3481.55","4","2","11","0.2220","0.2272","0.1600","0.0200","0.00","0.00","1","2","0.10","0.30"
"1552","40001000000012290288","fraud_Stokes and Sons","shopping_net","580.09","40.7128","-74.0060","8419000","1704887280","2024-01-10 11:48:00","0","5","24","2916.15","1","3","588.59","5","4","14","0.0300","0.0528","0.1700","0.0700","0.10","0.10","2","3","0.20","0.40"
"1553","40001000000012298207","fraud_Bahringer Group","misc_net","580.63","34.0522","-118.2437","3980000","1704887820","2024-01-10 11:57:00","0","6","26","3502.62","4","11","2335.27","6","6","17","0.0320","0.0677","0.1800","0.1200","0.20","0.20","3","1","0.30","0.00"
"1554","40001000000012306126","fraud_Haley Ltd","shopping_net","581.17","41.8781","-87.6298","2746000","1704888360","2024-01-10 12:06:00","0","7","7","4068.19","7","19","4085.19","1","1","2","0.0340","0.0826","0.1900","0.1700","0.00","0.30","1","2","0.40","0.10"
"1555","40001000000012314045","fraud_McDermott PLC","misc_net","581.71","29.7604","-95.3698","2328000","1704888900","2024-01-10 12:15:00","0","8","9","4656.82","2","19","1163.42","2","3","5","0.0360","0.0974","0.2000","0.2200","0.10","0.00","2","3","0.00","0.20"
"1556","40001000000012321964","fraud_Lynch-Wisozk","shopping_net","582.25","39.9526","-75.1652","1600000","1704889440","2024-01-10 12:24:00","0","9","11","5246.53","5","9","2915.50","3","5","8","0.0380","0.1123","0.2100","0.2700","0.20","0.10","3","1","0.10","0.30"
"1557","40001000000012329883","fraud_Huels-Nolan","misc_net","582.79","33.4484","-112.0740","1625000","1704889980","2024-01-10 12:33:00","0","1","4","592.21","8","17","4670.82","4","7","11","0.0400","0.1272","0.2200","0.3200","0.00","0.20","1","2","0.20","0.40"
"1558","40001000000012337802","fraud_Schmeler Inc","shopping_net","583.33","32.7767","-96.7970","1304000","1704890520","2024-01-10 12:42:00","0","2","6","1179.22","3","17","1762.74","5","2","14","0.0420","0.1421","0.2300","0.3700","0.10","0.30","2","3","0.30","0.00"
"1559","40001000000012345721","fraud_Heathcote LLC","misc_net","583.87","47.6062","-122.3321","737000","1704891060","2024-01-10 12:51:00","0","3","8","1767.31","6","7","3520.22","6","4","17","0.0440","0.1570","0.2400","0.4200","0.20","0.00","3","1","0.40","0.10"
"1560","40001000000012353640","fraud_Kilback LLC","shopping_net","582.20","40.7128","-74.0060","8419000","1704891600","2024-01-10 13:00:00","0","4","10","2347.64","1","7","582.20","1","6","2","0.0460","0.1719","0.2500","0.4700","0.00","0.10","1","2","0.00","0.20"
"1561","40001000000012361559","fraud_Ruecker Group","misc_net","582.74","34.0522","-118.2437","3980000","1704892140","2024-01-10 13:09:00","0","5","12","2913.70","4","15","2335.21","2","1","5","0.0480","0.1868","0.2600","0.0500","0.10","0.20","2","3","0.10","0.30"
"1562","40001000000012369478","fraud_Stokes and Sons","gas_transport","583.28","41.8781","-87.6298","2746000","1704892680","2024-01-10 13:18:00","0","6","14","3502.82","7","23","4091.46","3","3","8","0.0500","0.2017","0.2700","0.1000","0.20","0.30","3","1","0.20","0.40"
"1563","40001000000012377397","fraud_Bahringer Group","food_dining","583.82","29.7604","-95.3698","2328000","1704893220","2024-01-10 13:27:00","0","7","16","4093.02","2","5","1180.39","4","5","11","0.0520","0.2166","0.2800","0.1500","0.00","0.00","1","2","0.30","0.00"
"1564","40001000000012385316","fraud_Haley Ltd","gas_transport","584.36","39.9526","-75.1652","1600000","1704893760","2024-01-10 13:36:00","1","8","18","4684.30","5","13","2938.80","5","7","14","0.0540","0.0421","0.2900","0.2000","0.10","0.10","2","3","0.40","0.10"
"1565","40001000000012393235","fraud_McDermott PLC","food_dining","584.90","33.4484","-112.0740","1625000","1704894300","2024-01-10 13:45:00","0","9","20","5276.66","8","21","4679.20","6","2","17","0.0560","0.0570","0.3000","0.2500","0.20","0.20","3","1","0.00","0.20"
"1566","40001000000012401154","fraud_Lynch-Wisozk","gas_transport","585.44","32.7767","-96.7970","1304000","1704894840","2024-01-10 13:54:00","0","1","13","601.14","3","3","1760.57","1","4","2","0.0580","0.0719","0.3100","0.3000","0.00","0.30","1","2","0.10","0.30"
"1567","40001000000012409073","fraud_Huels-Nolan","food_dining","585.98","47.6062","-122.3321","737000","1704895380","2024-01-10 14:03:00","0","2","15","1190.80","6","11","3524.38","2","6","5","0.0600","0.0868","0.3200","0.3500","0.10","0.00","2","3","0.20","0.40"
"1568","40001000000012416992","fraud_Schmeler Inc","gas_transport","586.52","40.7128","-74.0060","8419000","1704895920","2024-01-10 14:12:00","0","3","17","1759.56","1","11","599.27","3","1","8","0.0620","0.1017","0.3300","0.4000","0.20","0.10","3","1","0.30","0.00"
"1569","40001000000012424911","fraud_Heathcote LLC","food_dining","587.06","34.0522","-118.2437","3980000","1704896460","2024-01-10 14:21:00","0","4","19","2351.38","4","19","2365.24","4","3","11","0.0640","0.1166","0.3400","0.4500","0.00","0.20","1","2","0.40","0.10"
"1570","40001000000012432830","fraud_Kilback LLC","gas_transport","587.60","41.8781","-87.6298","2746000","1704897000","2024-01-10 14:30:00","0","5","21","2944.28","7","9","4113.20","5","5","14","0.0660","0.1315","0.3500","0.0300","0.10","0.30","2","3","0.00","0.20"
"1571","40001000000012440749","fraud_Ruecker Group","food_dining","588.14","29.7604","-95.3698","2328000","1704897540","2024-01-10 14:39:00","0","6","23","3538.26","2","9","1180.53","6","7","17","0.0680","0.1464","0.3600","0.0800","0.20","0.00","3","1","0.10","0.30"
"1572","40001000000012448668","fraud_Stokes and Sons","gas_transport","588.68","39.9526","-75.1652","1600000","1704898080","2024-01-10 14:48:00","0","7","25","4133.32","5","17","2951.90","1","2","2","0.0700","0.1613","0.3700","0.1300","0.00","0.10","1","2","0.20","0.40"
"1573","40001000000012456587","fraud_Bahringer Group","travel","587.01","33.4484","-112.0740","1625000","1704898620","2024-01-10 14:57:00","0","8","27","4711.78","8","25","4708.83","2","4","5","0.0720","0.1762","0.3800","0.1800","0.10","0.20","2","3","0.30","0.00"
"1574","40001000000012464506","fraud_Haley Ltd","entertainment","587.55","32.7767","-96.7970","1304000","1704899160","2024-01-10 15:06:00","0","9","29","5306.79","3","7","1779.65","3","6","8","0.0740","0.1911","0.3900","0.2300","0.20","0.30","3","1","0.40","0.10"
"1575","40001000000012472425","fraud_McDermott PLC","travel","588.09","47.6062","-122.3321","737000","1704899700","2024-01-10 15:15:00","0","1","1","588.09","6","15","3528.54","4","1","11","0.0760","0.2060","0.4000","0.2800","0.00","0.00","1","2","0.00","0.20"
"1576","40001000000012480344","fraud_Lynch-Wisozk","entertainment","588.63","40.7128","-74.0060","8419000","1704900240","2024-01-10 15:24:00","0","2","3","1180.40","1","15","592.88","5","3","14","0.0780","0.2209","0.4100","0.3300","0.10","0.10","2","3","0.10","0.30"
"1577","40001000000012488263","fraud_Huels-Nolan","travel","589.17","34.0522","-118.2437","3980000","1704900780","2024-01-10 15:33:00","0","3","5","1773.79","4","5","2365.18","6","5","17","0.0800","0.0464","0.4200","0.3800","0.20","0.20","3","1","0.20","0.40"
"1578","40001000000012496182","fraud_Schmeler Inc","entertainment","589.71","41.8781","-87.6298","2746000","1704901320","2024-01-10 15:42:00","0","4","7","2368.26","7","13","4140.72","1","7","2","0.0820","0.0613","0.4300","0.4300","0.00","0.30","1","2","0.30","0.00"
"1579","40001000000012504101","fraud_Heathcote LLC","travel","590.25","29.7604","-95.3698","2328000","1704901860","2024-01-10 15:51:00","0","5","9","2963.81","2","13","1197.50","2","2","5","0.0840","0.0762","0.4400","0.4800","0.10","0.00","2","3","0.40","0.10"
"1580","40001000000012512020","fraud_Kilback LLC","entertainment","590.79","39.9526","-75.1652","1600000","1704902400","2024-01-10 16:00:00","0","6","11","3560.44","5","21","2953.95","3","4","8","0.0860","0.0911","0.4500","0.0600","0.20","0.10","3","1","0.00","0.20"
"1581","40001000000012519939","fraud_Ruecker Group","travel","591.33","33.4484","-112.0740","1625000","1704902940","2024-01-10 16:09:00","1","7","13","4158.15","8","11","4734.89","4","6","11","0.0880","0.1060","0.4600","0.1100","0.00","0.20","1","2","0.10","0.30"
"1582","40001000000012527858","fraud_Stokes and Sons","entertainment","591.87","32.7767","-96.7970","1304000","1704903480","2024-01-10 16:18:00","0","8","15","4734.96","3","11","1784.11","5","1","14","0.0900","0.1209","0.4700","0.1600","0.10","0.30","2","3","0.20","0.40"
"1583","40001000000012535777","fraud_Bahringer Group","travel","592.41","47.6062","-122.3321","737000","1704904020","2024-01-10 16:27:00","0","9","17","5334.83","6","19","3567.21","6","3","17","0.0920","0.1357","0.4800","0.2100","0.20","0.00","3","1","0.30","0.00"
"1584","40001000000012543696","fraud_Haley Ltd","home","592.95","40.7128","-74.0060","8419000","1704904560","2024-01-10 16:36:00","0","1","10","599.23","1","1","609.95","1","5","2","0.0940","0.1506","0.4900","0.2600","0.00","0.10","1","2","0.40","0.10"
"1585","40001000000012551615","fraud_McDermott PLC","health_fitness","593.49","34.0522","-118.2437","3980000","1704905100","2024-01-10 16:45:00","0","2","12","1196.40","4","9","2373.96","2","7","5","0.0960","0.1655","0.5000","0.3100","0.10","0.20","2","3","0.00","0.20"
"1586","40001000000012559534","fraud_Lynch-Wisozk","home","591.82","41.8781","-87.6298","2746000","1704905640","2024-01-10 16:54:00","0","3","14","1788.02","7","17","4146.99","3","2","8","0.0980","0.1804","0.5100","0.3600","0.20","0.30","3","1","0.10","0.30"
"1587","40001000000012567453","fraud_Huels-Nolan","health_fitness","592.36","29.7604","-95.3698","2328000","1704906180","2024-01-10 17:03:00","0","4","16","2385.14","2","17","1193.22","4","4","11","0.1000","0.1953","0.5200","0.4100","0.00","0.00","1","2","0.20","0.40"
"1588","40001000000012575372","fraud_Schmeler Inc","home","592.90","39.9526","-75.1652","1600000","1704906720","2024-01-10 17:12:00","0","5","18","2983.34","5","7","2977.25","5","6","14","0.1020","0.2102","0.5300","0.4600","0.10","0.10","2","3","0.30","0.00"
"1589","40001000000012583291","fraud_Heathcote LLC","health_fitness","593.44","33.4484","-112.0740","1625000","1704907260","2024-01-10 17:21:00","0","6","20","3560.64","8","15","4764.52","6","1","17","0.1040","0.2251","0.5400","0.0400","0.20","0.20","3","1","0.40","0.10"
"1590","40001000000012591210","fraud_Kilback LLC","home","593.98","32.7767","-96.7970","1304000","1704907800","2024-01-10 17:30:00","0","7","22","4161.00","3","15","1781.94","1","3","2","0.1060","0.0506","0.0200","0.0900","0.00","0.30","1","2","0.00","0.20"
"1591","40001000000012599129","fraud_Ruecker Group","health_fitness","594.52","47.6062","-122.3321","737000","1704908340","2024-01-10 17:39:00","0","8","24","4762.44","6","23","3571.37","2","5","5","0.1080","0.0655","0.0300","0.1400","0.10","0.00","2","3","0.10","0.30"
"1592","40001000000012607048","fraud_Stokes and Sons","home","595.06","40.7128","-74.0060","8419000","1704908880","2024-01-10 17:48:00","0","9","26","5364.96","1","5","603.56","3","7","8","0.1100","0.0804","0.0400","0.1900","0.20","0.10","3","1","0.20","0.40"
"1593","40001000000012614967","fraud_Bahringer Group","health_fitness","595.60","34.0522","-118.2437","3980000","1704909420","2024-01-10 17:57:00","0","1","19","608.16","4","13","2395.15","4","2","11","0.1120","0.0953","0.0500","0.2400","0.00","0.20","1","2","0.30","0.00"
"1594","40001000000012622886","fraud_Haley Ltd","home","596.14","41.8781","-87.6298","2746000","1704909960","2024-01-10 18:06:00","0","2","21","1207.98","7","21","4189.98","5","4","14","0.1140","0.1102","0.0600","0.2900","0.10","0.30","2","3","0.40","0.10"
"1595","40001000000012630805","fraud_McDermott PLC","grocery_pos","596.68","29.7604","-95.3698","2328000","1704910500","2024-01-10 18:15:00","0","3","23","1808.88","2","3","1193.36","6","6","17","0.1160","0.1251","0.0700","0.3400","0.20","0.00","3","1","0.00","0.20"
"1596","40001000000012638724","fraud_Lynch-Wisozk","personal_care","597.22","39.9526","-75.1652","1600000","1704911040","2024-01-10 18:24:00","0","4","4","2388.88","5","11","2990.35","1","1","2","0.1180","0.1400","0.0800","0.3900","0.00","0.10","1","2","0.10","0.30"
"1597","40001000000012646643","fraud_Huels-Nolan","grocery_pos","597.76","33.4484","-112.0740","1625000","1704911580","2024-01-10 18:33:00","0","5","6","2991.94","8","19","4790.58","2","3","5","0.1200","0.1549","0.0900","0.4400","0.10","0.20","2","3","0.20","0.40"
"1598","40001000000012654562","fraud_Schmeler Inc","personal_care","598.30","32.7767","-96.7970","1304000","1704912120","2024-01-10 18:42:00","1","6","8","3596.08","3","19","1807.65","3","5","8","0.1220","0.1698","0.1000","0.0200","0.20","0.30","3","1","0.30","0.00"
"1599","40001000000012662481","fraud_Heathcote LLC","grocery_pos","596.63","47.6062","-122.3321","737000","1704912660","2024-01-10 18:51:00","0","7","10","4185.83","6","9","3596.78","4","7","11","0.1240","0.1847","0.1100","0.0700","0.00","0.00","1","2","0.40","0.10"
"1600","40001000000012670400","fraud_Kilback LLC","personal_care","597.17","40.7128","-74.0060","8419000","1704913200","2024-01-10 19:00:00","0","8","12","4789.92","1","9","597.17","5","2","14","0.1260","0.1996","0.1200","0.1200","0.10","0.10","2","3","0.00","0.20"
"1601","40001000000012678319","fraud_Ruecker Group","grocery_pos","597.71","34.0522","-118.2437","3980000","1704913740","2024-01-10 19:09:00","0","9","14","5395.09","4","17","2395.09","6","4","17","0.1280","0.2145","0.1300","0.1700","0.20","0.20","3","1","0.10","0.30"
"1602","40001000000012686238","fraud_Stokes and Sons","personal_care","598.25","41.8781","-87.6298","2746000","1704914280","2024-01-10 19:18:00","0","1","7","617.09","7","7","4196.25","1","6","2","0.1300","0.0400","0.1400","0.2200","0.00","0.30","1","2","0.20","0.40"
"1603","40001000000012694157","fraud_Bahringer Group","grocery_pos","598.79","29.7604","-95.3698","2328000","1704914820","2024-01-10 19:27:00","0","2","9","1197.58","2","7","1210.33","2","1","5","0.1320","0.0549","0.1500","0.2700","0.10","0.00","2","3","0.30","0.00"
"1604","40001000000012702076","fraud_Haley Ltd","personal_care","599.33","39.9526","-75.1652","1600000","1704915360","2024-01-10 19:36:00","0","3","11","1801.13","5","15","3013.65","3","3","8","0.1340","0.0698","0.1600","0.3200","0.20","0.10","3","1","0.40","0.10"
"1605","40001000000012709995","fraud_McDermott PLC","grocery_pos","599.87","33.4484","-112.0740","1625000","1704915900","2024-01-10 19:45:00","0","4","13","2405.76","8","23","4798.96","4","5","11","0.1360","0.0847","0.1700","0.3700","0.00","0.20","1","2","0.00","0.20"
"1606","40001000000012717914","fraud_Lynch-Wisozk","misc_net","600.41","32.7767","-96.7970","1304000","1704916440","2024-01-10 19:54:00","0","5","15","3011.47","3","5","1805.48","5","7","14","0.1380","0.0996","0.1800","0.4200","0.10","0.30","2","3","0.10","0.30"
"1607","40001000000012725833","fraud_Huels-Nolan","shopping_net","600.95","47.6062","-122.3321","737000","1704916980","2024-01-10 20:03:00","0","6","17","3618.26","6","13","3614.20","6","2","17","0.1400","0.1145","0.1900","0.4700","0.20","0.00","3","1","0.20","0.40"
"1608","40001000000012733752","fraud_Schmeler Inc","misc_net","601.49","40.7128","-74.0060","8419000","1704917520","2024-01-10 20:12:00","0","7","19","4226.13","1","13","614.24","1","4","2","0.1420","0.1294","0.2000","0.0500","0.00","0.10","1","2","0.30","0.00"
"1609","40001000000012741671","fraud_Heathcote LLC","shopping_net","602.03","34.0522","-118.2437","3980000","1704918060","2024-01-10 20:21:00","0","8","21","4835.08","4","21","2425.12","2","6","5","0.1440","0.1443","0.2100","0.1000","0.10","0.20","2","3","0.40","0.10"
"1610","40001000000012749590","fraud_Kilback LLC","misc_net","602.57","41.8781","-87.6298","2746000","1704918600","2024-01-10 20:30:00","0","9","23","5423.13","7","11","4217.99","3","1","8","0.1460","0.1591","0.2200","0.1500","0.20","0.30","3","1","0.00","0.20"
"1611","40001000000012757509","fraud_Ruecker Group","shopping_net","603.11","29.7604","-95.3698","2328000","1704919140","2024-01-10 20:39:00","0","1","16","606.25","2","11","1210.47","4","3","11","0.1480","0.1740","0.2300","0.2000","0.00","0.00","1","2","0.10","0.30"
"1612","40001000000012765428","fraud_Stokes and Sons","misc_net","601.44","39.9526","-75.1652","1600000","1704919680","2024-01-10 20:48:00","0","2","18","1209.16","5","19","3015.70","5","5","14","0.1500","0.1889","0.2400","0.2500","0.10","0.10","2","3","0.20","0.40"
"1613","40001000000012773347","fraud_Bahringer Group","shopping_net","601.98","33.4484","-112.0740","1625000","1704920220","2024-01-10 20:57:00","0","3","20","1815.36","8","9","4828.59","6","7","17","0.1520","0.2038","0.2500","0.3000","0.20","0.20","3","1","0.30","0.00"
"1614","40001000000012781266","fraud_Haley Ltd","misc_net","602.52","32.7767","-96.7970","1304000","1704920760","2024-01-10 21:06:00","0","4","22","2422.64","3","9","1824.56","1","2","2","0.1540","0.2187","0.2600","0.3500","0.00","0.30","1","2","0.40","0.10"
"1615","40001000000012789185","fraud_McDermott PLC","shopping_net","603.06","47.6062","-122.3321","737000","1704921300","2024-01-10 21:15:00","1","5","24","3031.00","6","17","3618.36","2","4","5","0.1560","0.0443","0.2700","0.4000","0.10","0.00","2","3","0.00","0.20"
"1616","40001000000012797104","fraud_Lynch-Wisozk","misc_net","603.60","40.7128","-74.0060","8419000","1704921840","2024-01-10 21:24:00","0","6","26","3640.44","1","17","607.85","3","6","8","0.1580","0.0591","0.2800","0.4500","0.20","0.10","3","1","0.10","0.30"
"1617","40001000000012805023","fraud_Huels-Nolan","gas_transport","604.14","34.0522","-118.2437","3980000","1704922380","2024-01-10 21:33:00","0","7","7","4228.98","4","7","2425.06","4","1","11","0.1600","0.0740","0.2900","0.0300","0.00","0.20","1","2","0.20","0.40"
"1618","40001000000012812942","fraud_Schmeler Inc","food_dining","604.68","41.8781","-87.6298","2746000","1704922920","2024-01-10 21:42:00","0","8","9","4840.58","7","15","4245.51","5","3","14","0.1620","0.0889","0.3000","0.0800","0.10","0.30","2","3","0.30","0.00"
"1619","40001000000012820861","fraud_Heathcote LLC","gas_transport","605.22","29.7604","-95.3698","2328000","1704923460","2024-01-10 21:51:00","0","9","11","5453.26","2","15","1227.44","6","5","17","0.1640","0.1038","0.3100","0.1300","0.20","0.00","3","1","0.40","0.10"
"1620","40001000000012828780","fraud_Kilback LLC","food_dining","605.76","39.9526","-75.1652","1600000","1704924000","2024-01-10 22:00:00","0","1","4","615.18","5","5","3028.80","1","7","2","0.1660","0.1187","0.3200","0.1800","0.00","0.10","1","2","0.00","0.20"
"1621","40001000000012836699","fraud_Ruecker Group","gas_transport","606.30","33.4484","-112.0740","1625000","1704924540","2024-01-10 22:09:00","0","2","6","1225.16","8","13","4854.65","2","2","5","0.1680","0.1336","0.3300","0.2300","0.10","0.20","2","3","0.10","0.30"
"1622","40001000000012844618","fraud_Stokes and Sons","food_dining","606.84","32.7767","-96.7970","1304000","1704925080","2024-01-10 22:18:00","0","3","8","1836.22","3","13","1829.02","3","4","8","0.1700","0.1485","0.3400","0.2800","0.20","0.30","3","1","0.20","0.40"
"1623","40001000000012852537","fraud_Bahringer Group","gas_transport","607.38","47.6062","-122.3321","737000","1704925620","2024-01-10 22:27:00","0","4","10","2448.36","6","21","3657.03","4","6","11","0.1720","0.1634","0.3500","0.3300","0.00","0.00","1","2","0.30","0.00"
"1624","40001000000012860456","fraud_Haley Ltd","food_dining","607.92","40.7128","-74.0060","8419000","1704926160","2024-01-10 22:36:00","0","5","12","3039.60","1","3","624.92","5","1","14","0.1740","0.1783","0.3600","0.3800","0.10","0.10","2","3","0.40","0.10"
"1625","40001000000012868375","fraud_McDermott PLC","gas_transport","606.25","34.0522","-118.2437","3980000","1704926700","2024-01-10 22:45:00","0","6","14","3640.64","4","11","2425.00","6","3","17","0.1760","0.1932","0.3700","0.4300","0.20","0.20","3","1","0.00","0.20"
"1626","40001000000012876294","fraud_Lynch-Wisozk","food_dining","606.79","41.8781","-87.6298","2746000","1704927240","2024-01-10 22:54:00","0","7","16","4253.81","7","19","4251.78","1","5","2","0.1780","0.2081","0.3800","0.4800","0.00","0.30","1","2","0.10","0.30"
"1627","40001000000012884213","fraud_Huels-Nolan","gas_transport","607.33","29.7604","-95.3698","2328000","1704927780","2024-01-10 23:03:00","0","8","18","4868.06","2","19","1223.16","2","7","5","0.1800","0.2230","0.3900","0.0600","0.10","0.00","2","3","0.20","0.40"
"1628","40001000000012892132","fraud_Schmeler Inc","travel","607.87","39.9526","-75.1652","1600000","1704928320","2024-01-10 23:12:00","0","9","20","5483.39","5","9","3052.10","3","2","8","0.1820","0.0485","0.4000","0.1100","0.20","0.10","3","1","0.30","0.00"
"1629","40001000000012900051","fraud_Heathcote LLC","entertainment","608.41","33.4484","-112.0740","1625000","1704928860","2024-01-10 23:21:00","0","1","13","624.11","8","17","4884.28","4","4","11","0.1840","0.0634","0.4100","0.1600","0.00","0.20","1","2","0.40","0.10"
"1630","40001000000012907970","fraud_Kilback LLC","travel","608.95","32.7767","-96.7970","1304000","1704929400","2024-01-10 23:30:00","0","2","15","1236.74","3","17","1826.85","5","6","14","0.1860","0.0783","0.4200","0.2100","0.10","0.30","2","3","0.00","0.20"
"1631","40001000000012915889","fraud_Ruecker Group","entertainment","609.49","47.6062","-122.3321","737000","1704929940","2024-01-10 23:39:00","0","3","17","1828.47","6","7","3661.19","6","1","17","0.1880","0.0932","0.4300","0.2600","0.20","0.00","3","1","0.10","0.30"
"1632","40001000000012923808","fraud_Stokes and Sons","travel","610.03","40.7128","-74.0060","8419000","1704930480","2024-01-10 23:48:00","1","4","19","2443.26","1","7","618.53","1","3","2","0.1900","0.1081","0.4400","0.3100","0.00","0.10","1","2","0.20","0.40"
"1633","40001000000012931727","fraud_Bahringer Group","entertainment","610.57","34.0522","-118.2437","3980000","1704931020","2024-01-10 23:57:00","0","5","21","3059.13","4","15","2455.03","2","5","5","0.1920","0.1230","0.4500","0.3600","0.10","0.20","2","3","0.30","0.00"
"1634","40001000000012939646","fraud_Haley Ltd","travel","611.11","41.8781","-87.6298","2746000","1704931560","2024-01-11 00:06:00","0","6","23","3676.08","7","23","4294.77","3","7","8","0.1940","0.1379","0.4600","0.4100","0.20","0.30","3","1","0.40","0.10"
"1635","40001000000012947565","fraud_McDermott PLC","entertainment","611.65","29.7604","-95.3698","2328000","1704932100","2024-01-11 00:15:00","0","7","25","4294.11","2","5","1223.30","4","2","11","0.1960","0.1528","0.4700","0.4600","0.00","0.00","1","2","0.00","0.20"
"1636","40001000000012955484","fraud_Lynch-Wisozk","travel","612.19","39.9526","-75.1652","1600000","1704932640","2024-01-11 00:24:00","0","8","27","4913.22","5","13","3065.20","5","4","14","0.1980","0.1677","0.4800","0.0400","0.10","0.10","2","3","0.10","0.30"
"1637","40001000000012963403","fraud_Huels-Nolan","entertainment","612.73","33.4484","-112.0740","1625000","1704933180","2024-01-11 00:33:00","0","9","29","5533.41","8","21","4910.34","6","6","17","0.2000","0.1826","0.4900","0.0900","0.20","0.20","3","1","0.20","0.40"
"1638","40001000000012971322","fraud_Schmeler Inc","travel","611.06","32.7767","-96.7970","1304000","1704933720","2024-01-11 00:42:00","0","1","1","611.06","3","3","1845.93","1","1","2","0.2020","0.1974","0.5000","0.1400","0.00","0.30","1","2","0.30","0.00"
"1639","40001000000012979241","fraud_Heathcote LLC","home","611.60","47.6062","-122.3321","737000","1704934260","2024-01-11 00:51:00","0","2","3","1226.34","6","11","3686.60","2","3","5","0.2040","0.2123","0.5100","0.1900","0.10","0.00","2","3","0.40","0.10"
"1640","40001000000012987160","fraud_Kilback LLC","health_fitness","612.14","40.7128","-74.0060","8419000","1704934800","2024-01-11 01:00:00","0","3","5","1842.70","1","11","612.14","3","5","8","0.2060","0.2272","0.5200","0.2400","0.20","0.10","3","1","0.00","0.20"
"1641","40001000000012995079","fraud_Ruecker Group","home","612.68","34.0522","-118.2437","3980000","1704935340","2024-01-11 01:09:00","0","4","7","2460.14","4","19","2454.97","4","7","11","0.2080","0.0528","0.5300","0.2900","0.00","0.20","1","2","0.10","0.30"
"1642","40001000000013002998","fraud_Stokes and Sons","health_fitness","613.22","41.8781","-87.6298","2746000","1704935880","2024-01-11 01:18:00","0","5","9","3078.66","7","9","4301.04","5","2","14","0.2100","0.0677","0.5400","0.3400","0.10","0.30","2","3","0.20","0.40"
"1643","40001000000013010917","fraud_Bahringer Group","home","613.76","29.7604","-95.3698","2328000","1704936420","2024-01-11 01:27:00","0","6","11","3698.26","2","9","1240.27","6","4","17","0.2120","0.0826","0.0200","0.3900","0.20","0.00","3","1","0.30","0.00"
"1644","40001000000013018836","fraud_Haley Ltd","health_fitness","614.30","39.9526","-75.1652","1600000","1704936960","2024-01-11 01:36:00","0","7","13","4318.94","5","17","3088.50","1","6","2","0.2140","0.0974","0.0300","0.4400","0.00","0.10","1","2","0.40","0.10"
"1645","40001000000013026755","fraud_McDermott PLC","home","614.84","33.4484","-112.0740","1625000","1704937500","2024-01-11 01:45:00","0","8","15","4918.72","8","25","4918.72","2","1","5","0.2160","0.1123","0.0400","0.0200","0.10","0.20","2","3","0.00","0.20"
"1646","40001000000013034674","fraud_Lynch-Wisozk","health_fitness","615.38","32.7767","-96.7970","1304000","1704938040","2024-01-11 01:54:00","0","9","17","5541.56","3","7","1850.39","3","3","8","0.2180","0.1272","0.0500","0.0700","0.20","0.30","3","1","0.10","0.30"
"1647","40001000000013042593","fraud_Huels-Nolan","home","615.92","47.6062","-122.3321","737000","1704938580","2024-01-11 02:03:00","0","1","10","622.20","6","15","3704.02","4","5","11","0.2200","0.1421","0.0600","0.1200","0.00","0.00","1","2","0.20","0.40"
"1648","40001000000013050512","fraud_Schmeler Inc","health_fitness","616.46","40.7128","-74.0060","8419000","1704939120","2024-01-11 02:12:00","0","2","12","1242.34","1","15","629.21","5","7","14","0.2220","0.1570","0.0700","0.1700","0.10","0.10","2","3","0.30","0.00"
"1649","40001000000013058431","fraud_Heathcote LLC","home","617.00","34.0522","-118.2437","3980000","1704939660","2024-01-11 02:21:00","1","3","14","1863.56","4","5","2485.00","6","2","17","0.0300","0.1719","0.0800","0.2200","0.20","0.20","3","1","0.40","0.10"
"1650","40001000000013066350","fraud_Kilback LLC","grocery_pos","617.54","41.8781","-87.6298","2746000","1704940200","2024-01-11 02:30:00","0","4","16","2485.86","7","13","4322.78","1","4","2","0.0320","0.1868","0.0900","0.2700","0.00","0.30","1","2","0.00","0.20"
"1651","40001000000013074269","fraud_Ruecker Group","personal_care","615.87","29.7604","-95.3698","2328000","1704940740","2024-01-11 02:39:00","0","5","18","3098.19","2","13","1235.99","2","6","5","0.0340","0.2017","0.1000","0.3200","0.10","0.00","2","3","0.10","0.30"
"1652","40001000000013082188","fraud_Stokes and Sons","grocery_pos","616.41","39.9526","-75.1652","1600000","1704941280","2024-01-11 02:48:00","0","6","20","3698.46","5","21","3090.55","3","1","8","0.0360","0.2166","0.1100","0.3700","0.20","0.10","3","1","0.20","0.40"
"1653","40001000000013090107","fraud_Bahringer Group","personal_care","616.95","33.4484","-112.0740","1625000","1704941820","2024-01-11 02:57:00","0","7","22","4321.79","8","11","4948.35","4","3","11","0.0380","0.0421","0.1200","0.4200","0.00","0.20","1","2","0.30","0.00"
"1654","40001000000013098026","fraud_Haley Ltd","grocery_pos","617.49","32.7767","-96.7970","1304000","1704942360","2024-01-11 03:06:00","0","8","24","4946.20","3","11","1869.47","5","5","14","0.0400","0.0570","0.1300","0.4700","0.10","0.30","2","3","0.40","0.10"
"1655","40001000000013105945","fraud_McDermott PLC","personal_care","618.03","47.6062","-122.3321","737000","1704942900","2024-01-11 03:15:00","0","9","26","5571.69","6","19","3708.18","6","7","17","0.0420","0.0719","0.1400","0.0500","0.20","0.00","3","1","0.00","0.20"
"1656","40001000000013113864","fraud_Lynch-Wisozk","grocery_pos","618.57","40.7128","-74.0060","8419000","1704943440","2024-01-11 03:24:00","0","1","19","631.13","1","1","622.82","1","2","2","0.0440","0.0868","0.1500","0.1000","0.00","0.10","1","2","0.10","0.30"
"1657","40001000000013121783","fraud_Huels-Nolan","personal_care","619.11","34.0522","-118.2437","3980000","1704943980","2024-01-11 03:33:00","0","2","21","1253.92","4","9","2484.94","2","4","5","0.0460","0.1017","0.1600","0.1500","0.10","0.20","2","3","0.20","0.40"
"1658","40001000000013129702","fraud_Schmeler Inc","grocery_pos","619.65","41.8781","-87.6298","2746000","1704944520","2024-01-11 03:42:00","0","3","23","1877.79","7","17","4350.30","3","6","8","0.0480","0.1166","0.1700","0.2000","0.20","0.30","3","1","0.30","0.00"
"1659","40001000000013137621","fraud_Heathcote LLC","personal_care","620.19","29.7604","-95.3698","2328000","1704945060","2024-01-11 03:51:00","0","4","4","2480.76","2","17","1257.38","4","1","11","0.0500","0.1315","0.1800","0.2500","0.00","0.00","1","2","0.40","0.10"
"1660","40001000000013145540","fraud_Kilback LLC","grocery_pos","620.73","39.9526","-75.1652","1600000","1704945600","2024-01-11 04:00:00","0","5","6","3106.79","5","7","3103.65","5","3","14","0.0520","0.1464","0.1900","0.3000","0.10","0.10","2","3","0.00","0.20"
"1661","40001000000013153459","fraud_Ruecker Group","misc_net","621.27","33.4484","-112.0740","1625000","1704946140","2024-01-11 04:09:00","0","6","8","3733.90","8","15","4974.41","6","5","17","0.0540","0.1613","0.2000","0.3500","0.20","0.20","3","1","0.10","0.30"
"1662","40001000000013161378","fraud_Stokes and Sons","shopping_net","621.81","32.7767","-96.7970","1304000","1704946680","2024-01-11 04:18:00","0","7","10","4362.09","3","15","1873.93","1","7","2","0.0560","0.1762","0.2100","0.4000","0.00","0.30","1","2","0.20","0.40"
"1663","40001000000013169297","fraud_Bahringer Group","misc_net","622.35","47.6062","-122.3321","737000","1704947220","2024-01-11 04:27:00","0","8","12","4991.36","6","23","3746.85","2","2","5","0.0580","0.1911","0.2200","0.4500","0.10","0.00","2","3","0.30","0.00"
"1664","40001000000013177216","fraud_Haley Ltd","shopping_net","620.68","40.7128","-74.0060","8419000","1704947760","2024-01-11 04:36:00","0","9","14","5601.82","1","5","637.68","3","4","8","0.0600","0.2060","0.2300","0.0300","0.20","0.10","3","1","0.40","0.10"
"1665","40001000000013185135","fraud_McDermott PLC","misc_net","621.22","34.0522","-118.2437","3980000","1704948300","2024-01-11 04:45:00","0","1","7","640.06","4","13","2484.88","4","6","11","0.0620","0.2209","0.2400","0.0800","0.00","0.20","1","2","0.00","0.20"
"1666","40001000000013193054","fraud_Lynch-Wisozk","shopping_net","621.76","41.8781","-87.6298","2746000","1704948840","2024-01-11 04:54:00","1","2","9","1243.52","7","21","4356.57","5","1","14","0.0640","0.0464","0.2500","0.1300","0.10","0.30","2","3","0.10","0.30"
"1667","40001000000013200973","fraud_Huels-Nolan","misc_net","622.30","29.7604","-95.3698","2328000","1704949380","2024-01-11 05:03:00","0","3","11","1870.04","2","3","1253.10","6","3","17","0.0660","0.0613","0.2600","0.1800","0.20","0.00","3","1","0.20","0.40"
"1668","40001000000013208892","fraud_Schmeler Inc","shopping_net","622.84","39.9526","-75.1652","1600000","1704949920","2024-01-11 05:12:00","0","4","13","2497.64","5","11","3126.95","1","5","2","0.0680","0.0762","0.2700","0.2300","0.00","0.10","1","2","0.30","0.00"
"1669","40001000000013216811","fraud_Heathcote LLC","misc_net","623.38","33.4484","-112.0740","1625000","1704950460","2024-01-11 05:21:00","0","5","15","3126.32","8","19","5004.04","2","7","5","0.0700","0.0911","0.2800","0.2800","0.10","0.20","2","3","0.40","0.10"
"1670","40001000000013224730","fraud_Kilback LLC","shopping_net","623.92","32.7767","-96.7970","1304000","1704951000","2024-01-11 05:30:00","0","6","17","3756.08","3","19","1871.76","3","2","8","0.0720","0.1060","0.2900","0.3300","0.20","0.30","3","1","0.00","0.20"
"1671","40001000000013232649","fraud_Ruecker Group","misc_net","624.46","47.6062","-122.3321","737000","1704951540","2024-01-11 05:39:00","0","7","19","4386.92","6","9","3751.01","4","4","11","0.0740","0.1209","0.3000","0.3800","0.00","0.00","1","2","0.10","0.30"
"1672","40001000000013240568","fraud_Stokes and Sons","gas_transport","625.00","40.7128","-74.0060","8419000","1704952080","2024-01-11 05:48:00","0","8","21","5018.84","1","9","633.50","5","6","14","0.0760","0.1357","0.3100","0.4300","0.10","0.10","2","3","0.20","0.40"
"1673","40001000000013248487","fraud_Bahringer Group","food_dining","625.54","34.0522","-118.2437","3980000","1704952620","2024-01-11 05:57:00","0","9","23","5629.86","4","17","2514.91","6","1","17","0.0780","0.1506","0.3200","0.4800","0.20","0.20","3","1","0.30","0.00"
"1674","40001000000013256406","fraud_Haley Ltd","gas_transport","626.08","41.8781","-87.6298","2746000","1704953160","2024-01-11 06:06:00","0","1","16","629.22","7","7","4399.56","1","3","2","0.0800","0.1655","0.3300","0.0600","0.00","0.30","1","2","0.40","0.10"
"1675","40001000000013264325","fraud_McDermott PLC","food_dining","626.62","29.7604","-95.3698","2328000","1704953700","2024-01-11 06:15:00","0","2","18","1259.52","2","7","1253.24","2","5","5","0.0820","0.1804","0.3400","0.1100","0.10","0.00","2","3","0.00","0.20"
"1676","40001000000013272244","fraud_Lynch-Wisozk","gas_transport","627.16","39.9526","-75.1652","1600000","1704954240","2024-01-11 06:24:00","0","3","20","1890.90","5","15","3140.05","3","7","8","0.0840","0.1953","0.3500","0.1600","0.20","0.10","3","1","0.10","0.30"
"1677","40001000000013280163","fraud_Huels-Nolan","food_dining","625.49","33.4484","-112.0740","1625000","1704954780","2024-01-11 06:33:00","0","4","22","2514.52","8","23","5012.42","4","2","11","0.0860","0.2102","0.3600","0.2100","0.00","0.20","1","2","0.20","0.40"
"1678","40001000000013288082","fraud_Schmeler Inc","gas_transport","626.03","32.7767","-96.7970","1304000","1704955320","2024-01-11 06:42:00","0","5","24","3145.85","3","5","1890.84","5","4","14","0.0880","0.2251","0.3700","0.2600","0.10","0.30","2","3","0.30","0.00"
"1679","40001000000013296001","fraud_Heathcote LLC","food_dining","626.57","47.6062","-122.3321","737000","1704955860","2024-01-11 06:51:00","0","6","26","3778.26","6","13","3776.42","6","6","17","0.0900","0.0506","0.3800","0.3100","0.20","0.00","3","1","0.40","0.10"
"1680","40001000000013303920","fraud_Kilback LLC","gas_transport","627.11","40.7128","-74.0060","8419000","1704956400","2024-01-11 07:00:00","0","7","7","4389.77","1","13","627.11","1","1","2","0.0920","0.0655","0.3900","0.3600","0.00","0.10","1","2","0.00","0.20"
"1681","40001000000013311839","fraud_Ruecker Group","food_dining","627.65","34.0522","-118.2437","3980000","1704956940","2024-01-11 07:09:00","0","8","9","5024.34","4","21","2514.85","2","3","5","0.0940","0.0804","0.4000","0.4100","0.10","0.20","2","3","0.10","0.30"
"1682","40001000000013319758","fraud_Stokes and Sons","gas_transport","628.19","41.8781","-87.6298","2746000","1704957480","2024-01-11 07:18:00","0","9","11","5659.99","7","11","4405.83","3","5","8","0.0960","0.0953","0.4100","0.4600","0.20","0.30","3","1","0.20","0.40"
"1683","40001000000013327677","fraud_Bahringer Group","travel","628.73","29.7604","-95.3698","2328000","1704958020","2024-01-11 07:27:00","1","1","4","638.15","2","11","1270.21","4","7","11","0.0980","0.1102","0.4200","0.0400","0.00","0.00","1","2","0.30","0.00"
"1684","40001000000013335596","fraud_Haley Ltd","entertainment","629.27","39.9526","-75.1652","1600000","1704958560","2024-01-11 07:36:00","0","2","6","1271.10","5","19","3163.35","5","2","14","0.1000","0.1251","0.4300","0.0900","0.10","0.10","2","3","0.40","0.10"
"1685","40001000000013343515","fraud_McDermott PLC","travel","629.81","33.4484","-112.0740","1625000","1704959100","2024-01-11 07:45:00","0","3","8","1905.13","8","9","5038.48","6","4","17","0.1020","0.1400","0.4400","0.1400","0.20","0.20","3","1","0.00","0.20"
"1686","40001000000013351434","fraud_Lynch-Wisozk","entertainment","630.35","32.7767","-96.7970","1304000","1704959640","2024-01-11 07:54:00","0","4","10","2540.24","3","9","1895.30","1","6","2","0.1040","0.1549","0.4500","0.1900","0.00","0.30","1","2","0.10","0.30"
"1687","40001000000013359353","fraud_Huels-Nolan","travel","630.89","47.6062","-122.3321","737000","1704960180","2024-01-11 08:03:00","0","5","12","3154.45","6","17","3793.84","2","1","5","0.1060","0.1698","0.4600","0.2400","0.10","0.00","2","3","0.20","0.40"
"1688","40001000000013367272","fraud_Schmeler Inc","entertainment","631.43","40.7128","-74.0060","8419000","1704960720","2024-01-11 08:12:00","0","6","14","3791.72","1","17","644.18","3","3","8","0.1080","0.1847","0.4700","0.2900","0.20","0.10","3","1","0.30","0.00"
"1689","40001000000013375191","fraud_Heathcote LLC","travel","631.97","34.0522","-118.2437","3980000","1704961260","2024-01-11 08:21:00","0","7","16","4430.07","4","7","2544.88","4","5","11","0.1100","0.1996","0.4800","0.3400","0.00","0.20","1","2","0.40","0.10"
"1690","40001000000013383110","fraud_Kilback LLC","entertainment","630.30","41.8781","-87.6298","2746000","1704961800","2024-01-11 08:30:00","0","8","18","5051.82","7","15","4412.10","5","7","14","0.1120","0.2145","0.4900","0.3900","0.10","0.30","2","3","0.00","0.20"
"1691","40001000000013391029","fraud_Ruecker Group","travel","630.84","29.7604","-95.3698","2328000","1704962340","2024-01-11 08:39:00","0","9","20","5690.12","2","15","1265.93","6","2","17","0.1140","0.0400","0.5000","0.4400","0.20","0.00","3","1","0.10","0.30"
"1692","40001000000013398948","fraud_Stokes and Sons","entertainment","631.38","39.9526","-75.1652","1600000","1704962880","2024-01-11 08:48:00","0","1","13","647.08","5","5","3165.40","1","4","2","0.1160","0.0549","0.5100","0.0200","0.00","0.10","1","2","0.20","0.40"
"1693","40001000000013406867","fraud_Bahringer Group","travel","631.92","33.4484","-112.0740","1625000","1704963420","2024-01-11 08:57:00","0","2","15","1282.68","8","13","5068.11","2","6","5","0.1180","0.0698","0.5200","0.0700","0.10","0.20","2","3","0.30","0.00"
"1694","40001000000013414786","fraud_Haley Ltd","home","632.46","32.7767","-96.7970","1304000","1704963960","2024-01-11 09:06:00","0","3","17","1897.38","3","13","1914.38","3","1","8","0.1200","0.0847","0.5300","0.1200","0.20","0.30","3","1","0.40","0.10"
"1695","40001000000013422705","fraud_McDermott PLC","health_fitness","633.00","47.6062","-122.3321","737000","1704964500","2024-01-11 09:15:00","0","4","19","2535.14","6","21","3798.00","4","3","11","0.1220","0.0996","0.5400","0.1700","0.00","0.00","1","2","0.00","0.20"
"1696","40001000000013430624","fraud_Lynch-Wisozk","home","633.54","40.7128","-74.0060","8419000","1704965040","2024-01-11 09:24:00","0","5","21","3173.98","1","3","637.79","5","5","14","0.1240","0.1145","0.0200","0.2200","0.10","0.10","2","3","0.10","0.30"
"1697","40001000000013438543","fraud_Huels-Nolan","health_fitness","634.08","34.0522","-118.2437","3980000","1704965580","2024-01-11 09:33:00","0","6","23","3813.90","4","11","2544.82","6","7","17","0.1260","0.1294","0.0300","0.2700","0.20","0.20","3","1","0.20","0.40"
"1698","40001000000013446462","fraud_Schmeler Inc","home","634.62","41.8781","-87.6298","2746000","1704966120","2024-01-11 09:42:00","0","7","25","4454.90","7","19","4455.09","1","2","2","0.1280","0.1443","0.0400","0.3200","0.00","0.30","1","2","0.30","0.00"
"1699","40001000000013454381","fraud_Heathcote LLC","health_fitness","635.16","29.7604","-95.3698","2328000","1704966660","2024-01-11 09:51:00","0","8","27","5096.98","2","19","1287.32","2","4","5","0.1300","0.1591","0.0500","0.3700","0.10","0.00","2","3","0.40","0.10"
"1700","40001000000013462300","fraud_Kilback LLC","home","635.70","39.9526","-75.1652","1600000","1704967200","2024-01-11 10:00:00","1","9","29","5740.14","5","9","3178.50","3","6","8","0.1320","0.1740","0.0600","0.4200","0.20","0.10","3","1","0.00","0.20"
"1701","40001000000013470219","fraud_Ruecker Group","health_fitness","636.24","33.4484","-112.0740","1625000","1704967740","2024-01-11 10:09:00","0","1","1","636.24","8","17","5094.17","4","1","11","0.1340","0.1889","0.0700","0.4700","0.00","0.20","1","2","0.10","0.30"
"1702","40001000000013478138","fraud_Stokes and Sons","home","636.78","32.7767","-96.7970","1304000","1704968280","2024-01-11 10:18:00","0","2","3","1276.70","3","17","1918.84","5","3","14","0.1360","0.2038","0.0800","0.0500","0.10","0.30","2","3","0.20","0.40"
"1703","40001000000013486057","fraud_Bahringer Group","health_fitness","635.11","47.6062","-122.3321","737000","1704968820","2024-01-11 10:27:00","0","3","5","1911.61","6","7","3823.41","6","5","17","0.1380","0.2187","0.0900","0.1000","0.20","0.00","3","1","0.30","0.00"
"1704","40001000000013493976","fraud_Haley Ltd","home","635.65","40.7128","-74.0060","8419000","1704969360","2024-01-11 10:36:00","0","4","7","2552.02","1","7","652.65","1","7","2","0.1400","0.0443","0.1000","0.1500","0.00","0.10","1","2","0.40","0.10"
"1705","40001000000013501895","fraud_McDermott PLC","grocery_pos","636.19","34.0522","-118.2437","3980000","1704969900","2024-01-11 10:45:00","0","5","9","3193.51","4","15","2544.76","2","2","5","0.1420","0.0591","0.1100","0.2000","0.10","0.20","2","3","0.00","0.20"
"1706","40001000000013509814","fraud_Lynch-Wisozk","personal_care","636.73","41.8781","-87.6298","2746000","1704970440","2024-01-11 10:54:00","0","6","11","3836.08","7","23","4461.36","3","4","8","0.1440","0.0740","0.1200","0.2500","0.20","0.30","3","1","0.10","0.30"
"1707","40001000000013517733","fraud_Huels-Nolan","grocery_pos","637.27","29.7604","-95.3698","2328000","1704970980","2024-01-11 11:03:00","0","7","13","4479.73","2","5","1283.04","4","6","11","0.1460","0.0889","0.1300","0.3000","0.00","0.00","1","2","0.20","0.40"
"1708","40001000000013525652","fraud_Schmeler Inc","personal_care","637.81","39.9526","-75.1652","1600000","1704971520","2024-01-11 11:12:00","0","8","15","5102.48","5","13","3201.80","5","1","14","0.1480","0.1038","0.1400","0.3500","0.10","0.10","2","3","0.30","0.00"
"1709","40001000000013533571","fraud_Heathcote LLC","grocery_pos","638.35","33.4484","-112.0740","1625000","1704972060","2024-01-11 11:21:00","0","9","17","5748.29","8","21","5123.80","6","3","17","0.1500","0.1187","0.1500","0.4000","0.20","0.20","3","1","0.40","0.10"
"1710","40001000000013541490","fraud_Kilback LLC","personal_care","638.89","32.7767","-96.7970","1304000","1704972600","2024-01-11 11:30:00","0","1","10","645.17","3","3","1916.67","1","5","2","0.1520","0.1336","0.1600","0.4500","0.00","0.30","1","2","0.00","0.20"
"1711","40001000000013549409","fraud_Ruecker Group","grocery_pos","639.43","47.6062","-122.3321","737000","1704973140","2024-01-11 11:39:00","0","2","12","1288.28","6","11","3840.83","2","7","5","0.1540","0.1485","0.1700","0.0300","0.10","0.00","2","3","0.10","0.30"
"1712","40001000000013557328","fraud_Stokes and Sons","personal_care","639.97","40.7128","-74.0060","8419000","1704973680","2024-01-11 11:48:00","0","3","14","1932.47","1","11","648.47","3","2","8","0.1560","0.1634","0.1800","0.0800","0.20","0.10","3","1","0.20","0.40"
"1713","40001000000013565247","fraud_Bahringer Group","grocery_pos","640.51","34.0522","-118.2437","3980000","1704974220","2024-01-11 11:57:00","0","4","16","2577.74","4","19","2574.79","4","4","11","0.1580","0.1783","0.1900","0.1300","0.00","0.20","1","2","0.30","0.00"
"1714","40001000000013573166","fraud_Haley Ltd","personal_care","641.05","41.8781","-87.6298","2746000","1704974760","2024-01-11 12:06:00","0","5","18","3224.09","7","9","4504.35","5","6","14","0.1600","0.1932","0.2000","0.1800","0.10","0.30","2","3","0.40","0.10"
"1715","40001000000013581085","fraud_McDermott PLC","grocery_pos","641.59","29.7604","-95.3698","2328000","1704975300","2024-01-11 12:15:00","0","6","20","3849.54","2","9","1283.18","6","1","17","0.1620","0.2081","0.2100","0.2300","0.20","0.00","3","1","0.00","0.20"
"1716","40001000000013589004","fraud_Lynch-Wisozk","misc_net","639.92","39.9526","-75.1652","1600000","1704975840","2024-01-11 12:24:00","0","7","22","4482.58","5","17","3203.85","1","3","2","0.1640","0.2230","0.2200","0.2800","0.00","0.10","1","2","0.10","0.30"
"1717","40001000000013596923","fraud_Huels-Nolan","shopping_net","640.46","33.4484","-112.0740","1625000","1704976380","2024-01-11 12:33:00","1","8","24","5129.96","8","25","5132.18","2","5","5","0.1660","0.0485","0.2300","0.3300","0.10","0.20","2","3","0.20","0.40"
"1718","40001000000013604842","fraud_Schmeler Inc","misc_net","641.00","32.7767","-96.7970","1304000","1704976920","2024-01-11 12:42:00","0","9","26","5778.42","3","7","1935.75","3","7","8","0.1680","0.0634","0.2400","0.3800","0.20","0.30","3","1","0.30","0.00"
"1719","40001000000013612761","fraud_Heathcote LLC","shopping_net","641.54","47.6062","-122.3321","737000","1704977460","2024-01-11 12:51:00","0","1","19","654.10","6","15","3866.24","4","2","11","0.1700","0.0783","0.2500","0.4300","0.00","0.00","1","2","0.40","0.10"
"1720","40001000000013620680","fraud_Kilback LLC","misc_net","642.08","40.7128","-74.0060","8419000","1704978000","2024-01-11 13:00:00","0","2","21","1299.86","1","15","642.08","5","4","14","0.1720","0.0932","0.2600","0.4800","0.10","0.10","2","3","0.00","0.20"
"1721","40001000000013628599","fraud_Ruecker Group","shopping_net","642.62","34.0522","-118.2437","3980000","1704978540","2024-01-11 13:09:00","0","3","23","1946.70","4","5","2574.73","6","6","17","0.1740","0.1081","0.2700","0.0600","0.20","0.20","3","1","0.10","0.30"
"1722","40001000000013636518","fraud_Stokes and Sons","misc_net","643.16","41.8781","-87.6298","2746000","1704979080","2024-01-11 13:18:00","0","4","4","2572.64","7","13","4510.62","1","1","2","0.1760","0.1230","0.2800","0.1100","0.00","0.30","1","2","0.20","0.40"
"1723","40001000000013644437","fraud_Bahringer Group","shopping_net","643.70","29.7604","-95.3698","2328000","1704979620","2024-01-11 13:27:00","0","5","6","3221.64","2","13","1300.15","2","3","5","0.1780","0.1379","0.2900","0.1600","0.10","0.00","2","3","0.30","0.00"
"1724","40001000000013652356","fraud_Haley Ltd","misc_net","644.24","39.9526","-75.1652","1600000","1704980160","2024-01-11 13:36:00","0","6","8","3871.72","5","21","3238.20","3","5","8","0.1800","0.1528","0.3000","0.2100","0.20","0.10","3","1","0.40","0.10"
"1725","40001000000013660275","fraud_McDermott PLC","shopping_net","644.78","33.4484","-112.0740","1625000","1704980700","2024-01-11 13:45:00","0","7","10","4522.88","8","11","5158.24","4","7","11","0.1820","0.1677","0.3100","0.2600","0.00","0.20","1","2","0.00","0.20"
"1726","40001000000013668194","fraud_Lynch-Wisozk","misc_net","645.32","32.7767","-96.7970","1304000","1704981240","2024-01-11 13:54:00","0","8","12","5175.12","3","11","1940.21","5","2","14","0.1840","0.1826","0.3200","0.3100","0.10","0.30","2","3","0.10","0.30"
"1727","40001000000013676113","fraud_Huels-Nolan","gas_transport","645.86","47.6062","-122.3321","737000","1704981780","2024-01-11 14:03:00","0","9","14","5828.44","6","19","3883.66","6","4","17","0.1860","0.1974","0.3300","0.3600","0.20","0.00","3","1","0.20","0.40"
"1728","40001000000013684032","fraud_Schmeler Inc","food_dining","646.40","40.7128","-74.0060","8419000","1704982320","2024-01-11 14:12:00","0","1","7","665.24","1","1","659.15","1","6","2","0.1880","0.2123","0.3400","0.4100","0.00","0.10","1","2","0.30","0.00"
"1729","40001000000013691951","fraud_Heathcote LLC","gas_transport","644.73","34.0522","-118.2437","3980000","1704982860","2024-01-11 14:21:00","0","2","9","1289.46","4","9","2595.92","2","1","5","0.1900","0.2272","0.3500","0.4600","0.10","0.20","2","3","0.40","0.10"
"1730","40001000000013699870","fraud_Kilback LLC","food_dining","645.27","41.8781","-87.6298","2746000","1704983400","2024-01-11 14:30:00","0","3","11","1938.95","7","17","4516.89","3","3","8","0.1920","0.0528","0.3600","0.0400","0.20","0.30","3","1","0.00","0.20"
"1731","40001000000013707789","fraud_Ruecker Group","gas_transport","645.81","29.7604","-95.3698","2328000","1704983940","2024-01-11 14:39:00","0","4","13","2589.52","2","17","1295.87","4","5","11","0.1940","0.0677","0.3700","0.0900","0.00","0.00","1","2","0.10","0.30"
"1732","40001000000013715708","fraud_Stokes and Sons","food_dining","646.35","39.9526","-75.1652","1600000","1704984480","2024-01-11 14:48:00","0","5","15","3241.17","5","7","3240.25","5","7","14","0.1960","0.0826","0.3800","0.1400","0.10","0.10","2","3","0.20","0.40"
"1733","40001000000013723627","fraud_Bahringer Group","gas_transport","646.89","33.4484","-112.0740","1625000","1704985020","2024-01-11 14:57:00","0","6","17","3893.90","8","15","5187.87","6","2","17","0.1980","0.0974","0.3900","0.1900","0.20","0.20","3","1","0.30","0.00"
"1734","40001000000013731546","fraud_Haley Ltd","food_dining","647.43","32.7767","-96.7970","1304000","1704985560","2024-01-11 15:06:00","1","7","19","4547.71","3","15","1959.29","1","4","2","0.2000","0.1123","0.4000","0.2400","0.00","0.30","1","2","0.40","0.10"
"1735","40001000000013739465","fraud_McDermott PLC","gas_transport","647.97","47.6062","-122.3321","737000","1704986100","2024-01-11 15:15:00","0","8","21","5202.60","6","23","3887.82","2","6","5","0.2020","0.1272","0.4100","0.2900","0.10","0.00","2","3","0.00","0.20"
"1736","40001000000013747384","fraud_Lynch-Wisozk","food_dining","648.51","40.7128","-74.0060","8419000","1704986640","2024-01-11 15:24:00","0","9","23","5836.59","1","5","652.76","3","1","8","0.2040","0.1421","0.4200","0.3400","0.20","0.10","3","1","0.10","0.30"
"1737","40001000000013755303","fraud_Huels-Nolan","gas_transport","649.05","34.0522","-118.2437","3980000","1704987180","2024-01-11 15:33:00","0","1","16","652.19","4","13","2604.70","4","3","11","0.2060","0.1570","0.4300","0.3900","0.00","0.20","1","2","0.20","0.40"
"1738","40001000000013763222","fraud_Schmeler Inc","travel","649.59","41.8781","-87.6298","2746000","1704987720","2024-01-11 15:42:00","0","2","18","1305.46","7","21","4559.88","5","5","14","0.2080","0.1719","0.4400","0.4400","0.10","0.30","2","3","0.30","0.00"
"1739","40001000000013771141","fraud_Heathcote LLC","entertainment","650.13","29.7604","-95.3698","2328000","1704988260","2024-01-11 15:51:00","0","3","20","1959.81","2","3","1317.26","6","7","17","0.2100","0.1868","0.4500","0.0200","0.20","0.00","3","1","0.40","0.10"
"1740","40001000000013779060","fraud_Kilback LLC","travel","650.67","39.9526","-75.1652","1600000","1704988800","2024-01-11 16:00:00","0","4","22","2615.24","5","11","3253.35","1","2","2","0.2120","0.2017","0.4600","0.0700","0.00","0.10","1","2","0.00","0.20"
"1741","40001000000013786979","fraud_Ruecker Group","entertainment","651.21","33.4484","-112.0740","1625000","1704989340","2024-01-11 16:09:00","0","5","24","3271.75","8","19","5213.93","2","4","5","0.2140","0.2166","0.4700","0.1200","0.10","0.20","2","3","0.10","0.30"
"1742","40001000000013794898","fraud_Stokes and Sons","travel","649.54","32.7767","-96.7970","1304000","1704989880","2024-01-11 16:18:00","0","6","26","3916.08","3","19","1957.12","3","6","8","0.2160","0.0421","0.4800","0.1700","0.20","0.30","3","1","0.20","0.40"
"1743","40001000000013802817","fraud_Bahringer Group","entertainment","650.08","47.6062","-122.3321","737000","1704990420","2024-01-11 16:27:00","0","7","7","4550.56","6","9","3913.23","4","1","11","0.2180","0.0570","0.4900","0.2200","0.00","0.00","1","2","0.30","0.00"
"1744","40001000000013810736","fraud_Haley Ltd","travel","650.62","40.7128","-74.0060","8419000","1704990960","2024-01-11 16:36:00","0","8","9","5208.10","1","9","667.62","5","3","14","0.2200","0.0719","0.5000","0.2700","0.10","0.10","2","3","0.40","0.10"
"1745","40001000000013818655","fraud_McDermott PLC","entertainment","651.16","34.0522","-118.2437","3980000","1704991500","2024-01-11 16:45:00","0","9","11","5866.72","4","17","2604.64","6","5","17","0.2220","0.0868","0.5100","0.3200","0.20","0.20","3","1","0.00","0.20"
"1746","40001000000013826574","fraud_Lynch-Wisozk","travel","651.70","41.8781","-87.6298","2746000","1704992040","2024-01-11 16:54:00","0","1","4","661.12","7","7","4566.15","1","7","2","0.0300","0.1017","0.5200","0.3700","0.00","0.30","1","2","0.10","0.30"
"1747","40001000000013834493","fraud_Huels-Nolan","entertainment","652.24","29.7604","-95.3698","2328000","1704992580","2024-01-11 17:03:00","0","2","6","1317.04","2","7","1312.98","2","2","5","0.0320","0.1166","0.5300","0.4200","0.10","0.00","2","3","0.20","0.40"
"1748","40001000000013842412","fraud_Schmeler Inc","travel","652.78","39.9526","-75.1652","1600000","1704993120","2024-01-11 17:12:00","0","3","8","1974.04","5","15","3276.65","3","4","8","0.0340","0.1315","0.5400","0.4700","0.20","0.10","3","1","0.30","0.00"
"1749","40001000000013850331","fraud_Heathcote LLC","home","653.32","33.4484","-112.0740","1625000","1704993660","2024-01-11 17:21:00","0","4","10","2632.12","8","23","5243.56","4","6","11","0.0360","0.1464","0.0200","0.0500","0.00","0.20","1","2","0.40","0.10"
"1750","40001000000013858250","fraud_Kilback LLC","health_fitness","653.86","32.7767","-96.7970","1304000","1704994200","2024-01-11 17:30:00","0","5","12","3269.30","3","5","1961.58","5","1","14","0.0380","0.1613","0.0300","0.1000","0.10","0.30","2","3","0.00","0.20"
"1751","40001000000013866169","fraud_Ruecker Group","home","654.40","47.6062","-122.3321","737000","1704994740","2024-01-11 17:39:00","1","6","14","3929.54","6","13","3930.65","6","3","17","0.0400","0.1762","0.0400","0.1500","0.20","0.00","3","1","0.10","0.30"
"1752","40001000000013874088","fraud_Stokes and Sons","health_fitness","654.94","40.7128","-74.0060","8419000","1704995280","2024-01-11 17:48:00","0","7","16","4590.86","1","13","663.44","1","5","2","0.0420","0.1911","0.0500","0.2000","0.00","0.10","1","2","0.20","0.40"
"1753","40001000000013882007","fraud_Bahringer Group","home","655.48","34.0522","-118.2437","3980000","1704995820","2024-01-11 17:57:00","0","8","18","5253.26","4","21","2634.67","2","7","5","0.0440","0.2060","0.0600","0.2500","0.10","0.20","2","3","0.30","0.00"
"1754","40001000000013889926","fraud_Haley Ltd","health_fitness","656.02","41.8781","-87.6298","2746000","1704996360","2024-01-11 18:06:00","0","9","20","5916.74","7","11","4609.14","3","2","8","0.0460","0.2209","0.0700","0.3000","0.20","0.30","3","1","0.40","0.10"
"1755","40001000000013897845","fraud_McDermott PLC","home","654.35","29.7604","-95.3698","2328000","1704996900","2024-01-11 18:15:00","0","1","13","670.05","2","11","1308.70","4","4","11","0.0480","0.0464","0.0800","0.3500","0.00","0.00","1","2","0.00","0.20"
"1756","40001000000013905764","fraud_Lynch-Wisozk","health_fitness","654.89","39.9526","-75.1652","1600000","1704997440","2024-01-11 18:24:00","0","2","15","1328.62","5","19","3278.70","5","6","14","0.0500","0.0613","0.0900","0.4000","0.10","0.10","2","3","0.10","0.30"
"1757","40001000000013913683","fraud_Huels-Nolan","home","655.43","33.4484","-112.0740","1625000","1704997980","2024-01-11 18:33:00","0","3","17","1966.29","8","9","5251.94","6","1","17","0.0520","0.0762","0.1000","0.4500","0.20","0.20","3","1","0.20","0.40"
"1758","40001000000013921602","fraud_Schmeler Inc","health_fitness","655.97","32.7767","-96.7970","1304000","1704998520","2024-01-11 18:42:00","0","4","19","2627.02","3","9","1980.66","1","3","2","0.0540","0.0911","0.1100","0.0300","0.00","0.30","1","2","0.30","0.00"
"1759","40001000000013929521","fraud_Heathcote LLC","home","656.51","47.6062","-122.3321","737000","1704999060","2024-01-11 18:51:00","0","5","21","3288.83","6","17","3956.06","2","5","5","0.0560","0.1060","0.1200","0.0800","0.10","0.00","2","3","0.40","0.10"
"1760","40001000000013937440","fraud_Kilback LLC","grocery_pos","657.05","40.7128","-74.0060","8419000","1704999600","2024-01-11 19:00:00","0","6","23","3951.72","1","17","657.05","3","7","8","0.0580","0.1209","0.1300","0.1300","0.20","0.10","3","1","0.00","0.20"
"1761","40001000000013945359","fraud_Ruecker Group","personal_care","657.59","34.0522","-118.2437","3980000","1705000140","2024-01-11 19:09:00","0","7","25","4615.69","4","7","2634.61","4","2","11","0.0600","0.1357","0.1400","0.1800","0.00","0.20","1","2","0.10","0.30"
"1762","40001000000013953278","fraud_Stokes and Sons","grocery_pos","658.13","41.8781","-87.6298","2746000","1705000680","2024-01-11 19:18:00","0","8","27","5280.74","7","15","4615.41","5","4","14","0.0620","0.1506","0.1500","0.2300","0.10","0.30","2","3","0.20","0.40"
"1763","40001000000013961197","fraud_Bahringer Group","personal_care","658.67","29.7604","-95.3698","2328000","1705001220","2024-01-11 19:27:00","0","9","29","5946.87","2","15","1330.09","6","6","17","0.0640","0.1655","0.1600","0.2800","0.20","0.00","3","1","0.30","0.00"
"1764","40001000000013969116","fraud_Haley Ltd","grocery_pos","659.21","39.9526","-75.1652","1600000","1705001760","2024-01-11 19:36:00","0","1","1","659.21","5","5","3313.05","1","1","2","0.0660","0.1804","0.1700","0.3300","0.00","0.10","1","2","0.40","0.10"
"1765","40001000000013977035","fraud_McDermott PLC","personal_care","659.75","33.4484","-112.0740","1625000","1705002300","2024-01-11 19:45:00","0","2","3","1322.64","8","13","5278.00","2","3","5","0.0680","0.1953","0.1800","0.3800","0.10","0.20","2","3","0.00","0.20"
"1766","40001000000013984954","fraud_Lynch-Wisozk","grocery_pos","660.29","32.7767","-96.7970","1304000","1705002840","2024-01-11 19:54:00","0","3","5","1987.15","3","13","1985.12","3","5","8","0.0700","0.2102","0.1900","0.4300","0.20","0.30","3","1","0.10","0.30"
"1767","40001000000013992873","fraud_Huels-Nolan","personal_care","660.83","47.6062","-122.3321","737000","1705003380","2024-01-11 20:03:00","0","4","7","2652.74","6","21","3973.48","4","7","11","0.0720","0.2251","0.2000","0.4800","0.00","0.00","1","2","0.20","0.40"
"1768","40001000000014000792","fraud_Schmeler Inc","grocery_pos","659.16","40.7128","-74.0060","8419000","1705003920","2024-01-11 20:12:00","1","5","9","3308.36","1","3","671.91","5","2","14","0.0740","0.0506","0.2100","0.0600","0.10","0.10","2","3","0.30","0.00"
"1769","40001000000014008711","fraud_Heathcote LLC","personal_care","659.70","34.0522","-118.2437","3980000","1705004460","2024-01-11 20:21:00","0","6","11","3973.90","4","11","2655.80","6","4","17","0.0760","0.0655","0.2200","0.1100","0.20","0.20","3","1","0.40","0.10"
"1770","40001000000014016630","fraud_Kilback LLC","grocery_pos","660.24","41.8781","-87.6298","2746000","1705005000","2024-01-11 20:30:00","0","7","13","4640.52","7","19","4621.68","1","6","2","0.0780","0.0804","0.2300","0.1600","0.00","0.30","1","2","0.00","0.20"
"1771","40001000000014024549","fraud_Ruecker Group","misc_net","660.78","29.7604","-95.3698","2328000","1705005540","2024-01-11 20:39:00","0","8","15","5286.24","2","19","1325.81","2","1","5","0.0800","0.0953","0.2400","0.2100","0.10","0.00","2","3","0.10","0.30"
"1772","40001000000014032468","fraud_Stokes and Sons","shopping_net","661.32","39.9526","-75.1652","1600000","1705006080","2024-01-11 20:48:00","0","9","17","5955.02","5","9","3315.10","3","3","8","0.0820","0.1102","0.2500","0.2600","0.20","0.10","3","1","0.20","0.40"
"1773","40001000000014040387","fraud_Bahringer Group","misc_net","661.86","33.4484","-112.0740","1625000","1705006620","2024-01-11 20:57:00","0","1","10","668.14","8","17","5307.63","4","5","11","0.0840","0.1251","0.2600","0.3100","0.00","0.20","1","2","0.30","0.00"
"1774","40001000000014048306","fraud_Haley Ltd","shopping_net","662.40","32.7767","-96.7970","1304000","1705007160","2024-01-11 21:06:00","0","2","12","1334.22","3","17","2004.20","5","7","14","0.0860","0.1400","0.2700","0.3600","0.10","0.30","2","3","0.40","0.10"
"1775","40001000000014056225","fraud_McDermott PLC","misc_net","662.94","47.6062","-122.3321","737000","1705007700","2024-01-11 21:15:00","0","3","14","2001.38","6","7","3977.64","6","2","17","0.0880","0.1549","0.2800","0.4100","0.20","0.00","3","1","0.00","0.20"
"1776","40001000000014064144","fraud_Lynch-Wisozk","shopping_net","663.48","40.7128","-74.0060","8419000","1705008240","2024-01-11 21:24:00","0","4","16","2669.62","1","7","667.73","1","4","2","0.0900","0.1698","0.2900","0.4600","0.00","0.10","1","2","0.10","0.30"
"1777","40001000000014072063","fraud_Huels-Nolan","misc_net","664.02","34.0522","-118.2437","3980000","1705008780","2024-01-11 21:33:00","0","5","18","3338.94","4","15","2664.58","2","6","5","0.0920","0.1847","0.3000","0.0400","0.10","0.20","2","3","0.20","0.40"
"1778","40001000000014079982","fraud_Schmeler Inc","shopping_net","664.56","41.8781","-87.6298","2746000","1705009320","2024-01-11 21:42:00","0","6","20","3987.36","7","23","4664.67","3","1","8","0.0940","0.1996","0.3100","0.0900","0.20","0.30","3","1","0.30","0.00"
"1779","40001000000014087901","fraud_Heathcote LLC","misc_net","665.10","29.7604","-95.3698","2328000","1705009860","2024-01-11 21:51:00","0","7","22","4658.84","2","5","1347.20","4","3","11","0.0960","0.2145","0.3200","0.1400","0.00","0.00","1","2","0.40","0.10"
"1780","40001000000014095820","fraud_Kilback LLC","shopping_net","665.64","39.9526","-75.1652","1600000","1705010400","2024-01-11 22:00:00","0","8","24","5331.40","5","13","3328.20","5","5","14","0.0980","0.0400","0.3300","0.1900","0.10","0.10","2","3","0.00","0.20"
"1781","40001000000014103739","fraud_Ruecker Group","misc_net","663.97","33.4484","-112.0740","1625000","1705010940","2024-01-11 22:09:00","0","9","26","5985.15","8","21","5316.01","6","7","17","0.1000","0.0549","0.3400","0.2400","0.20","0.20","3","1","0.10","0.30"
"1782","40001000000014111658","fraud_Stokes and Sons","gas_transport","664.51","32.7767","-96.7970","1304000","1705011480","2024-01-11 22:18:00","0","1","19","677.07","3","3","2002.03","1","2","2","0.1020","0.0698","0.3500","0.2900","0.00","0.30","1","2","0.20","0.40"
"1783","40001000000014119577","fraud_Bahringer Group","food_dining","665.05","47.6062","-122.3321","737000","1705012020","2024-01-11 22:27:00","0","2","21","1345.80","6","11","4003.05","2","4","5","0.1040","0.0847","0.3600","0.3400","0.10","0.00","2","3","0.30","0.00"
"1784","40001000000014127496","fraud_Haley Ltd","gas_transport","665.59","40.7128","-74.0060","8419000","1705012560","2024-01-11 22:36:00","0","3","23","2015.61","1","11","682.59","3","6","8","0.1060","0.0996","0.3700","0.3900","0.20","0.10","3","1","0.40","0.10"
"1785","40001000000014135415","fraud_McDermott PLC","food_dining","666.13","34.0522","-118.2437","3980000","1705013100","2024-01-11 22:45:00","1","4","4","2664.52","4","19","2664.52","4","1","11","0.1080","0.1145","0.3800","0.4400","0.00","0.20","1","2","0.00","0.20"
"1786","40001000000014143334","fraud_Lynch-Wisozk","gas_transport","666.67","41.8781","-87.6298","2746000","1705013640","2024-01-11 22:54:00","0","5","6","3336.49","7","9","4670.94","5","3","14","0.1100","0.1294","0.3900","0.0200","0.10","0.30","2","3","0.10","0.30"
"1787","40001000000014151253","fraud_Huels-Nolan","food_dining","667.21","29.7604","-95.3698","2328000","1705014180","2024-01-11 23:03:00","0","6","8","4009.54","2","9","1342.92","6","5","17","0.1120","0.1443","0.4000","0.0700","0.20","0.00","3","1","0.20","0.40"
"1788","40001000000014159172","fraud_Schmeler Inc","gas_transport","667.75","39.9526","-75.1652","1600000","1705014720","2024-01-11 23:12:00","0","7","10","4683.67","5","17","3351.50","1","7","2","0.1140","0.1591","0.4100","0.1200","0.00","0.10","1","2","0.30","0.00"
"1789","40001000000014167091","fraud_Heathcote LLC","food_dining","668.29","33.4484","-112.0740","1625000","1705015260","2024-01-11 23:21:00","0","8","12","5358.88","8","25","5363.32","2","2","5","0.1160","0.1740","0.4200","0.1700","0.10","0.20","2","3","0.40","0.10"
"1790","40001000000014175010","fraud_Kilback LLC","gas_transport","668.83","32.7767","-96.7970","1304000","1705015800","2024-01-11 23:30:00","0","9","14","6035.17","3","7","2006.49","3","4","8","0.1180","0.1889","0.4300","0.2200","0.20","0.30","3","1","0.00","0.20"
"1791","40001000000014182929","fraud_Ruecker Group","food_dining","669.37","47.6062","-122.3321","737000","1705016340","2024-01-11 23:39:00","0","1","7","688.21","6","15","4020.47","4","6","11","0.1200","0.2038","0.4400","0.2700","0.00","0.00","1","2","0.10","0.30"
"1792","40001000000014190848","fraud_Stokes and Sons","gas_transport","669.91","40.7128","-74.0060","8419000","1705016880","2024-01-11 23:48:00","0","2","9","1339.82","1","15","678.41","5","1","14","0.1220","0.2187","0.4500","0.3200","0.10","0.10","2","3","0.20","0.40"
"1793","40001000000014198767","fraud_Bahringer Group","travel","670.45","34.0522","-118.2437","3980000","1705017420","2024-01-11 23:57:00","0","3","11","2014.49","4","5","2694.55","6","3","17","0.1240","0.0443","0.4600","0.3700","0.20","0.20","3","1","0.30","0.00"
"1794","40001000000014206686","fraud_Haley Ltd","entertainment","668.78","41.8781","-87.6298","2746000","1705017960","2024-01-12 00:06:00","0","4","13","2681.40","7","13","4698.46","1","5","2","0.1260","0.0591","0.4700","0.4200","0.00","0.30","1","2","0.40","0.10"
"1795","40001000000014214605","fraud_McDermott PLC","travel","669.32","29.7604","-95.3698","2328000","1705018500","2024-01-12 00:15:00","0","5","15","3356.02","2","13","1338.64","2","7","5","0.1280","0.0740","0.4800","0.4700","0.10","0.00","2","3","0.00","0.20"
"1796","40001000000014222524","fraud_Lynch-Wisozk","entertainment","669.86","39.9526","-75.1652","1600000","1705019040","2024-01-12 00:24:00","0","6","17","4031.72","5","21","3353.55","3","2","8","0.1300","0.0889","0.4900","0.0500","0.20","0.10","3","1","0.10","0.30"
"1797","40001000000014230443","fraud_Huels-Nolan","travel","670.40","33.4484","-112.0740","1625000","1705019580","2024-01-12 00:33:00","0","7","19","4708.50","8","11","5371.70","4","4","11","0.1320","0.1038","0.5000","0.1000","0.00","0.20","1","2","0.20","0.40"
"1798","40001000000014238362","fraud_Schmeler Inc","entertainment","670.94","32.7767","-96.7970","1304000","1705020120","2024-01-12 00:42:00","0","8","21","5386.36","3","11","2025.57","5","6","14","0.1340","0.1187","0.5100","0.1500","0.10","0.30","2","3","0.30","0.00"
"1799","40001000000014246281","fraud_Heathcote LLC","travel","671.48","47.6062","-122.3321","737000","1705020660","2024-01-12 00:51:00","0","9","23","6043.32","6","19","4045.88","6","1","17","0.1360","0.1336","0.5200","0.2000","0.20","0.00","3","1","0.40","0.10"
"1800","40001000000014254200","fraud_Kilback LLC","entertainment","672.02","40.7128","-74.0060","8419000","1705021200","2024-01-12 01:00:00","0","1","16","675.16","1","1","672.02","1","3","2","0.1380","0.1485","0.5300","0.2500","0.00","0.10","1","2","0.00","0.20"
"1801","40001000000014262119","fraud_Ruecker Group","travel","672.56","34.0522","-118.2437","3980000","1705021740","2024-01-12 01:09:00","0","2","18","1351.40","4","9","2694.49","2","5","5","0.1400","0.1634","0.5400","0.3000","0.10","0.20","2","3","0.10","0.30"
"1802","40001000000014270038","fraud_Stokes and Sons","entertainment","673.10","41.8781","-87.6298","2746000","1705022280","2024-01-12 01:18:00","1","3","20","2028.72","7","17","4720.20","3","7","8","0.1420","0.1783","0.0200","0.3500","0.20","0.30","3","1","0.20","0.40"
"1803","40001000000014277957","fraud_Bahringer Group","travel","673.64","29.7604","-95.3698","2328000","1705022820","2024-01-12 01:27:00","0","4","22","2707.12","2","17","1360.03","4","2","11","0.1440","0.1932","0.0300","0.4000","0.00","0.00","1","2","0.30","0.00"
"1804","40001000000014285876","fraud_Haley Ltd","home","674.18","39.9526","-75.1652","1600000","1705023360","2024-01-12 01:36:00","0","5","24","3386.60","5","7","3387.90","5","4","14","0.1460","0.2081","0.0400","0.4500","0.10","0.10","2","3","0.40","0.10"
"1805","40001000000014293795","fraud_McDermott PLC","health_fitness","674.72","33.4484","-112.0740","1625000","1705023900","2024-01-12 01:45:00","0","6","26","4067.16","8","15","5397.76","6","6","17","0.1480","0.2230","0.0500","0.0300","0.20","0.20","3","1","0.00","0.20"
"1806","40001000000014301714","fraud_Lynch-Wisozk","home","675.26","32.7767","-96.7970","1304000","1705024440","2024-01-12 01:54:00","0","7","7","4726.82","3","15","2030.03","1","1","2","0.1500","0.0485","0.0600","0.0800","0.00","0.30","1","2","0.10","0.30"
"1807","40001000000014309633","fraud_Huels-Nolan","health_fitness","673.59","47.6062","-122.3321","737000","1705024980","2024-01-12 02:03:00","0","8","9","5391.86","6","23","4050.04","2","3","5","0.1520","0.0634","0.0700","0.1300","0.10","0.00","2","3","0.20","0.40"
"1808","40001000000014317552","fraud_Schmeler Inc","home","674.13","40.7128","-74.0060","8419000","1705025520","2024-01-12 02:12:00","0","9","11","6073.45","1","5","686.88","3","5","8","0.1540","0.0783","0.0800","0.1800","0.20","0.10","3","1","0.30","0.00"
"1809","40001000000014325471","fraud_Heathcote LLC","health_fitness","674.67","34.0522","-118.2437","3980000","1705026060","2024-01-12 02:21:00","0","1","4","684.09","4","13","2715.68","4","7","11","0.1560","0.0932","0.0900","0.2300","0.00","0.20","1","2","0.40","0.10"
"1810","40001000000014333390","fraud_Kilback LLC","home","675.21","41.8781","-87.6298","2746000","1705026600","2024-01-12 02:30:00","0","2","6","1362.98","7","21","4726.47","5","2","14","0.1580","0.1081","0.1000","0.2800","0.10","0.30","2","3","0.00","0.20"
"1811","40001000000014341309","fraud_Ruecker Group","health_fitness","675.75","29.7604","-95.3698","2328000","1705027140","2024-01-12 02:39:00","0","3","8","2042.95","2","3","1355.75","6","4","17","0.1600","0.1230","0.1100","0.3300","0.20","0.00","3","1","0.10","0.30"
"1812","40001000000014349228","fraud_Stokes and Sons","home","676.29","39.9526","-75.1652","1600000","1705027680","2024-01-12 02:48:00","0","4","10","2724.00","5","11","3389.95","1","6","2","0.1620","0.1379","0.1200","0.3800","0.00","0.10","1","2","0.20","0.40"
"1813","40001000000014357147","fraud_Bahringer Group","health_fitness","676.83","33.4484","-112.0740","1625000","1705028220","2024-01-12 02:57:00","0","5","12","3384.15","8","19","5427.39","2","1","5","0.1640","0.1528","0.1300","0.4300","0.10","0.20","2","3","0.30","0.00"
"1814","40001000000014365066","fraud_Haley Ltd","home","677.37","32.7767","-96.7970","1304000","1705028760","2024-01-12 03:06:00","0","6","14","4067.36","3","19","2049.11","3","3","8","0.1660","0.1677","0.1400","0.4800","0.20","0.30","3","1","0.40","0.10"
"1815","40001000000014372985","fraud_McDermott PLC","grocery_pos","677.91","47.6062","-122.3321","737000","1705029300","2024-01-12 03:15:00","0","7","16","4751.65","6","9","4067.46","4","5","11","0.1680","0.1826","0.1500","0.0600","0.00","0.00","1","2","0.00","0.20"
"1816","40001000000014380904","fraud_Lynch-Wisozk","personal_care","678.45","40.7128","-74.0060","8419000","1705029840","2024-01-12 03:24:00","0","8","18","5437.02","1","9","682.70","5","7","14","0.1700","0.1974","0.1600","0.1100","0.10","0.10","2","3","0.10","0.30"
"1817","40001000000014388823","fraud_Huels-Nolan","grocery_pos","678.99","34.0522","-118.2437","3980000","1705030380","2024-01-12 03:33:00","0","9","20","6123.47","4","17","2724.46","6","2","17","0.1720","0.2123","0.1700","0.1600","0.20","0.20","3","1","0.20","0.40"
"1818","40001000000014396742","fraud_Schmeler Inc","personal_care","679.53","41.8781","-87.6298","2746000","1705030920","2024-01-12 03:42:00","0","1","13","695.23","7","7","4769.46","1","4","2","0.1740","0.2272","0.1800","0.2100","0.00","0.30","1","2","0.30","0.00"
"1819","40001000000014404661","fraud_Heathcote LLC","grocery_pos","680.07","29.7604","-95.3698","2328000","1705031460","2024-01-12 03:51:00","1","2","15","1378.98","2","7","1377.14","2","6","5","0.1760","0.0528","0.1900","0.2600","0.10","0.00","2","3","0.40","0.10"
"1820","40001000000014412580","fraud_Kilback LLC","personal_care","678.40","39.9526","-75.1652","1600000","1705032000","2024-01-12 04:00:00","0","3","17","2035.20","5","15","3392.00","3","1","8","0.1780","0.0677","0.2000","0.3100","0.20","0.10","3","1","0.00","0.20"
"1821","40001000000014420499","fraud_Ruecker Group","grocery_pos","678.94","33.4484","-112.0740","1625000","1705032540","2024-01-12 04:09:00","0","4","19","2718.90","8","23","5435.77","4","3","11","0.1800","0.0826","0.2100","0.3600","0.00","0.20","1","2","0.10","0.30"
"1822","40001000000014428418","fraud_Stokes and Sons","personal_care","679.48","32.7767","-96.7970","1304000","1705033080","2024-01-12 04:18:00","0","5","21","3403.68","3","5","2046.94","5","5","14","0.1820","0.0974","0.2200","0.4100","0.10","0.30","2","3","0.20","0.40"
"1823","40001000000014436337","fraud_Bahringer Group","grocery_pos","680.02","47.6062","-122.3321","737000","1705033620","2024-01-12 04:27:00","0","6","23","4089.54","6","13","4092.87","6","7","17","0.1840","0.1123","0.2300","0.4600","0.20","0.00","3","1","0.30","0.00"
"1824","40001000000014444256","fraud_Haley Ltd","personal_care","680.56","40.7128","-74.0060","8419000","1705034160","2024-01-12 04:36:00","0","7","25","4776.48","1","13","697.56","1","2","2","0.1860","0.1272","0.2400","0.0400","0.00","0.10","1","2","0.40","0.10"
"1825","40001000000014452175","fraud_McDermott PLC","grocery_pos","681.10","34.0522","-118.2437","3980000","1705034700","2024-01-12 04:45:00","0","8","27","5464.50","4","21","2724.40","2","4","5","0.1880","0.1421","0.2500","0.0900","0.10","0.20","2","3","0.00","0.20"
"1826","40001000000014460094","fraud_Lynch-Wisozk","misc_net","681.64","41.8781","-87.6298","2746000","1705035240","2024-01-12 04:54:00","0","9","29","6153.60","7","11","4775.73","3","6","8","0.1900","0.1570","0.2600","0.1400","0.20","0.30","3","1","0.10","0.30"
"1827","40001000000014468013","fraud_Huels-Nolan","shopping_net","682.18","29.7604","-95.3698","2328000","1705035780","2024-01-12 05:03:00","0","1","1","682.18","2","11","1372.86","4","1","11","0.1920","0.1719","0.2700","0.1900","0.00","0.00","1","2","0.20","0.40"
"1828","40001000000014475932","fraud_Schmeler Inc","misc_net","682.72","39.9526","-75.1652","1600000","1705036320","2024-01-12 05:12:00","0","2","3","1368.58","5","19","3426.35","5","3","14","0.1940","0.1868","0.2800","0.2400","0.10","0.10","2","3","0.30","0.00"
"1829","40001000000014483851","fraud_Heathcote LLC","shopping_net","683.26","33.4484","-112.0740","1625000","1705036860","2024-01-12 05:21:00","0","3","5","2056.06","8","9","5483.08","6","5","17","0.1960","0.2017","0.2900","0.2900","0.20","0.20","3","1","0.40","0.10"
"1830","40001000000014491770","fraud_Kilback LLC","misc_net","683.80","32.7767","-96.7970","1304000","1705037400","2024-01-12 05:30:00","0","4","7","2744.62","3","9","2051.40","1","7","2","0.1980","0.2166","0.3000","0.3400","0.00","0.30","1","2","0.00","0.20"
"1831","40001000000014499689","fraud_Ruecker Group","shopping_net","684.34","47.6062","-122.3321","737000","1705037940","2024-01-12 05:39:00","0","5","9","3434.26","6","17","4110.29","2","2","5","0.2000","0.0421","0.3100","0.3900","0.10","0.00","2","3","0.10","0.30"
"1832","40001000000014507608","fraud_Stokes and Sons","misc_net","684.88","40.7128","-74.0060","8419000","1705038480","2024-01-12 05:48:00","0","6","11","4124.98","1","17","693.38","3","4","8","0.2020","0.0570","0.3200","0.4400","0.20","0.10","3","1","0.20","0.40"
"1833","40001000000014515527","fraud_Bahringer Group","shopping_net","683.21","34.0522","-118.2437","3980000","1705039020","2024-01-12 05:57:00","0","7","13","4801.31","4","7","2745.59","4","6","11","0.2040","0.0719","0.3300","0.0200","0.00","0.20","1","2","0.30","0.00"
"1834","40001000000014523446","fraud_Haley Ltd","misc_net","683.75","41.8781","-87.6298","2746000","1705039560","2024-01-12 06:06:00","0","8","15","5470.00","7","15","4803.25","5","1","14","0.2060","0.0868","0.3400","0.0700","0.10","0.30","2","3","0.40","0.10"
"1835","40001000000014531365","fraud_McDermott PLC","shopping_net","684.29","29.7604","-95.3698","2328000","1705040100","2024-01-12 06:15:00","0","9","17","6161.75","2","15","1368.58","6","3","17","0.2080","0.1017","0.3500","0.1200","0.20","0.00","3","1","0.00","0.20"
"1836","40001000000014539284","fraud_Lynch-Wisozk","misc_net","684.83","39.9526","-75.1652","1600000","1705040640","2024-01-12 06:24:00","1","1","10","691.11","5","5","3428.40","1","5","2","0.2100","0.1166","0.3600","0.1700","0.00","0.10","1","2","0.10","0.30"
"1837","40001000000014547203","fraud_Huels-Nolan","gas_transport","685.37","33.4484","-112.0740","1625000","1705041180","2024-01-12 06:33:00","0","2","12","1380.16","8","13","5491.46","2","7","5","0.2120","0.1315","0.3700","0.2200","0.10","0.20","2","3","0.20","0.40"
"1838","40001000000014555122","fraud_Schmeler Inc","food_dining","685.91","32.7767","-96.7970","1304000","1705041720","2024-01-12 06:42:00","0","3","14","2070.29","3","13","2070.48","3","2","8","0.2140","0.1464","0.3800","0.2700","0.20","0.30","3","1","0.30","0.00"
"1839","40001000000014563041","fraud_Heathcote LLC","gas_transport","686.45","47.6062","-122.3321","737000","1705042260","2024-01-12 06:51:00","0","4","16","2761.50","6","21","4135.70","4","4","11","0.2160","0.1613","0.3900","0.3200","0.00","0.00","1","2","0.40","0.10"
"1840","40001000000014570960","fraud_Kilback LLC","food_dining","686.99","40.7128","-74.0060","8419000","1705042800","2024-01-12 07:00:00","0","5","18","3453.79","1","3","686.99","5","6","14","0.2180","0.1762","0.4000","0.3700","0.10","0.10","2","3","0.00","0.20"
"1841","40001000000014578879","fraud_Ruecker Group","gas_transport","687.53","34.0522","-118.2437","3980000","1705043340","2024-01-12 07:09:00","0","6","20","4125.18","4","11","2754.37","6","1","17","0.2200","0.1911","0.4100","0.4200","0.20","0.20","3","1","0.10","0.30"
"1842","40001000000014586798","fraud_Stokes and Sons","food_dining","688.07","41.8781","-87.6298","2746000","1705043880","2024-01-12 07:18:00","0","7","22","4819.63","7","19","4824.99","1","3","2","0.2220","0.2060","0.4200","0.4700","0.00","0.30","1","2","0.20","0.40"
"1843","40001000000014594717","fraud_Bahringer Group","gas_transport","688.61","29.7604","-95.3698","2328000","1705044420","2024-01-12 07:27:00","0","8","24","5515.16","2","19","1389.97","2","5","5","0.0300","0.2209","0.4300","0.0500","0.10","0.00","2","3","0.30","0.00"
"1844","40001000000014602636","fraud_Haley Ltd","food_dining","689.15","39.9526","-75.1652","1600000","1705044960","2024-01-12 07:36:00","0","9","26","6211.77","5","9","3462.75","3","7","8","0.0320","0.0464","0.4400","0.1000","0.20","0.10","3","1","0.40","0.10"
"1845","40001000000014610555","fraud_McDermott PLC","gas_transport","689.69","33.4484","-112.0740","1625000","1705045500","2024-01-12 07:45:00","0","1","19","702.25","8","17","5517.52","4","2","11","0.0340","0.0613","0.4500","0.1500","0.00","0.20","1","2","0.00","0.20"
"1846","40001000000014618474","fraud_Lynch-Wisozk","food_dining","688.02","32.7767","-96.7970","1304000","1705046040","2024-01-12 07:54:00","0","2","21","1391.74","3","17","2068.31","5","4","14","0.0360","0.0762","0.4600","0.2000","0.10","0.30","2","3","0.10","0.30"
"1847","40001000000014626393","fraud_Huels-Nolan","gas_transport","688.56","47.6062","-122.3321","737000","1705046580","2024-01-12 08:03:00","0","3","23","2084.52","6","7","4139.86","6","6","17","0.0380","0.0911","0.4700","0.2500","0.20","0.00","3","1","0.20","0.40"
"1848","40001000000014634312","fraud_Schmeler Inc","travel","689.10","40.7128","-74.0060","8419000","1705047120","2024-01-12 08:12:00","0","4","4","2756.40","1","7","701.85","1","1","2","0.0400","0.1060","0.4800","0.3000","0.00","0.10","1","2","0.30","0.00"
"1849","40001000000014642231","fraud_Heathcote LLC","entertainment","689.64","34.0522","-118.2437","3980000","1705047660","2024-01-12 08:21:00","0","5","6","3451.34","4","15","2775.56","2","3","5","0.0420","0.1209","0.4900","0.3500","0.10","0.20","2","3","0.40","0.10"
"1850","40001000000014650150","fraud_Kilback LLC","travel","690.18","41.8781","-87.6298","2746000","1705048200","2024-01-12 08:30:00","0","6","8","4147.36","7","23","4831.26","3","5","8","0.0440","0.1357","0.5000","0.4000","0.20","0.30","3","1","0.00","0.20"
"1851","40001000000014658069","fraud_Ruecker Group","entertainment","690.72","29.7604","-95.3698","2328000","1705048740","2024-01-12 08:39:00","0","7","10","4844.46","2","5","1385.69","4","7","11","0.0460","0.1506","0.5100","0.4500","0.00","0.00","1","2","0.10","0.30"
"1852","40001000000014665988","fraud_Stokes and Sons","travel","691.26","39.9526","-75.1652","1600000","1705049280","2024-01-12 08:48:00","0","8","12","5542.64","5","13","3464.80","5","2","14","0.0480","0.1655","0.5200","0.0300","0.10","0.10","2","3","0.20","0.40"
"1853","40001000000014673907","fraud_Bahringer Group","entertainment","691.80","33.4484","-112.0740","1625000","1705049820","2024-01-12 08:57:00","1","9","14","6241.90","8","21","5547.15","6","4","17","0.0500","0.1804","0.5300","0.0800","0.20","0.20","3","1","0.30","0.00"
"1854","40001000000014681826","fraud_Haley Ltd","travel","692.34","32.7767","-96.7970","1304000","1705050360","2024-01-12 09:06:00","0","1","7","711.18","3","3","2094.02","1","6","2","0.0520","0.1953","0.5400","0.1300","0.00","0.30","1","2","0.40","0.10"
"1855","40001000000014689745","fraud_McDermott PLC","entertainment","692.88","47.6062","-122.3321","737000","1705050900","2024-01-12 09:15:00","0","2","9","1385.76","6","11","4157.28","2","1","5","0.0540","0.2102","0.0200","0.1800","0.10","0.00","2","3","0.00","0.20"
"1856","40001000000014697664","fraud_Lynch-Wisozk","travel","693.42","40.7128","-74.0060","8419000","1705051440","2024-01-12 09:24:00","0","3","11","2083.40","1","11","697.67","3","3","8","0.0560","0.2251","0.0300","0.2300","0.20","0.10","3","1","0.10","0.30"
"1857","40001000000014705583","fraud_Huels-Nolan","entertainment","693.96","34.0522","-118.2437","3980000","1705051980","2024-01-12 09:33:00","0","4","13","2782.12","4","19","2784.34","4","5","11","0.0580","0.0506","0.0400","0.2800","0.00","0.20","1","2","0.20","0.40"
"1858","40001000000014713502","fraud_Schmeler Inc","travel","694.50","41.8781","-87.6298","2746000","1705052520","2024-01-12 09:42:00","0","5","15","3481.92","7","9","4874.25","5","7","14","0.0600","0.0655","0.0500","0.3300","0.10","0.30","2","3","0.30","0.00"
"1859","40001000000014721421","fraud_Heathcote LLC","home","692.83","29.7604","-95.3698","2328000","1705053060","2024-01-12 09:51:00","0","6","17","4169.54","2","9","1402.66","6","2","17","0.0620","0.0804","0.0600","0.3800","0.20","0.00","3","1","0.40","0.10"
"1860","40001000000014729340","fraud_Kilback LLC","health_fitness","693.37","39.9526","-75.1652","1600000","1705053600","2024-01-12 10:00:00","0","7","19","4869.29","5","17","3466.85","1","4","2","0.0640","0.0953","0.0700","0.4300","0.00","0.10","1","2","0.00","0.20"
"1861","40001000000014737259","fraud_Ruecker Group","home","693.91","33.4484","-112.0740","1625000","1705054140","2024-01-12 10:09:00","0","8","21","5570.12","8","25","5555.53","2","6","5","0.0660","0.1102","0.0800","0.4800","0.10","0.20","2","3","0.10","0.30"
"1862","40001000000014745178","fraud_Stokes and Sons","health_fitness","694.45","32.7767","-96.7970","1304000","1705054680","2024-01-12 10:18:00","0","9","23","6250.05","3","7","2091.85","3","1","8","0.0680","0.1251","0.0900","0.0600","0.20","0.30","3","1","0.20","0.40"
"1863","40001000000014753097","fraud_Bahringer Group","home","694.99","47.6062","-122.3321","737000","1705055220","2024-01-12 10:27:00","0","1","16","698.13","6","15","4182.69","4","3","11","0.0700","0.1400","0.1000","0.1100","0.00","0.00","1","2","0.30","0.00"
"1864","40001000000014761016","fraud_Haley Ltd","health_fitness","695.53","40.7128","-74.0060","8419000","1705055760","2024-01-12 10:36:00","0","2","18","1397.34","1","15","712.53","5","5","14","0.0720","0.1549","0.1100","0.1600","0.10","0.10","2","3","0.40","0.10"
"1865","40001000000014768935","fraud_McDermott PLC","home","696.07","34.0522","-118.2437","3980000","1705056300","2024-01-12 10:45:00","0","3","20","2097.63","4","5","2784.28","6","7","17","0.0740","0.1698","0.1200","0.2100","0.20","0.20","3","1","0.00","0.20"
"1866","40001000000014776854","fraud_Lynch-Wisozk","health_fitness","696.61","41.8781","-87.6298","2746000","1705056840","2024-01-12 10:54:00","0","4","22","2799.00","7","13","4880.52","1","2","2","0.0760","0.1847","0.1300","0.2600","0.00","0.30","1","2","0.10","0.30"
"1867","40001000000014784773","fraud_Huels-Nolan","home","697.15","29.7604","-95.3698","2328000","1705057380","2024-01-12 11:03:00","0","5","24","3501.45","2","13","1402.80","2","4","5","0.0780","0.1996","0.1400","0.3100","0.10","0.00","2","3","0.20","0.40"
"1868","40001000000014792692","fraud_Schmeler Inc","health_fitness","697.69","39.9526","-75.1652","1600000","1705057920","2024-01-12 11:12:00","0","6","26","4204.98","5","21","3501.20","3","6","8","0.0800","0.2145","0.1500","0.3600","0.20","0.10","3","1","0.30","0.00"
"1869","40001000000014800611","fraud_Heathcote LLC","home","698.23","33.4484","-112.0740","1625000","1705058460","2024-01-12 11:21:00","0","7","7","4887.61","8","11","5602.84","4","1","11","0.0820","0.0400","0.1600","0.4100","0.00","0.20","1","2","0.40","0.10"
"1870","40001000000014808530","fraud_Kilback LLC","grocery_pos","698.77","32.7767","-96.7970","1304000","1705059000","2024-01-12 11:30:00","1","8","9","5593.30","3","11","2096.31","5","3","14","0.0840","0.0549","0.1700","0.4600","0.10","0.30","2","3","0.00","0.20"
"1871","40001000000014816449","fraud_Ruecker Group","personal_care","699.31","47.6062","-122.3321","737000","1705059540","2024-01-12 11:39:00","0","9","11","6300.07","6","19","4200.11","6","5","17","0.0860","0.0698","0.1800","0.0400","0.20","0.00","3","1","0.10","0.30"
"1872","40001000000014824368","fraud_Stokes and Sons","grocery_pos","697.64","40.7128","-74.0060","8419000","1705060080","2024-01-12 11:48:00","0","1","4","707.06","1","1","706.14","1","7","2","0.0880","0.0847","0.1900","0.0900","0.00","0.10","1","2","0.20","0.40"
"1873","40001000000014832287","fraud_Bahringer Group","personal_care","698.18","34.0522","-118.2437","3980000","1705060620","2024-01-12 11:57:00","0","2","6","1408.92","4","9","2805.47","2","2","5","0.0900","0.0996","0.2000","0.1400","0.10","0.20","2","3","0.30","0.00"
"1874","40001000000014840206","fraud_Haley Ltd","grocery_pos","698.72","41.8781","-87.6298","2746000","1705061160","2024-01-12 12:06:00","0","3","8","2111.86","7","17","4908.04","3","4","8","0.0920","0.1145","0.2100","0.1900","0.20","0.30","3","1","0.40","0.10"
"1875","40001000000014848125","fraud_McDermott PLC","personal_care","699.26","29.7604","-95.3698","2328000","1705061700","2024-01-12 12:15:00","0","4","10","2815.88","2","17","1398.52","4","6","11","0.0940","0.1294","0.2200","0.2400","0.00","0.00","1","2","0.00","0.20"
"1876","40001000000014856044","fraud_Lynch-Wisozk","grocery_pos","699.80","39.9526","-75.1652","1600000","1705062240","2024-01-12 12:24:00","0","5","12","3499.00","5","7","3503.25","5","1","14","0.0960","0.1443","0.2300","0.2900","0.10","0.10","2","3","0.10","0.30"
"1877","40001000000014863963","fraud_Huels-Nolan","personal_care","700.34","33.4484","-112.0740","1625000","1705062780","2024-01-12 12:33:00","0","6","14","4205.18","8","15","5611.22","6","3","17","0.0980","0.1591","0.2400","0.3400","0.20","0.20","3","1","0.20","0.40"
"1878","40001000000014871882","fraud_Schmeler Inc","grocery_pos","700.88","32.7767","-96.7970","1304000","1705063320","2024-01-12 12:42:00","0","7","16","4912.44","3","15","2115.39","1","5","2","0.1000","0.1740","0.2500","0.3900","0.00","0.30","1","2","0.30","0.00"
"1879","40001000000014879801","fraud_Heathcote LLC","personal_care","701.42","47.6062","-122.3321","737000","1705063860","2024-01-12 12:51:00","0","8","18","5620.78","6","23","4225.52","2","7","5","0.1020","0.1889","0.2600","0.4400","0.10","0.00","2","3","0.40","0.10"
"1880","40001000000014887720","fraud_Kilback LLC","grocery_pos","701.96","40.7128","-74.0060","8419000","1705064400","2024-01-12 13:00:00","0","9","20","6330.20","1","5","701.96","3","2","8","0.1040","0.2038","0.2700","0.0200","0.20","0.10","3","1","0.00","0.20"
"1881","40001000000014895639","fraud_Ruecker Group","misc_net","702.50","34.0522","-118.2437","3980000","1705064940","2024-01-12 13:09:00","0","1","13","718.20","4","13","2814.25","4","4","11","0.1060","0.2187","0.2800","0.0700","0.00","0.20","1","2","0.10","0.30"
"1882","40001000000014903558","fraud_Stokes and Sons","shopping_net","703.04","41.8781","-87.6298","2746000","1705065480","2024-01-12 13:18:00","0","2","15","1424.92","7","21","4929.78","5","6","14","0.1080","0.0443","0.2900","0.1200","0.10","0.30","2","3","0.20","0.40"
"1883","40001000000014911477","fraud_Bahringer Group","misc_net","703.58","29.7604","-95.3698","2328000","1705066020","2024-01-12 13:27:00","0","3","17","2110.74","2","3","1419.91","6","1","17","0.1100","0.0591","0.3000","0.1700","0.20","0.00","3","1","0.30","0.00"
"1884","40001000000014919396","fraud_Haley Ltd","shopping_net","704.12","39.9526","-75.1652","1600000","1705066560","2024-01-12 13:36:00","0","4","19","2819.62","5","11","3537.60","1","3","2","0.1120","0.0740","0.3100","0.2200","0.00","0.10","1","2","0.40","0.10"
"1885","40001000000014927315","fraud_McDermott PLC","misc_net","702.45","33.4484","-112.0740","1625000","1705067100","2024-01-12 13:45:00","0","5","21","3518.53","8","19","5619.60","2","5","5","0.1140","0.0889","0.3200","0.2700","0.10","0.20","2","3","0.00","0.20"
"1886","40001000000014935234","fraud_Lynch-Wisozk","shopping_net","702.99","32.7767","-96.7970","1304000","1705067640","2024-01-12 13:54:00","0","6","23","4227.36","3","19","2113.22","3","7","8","0.1160","0.1038","0.3300","0.3200","0.20","0.30","3","1","0.10","0.30"
"1887","40001000000014943153","fraud_Huels-Nolan","misc_net","703.53","47.6062","-122.3321","737000","1705068180","2024-01-12 14:03:00","1","7","25","4937.27","6","9","4229.68","4","2","11","0.1180","0.1187","0.3400","0.3700","0.00","0.00","1","2","0.20","0.40"
"1888","40001000000014951072","fraud_Schmeler Inc","shopping_net","704.07","40.7128","-74.0060","8419000","1705068720","2024-01-12 14:12:00","0","8","27","5648.26","1","9","716.82","5","4","14","0.1200","0.1336","0.3500","0.4200","0.10","0.10","2","3","0.30","0.00"
"1889","40001000000014958991","fraud_Heathcote LLC","misc_net","704.61","34.0522","-118.2437","3980000","1705069260","2024-01-12 14:21:00","0","9","29","6360.33","4","17","2835.44","6","6","17","0.1220","0.1485","0.3600","0.4700","0.20","0.20","3","1","0.40","0.10"
"1890","40001000000014966910","fraud_Kilback LLC","shopping_net","705.15","41.8781","-87.6298","2746000","1705069800","2024-01-12 14:30:00","0","1","1","705.15","7","7","4936.05","1","1","2","0.1240","0.1634","0.3700","0.0500","0.00","0.30","1","2","0.00","0.20"
"1891","40001000000014974829","fraud_Ruecker Group","misc_net","705.69","29.7604","-95.3698","2328000","1705070340","2024-01-12 14:39:00","0","2","3","1414.52","2","7","1415.63","2","3","5","0.1260","0.1783","0.3800","0.1000","0.10","0.00","2","3","0.10","0.30"
"1892","40001000000014982748","fraud_Stokes and Sons","gas_transport","706.23","39.9526","-75.1652","1600000","1705070880","2024-01-12 14:48:00","0","3","5","2124.97","5","15","3539.65","3","5","8","0.1280","0.1932","0.3900","0.1500","0.20","0.10","3","1","0.20","0.40"
"1893","40001000000014990667","fraud_Bahringer Group","food_dining","706.77","33.4484","-112.0740","1625000","1705071420","2024-01-12 14:57:00","0","4","7","2836.50","8","23","5666.91","4","7","11","0.1300","0.2081","0.4000","0.2000","0.00","0.20","1","2","0.30","0.00"
"1894","40001000000014998586","fraud_Haley Ltd","gas_transport","707.31","32.7767","-96.7970","1304000","1705071960","2024-01-12 15:06:00","0","5","9","3549.11","3","5","2138.93","5","2","14","0.1320","0.2230","0.4100","0.2500","0.10","0.30","2","3","0.40","0.10"
"1895","40001000000015006505","fraud_McDermott PLC","food_dining","707.85","47.6062","-122.3321","737000","1705072500","2024-01-12 15:15:00","0","6","11","4262.80","6","13","4247.10","6","4","17","0.1340","0.0485","0.4200","0.3000","0.20","0.00","3","1","0.00","0.20"
"1896","40001000000015014424","fraud_Lynch-Wisozk","gas_transport","708.39","40.7128","-74.0060","8419000","1705073040","2024-01-12 15:24:00","0","7","13","4977.57","1","13","712.64","1","6","2","0.1360","0.0634","0.4300","0.3500","0.00","0.10","1","2","0.10","0.30"
"1897","40001000000015022343","fraud_Huels-Nolan","food_dining","708.93","34.0522","-118.2437","3980000","1705073580","2024-01-12 15:33:00","0","8","15","5671.44","4","21","2844.22","2","1","5","0.1380","0.0783","0.4400","0.4000","0.10","0.20","2","3","0.20","0.40"
"1898","40001000000015030262","fraud_Schmeler Inc","gas_transport","707.26","41.8781","-87.6298","2746000","1705074120","2024-01-12 15:42:00","0","9","17","6368.48","7","11","4963.57","3","3","8","0.1400","0.0932","0.4500","0.4500","0.20","0.30","3","1","0.30","0.00"
"1899","40001000000015038181","fraud_Heathcote LLC","food_dining","707.80","29.7604","-95.3698","2328000","1705074660","2024-01-12 15:51:00","0","1","10","714.08","2","11","1432.60","4","5","11","0.1420","0.1081","0.4600","0.0300","0.00","0.00","1","2","0.40","0.10"
"1900","40001000000015046100","fraud_Kilback LLC","gas_transport","708.34","39.9526","-75.1652","1600000","1705075200","2024-01-12 16:00:00","0","2","12","1426.10","5","19","3541.70","5","7","14","0.1440","0.1230","0.4700","0.0800","0.10","0.10","2","3","0.00","0.20"
"1901","40001000000015054019","fraud_Ruecker Group","food_dining","708.88","33.4484","-112.0740","1625000","1705075740","2024-01-12 16:09:00","0","3","14","2139.20","8","9","5675.29","6","2","17","0.1460","0.1379","0.4800","0.1300","0.20","0.20","3","1","0.10","0.30"
"1902","40001000000015061938","fraud_Stokes and Sons","gas_transport","709.42","32.7767","-96.7970","1304000","1705076280","2024-01-12 16:18:00","0","4","16","2853.38","3","9","2136.76","1","4","2","0.1480","0.1528","0.4900","0.1800","0.00","0.30","1","2","0.20","0.40"
"1903","40001000000015069857","fraud_Bahringer Group","travel","709.96","47.6062","-122.3321","737000","1705076820","2024-01-12 16:27:00","0","5","18","3568.64","6","17","4272.51","2","6","5","0.1500","0.1677","0.5000","0.2300","0.10","0.00","2","3","0.30","0.00"
"1904","40001000000015077776","fraud_Haley Ltd","entertainment","710.50","40.7128","-74.0060","8419000","1705077360","2024-01-12 16:36:00","1","6","20","4263.00","1","17","727.50","3","1","8","0.1520","0.1826","0.5100","0.2800","0.20","0.10","3","1","0.40","0.10"
"1905","40001000000015085695","fraud_McDermott PLC","travel","711.04","34.0522","-118.2437","3980000","1705077900","2024-01-12 16:45:00","0","7","22","4980.42","4","7","2844.16","4","3","11","0.1540","0.1974","0.5200","0.3300","0.00","0.20","1","2","0.00","0.20"
"1906","40001000000015093614","fraud_Lynch-Wisozk","entertainment","711.58","41.8781","-87.6298","2746000","1705078440","2024-01-12 16:54:00","0","8","24","5698.92","7","15","4985.31","5","5","14","0.1560","0.2123","0.5300","0.3800","0.10","0.30","2","3","0.10","0.30"
"1907","40001000000015101533","fraud_Huels-Nolan","travel","712.12","29.7604","-95.3698","2328000","1705078980","2024-01-12 17:03:00","0","9","26","6418.50","2","15","1432.74","6","7","17","0.1580","0.2272","0.5400","0.4300","0.20","0.00","3","1","0.20","0.40"
"1908","40001000000015109452","fraud_Schmeler Inc","entertainment","712.66","39.9526","-75.1652","1600000","1705079520","2024-01-12 17:12:00","0","1","19","725.22","5","5","3576.05","1","2","2","0.1600","0.0528","0.0200","0.4800","0.00","0.10","1","2","0.30","0.00"
"1909","40001000000015117371","fraud_Heathcote LLC","travel","713.20","33.4484","-112.0740","1625000","1705080060","2024-01-12 17:21:00","0","2","21","1442.10","8","13","5722.60","2","4","5","0.1620","0.0677","0.0300","0.0600","0.10","0.20","2","3","0.40","0.10"
"1910","40001000000015125290","fraud_Kilback LLC","entertainment","713.74","32.7767","-96.7970","1304000","1705080600","2024-01-12 17:30:00","0","3","23","2160.06","3","13","2141.22","3","6","8","0.1640","0.0826","0.0400","0.1100","0.20","0.30","3","1","0.00","0.20"
"1911","40001000000015133209","fraud_Ruecker Group","travel","712.07","47.6062","-122.3321","737000","1705081140","2024-01-12 17:39:00","0","4","4","2848.28","6","21","4276.67","4","1","11","0.1660","0.0974","0.0500","0.1600","0.00","0.00","1","2","0.10","0.30"
"1912","40001000000015141128","fraud_Stokes and Sons","entertainment","712.61","40.7128","-74.0060","8419000","1705081680","2024-01-12 17:48:00","0","5","6","3566.19","1","3","721.11","5","3","14","0.1680","0.1123","0.0600","0.2100","0.10","0.10","2","3","0.20","0.40"
"1913","40001000000015149047","fraud_Bahringer Group","travel","713.15","34.0522","-118.2437","3980000","1705082220","2024-01-12 17:57:00","0","6","8","4285.18","4","11","2865.35","6","5","17","0.1700","0.1272","0.0700","0.2600","0.20","0.20","3","1","0.30","0.00"
"1914","40001000000015156966","fraud_Haley Ltd","home","713.69","41.8781","-87.6298","2746000","1705082760","2024-01-12 18:06:00","0","7","10","5005.25","7","19","5012.83","1","7","2","0.1720","0.1421","0.0800","0.3100","0.00","0.30","1","2","0.40","0.10"
"1915","40001000000015164885","fraud_McDermott PLC","health_fitness","714.23","29.7604","-95.3698","2328000","1705083300","2024-01-12 18:15:00","0","8","12","5726.40","2","19","1428.46","2","2","5","0.1740","0.1570","0.0900","0.3600","0.10","0.00","2","3","0.00","0.20"
"1916","40001000000015172804","fraud_Lynch-Wisozk","home","714.77","39.9526","-75.1652","1600000","1705083840","2024-01-12 18:24:00","0","9","14","6448.63","5","9","3578.10","3","4","8","0.1760","0.1719","0.1000","0.4100","0.20","0.10","3","1","0.10","0.30"
"1917","40001000000015180723","fraud_Huels-Nolan","health_fitness","715.31","33.4484","-112.0740","1625000","1705084380","2024-01-12 18:33:00","0","1","7","734.15","8","17","5730.98","4","6","11","0.1780","0.1868","0.1100","0.4600","0.00","0.20","1","2","0.20","0.40"
"1918","40001000000015188642","fraud_Schmeler Inc","home","715.85","32.7767","-96.7970","1304000","1705084920","2024-01-12 18:42:00","0","2","9","1431.70","3","17","2160.30","5","1","14","0.1800","0.2017","0.1200","0.0400","0.10","0.30","2","3","0.30","0.00"
"1919","40001000000015196561","fraud_Heathcote LLC","health_fitness","716.39","47.6062","-122.3321","737000","1705085460","2024-01-12 18:51:00","0","3","11","2152.31","6","7","4315.34","6","3","17","0.1820","0.2166","0.1300","0.0900","0.20","0.00","3","1","0.40","0.10"
"1920","40001000000015204480","fraud_Kilback LLC","home","716.93","40.7128","-74.0060","8419000","1705086000","2024-01-12 19:00:00","0","4","13","2874.00","1","7","716.93","1","5","2","0.1840","0.0421","0.1400","0.1400","0.00","0.10","1","2","0.00","0.20"
"1921","40001000000015212399","fraud_Ruecker Group","health_fitness","717.47","34.0522","-118.2437","3980000","1705086540","2024-01-12 19:09:00","1","5","15","3596.77","4","15","2874.13","2","7","5","0.1860","0.0570","0.1500","0.1900","0.10","0.20","2","3","0.10","0.30"
"1922","40001000000015220318","fraud_Stokes and Sons","home","718.01","41.8781","-87.6298","2746000","1705087080","2024-01-12 19:18:00","0","6","17","4320.62","7","23","5034.57","3","2","8","0.1880","0.0719","0.1600","0.2400","0.20","0.30","3","1","0.20","0.40"
"1923","40001000000015228237","fraud_Bahringer Group","health_fitness","718.55","29.7604","-95.3698","2328000","1705087620","2024-01-12 19:27:00","0","7","19","5045.55","2","5","1449.85","4","4","11","0.1900","0.0868","0.1700","0.2900","0.00","0.00","1","2","0.30","0.00"
"1924","40001000000015236156","fraud_Haley Ltd","home","716.88","39.9526","-75.1652","1600000","1705088160","2024-01-12 19:36:00","0","8","21","5753.88","5","13","3601.40","5","6","14","0.1920","0.1017","0.1800","0.3400","0.10","0.10","2","3","0.40","0.10"
"1925","40001000000015244075","fraud_McDermott PLC","grocery_pos","717.42","33.4484","-112.0740","1625000","1705088700","2024-01-12 19:45:00","0","9","23","6456.78","8","21","5739.36","6","1","17","0.1940","0.1166","0.1900","0.3900","0.20","0.20","3","1","0.00","0.20"
"1926","40001000000015251994","fraud_Lynch-Wisozk","personal_care","717.96","32.7767","-96.7970","1304000","1705089240","2024-01-12 19:54:00","0","1","16","721.10","3","3","2158.13","1","3","2","0.1960","0.1315","0.2000","0.4400","0.00","0.30","1","2","0.10","0.30"
"1927","40001000000015259913","fraud_Huels-Nolan","grocery_pos","718.50","47.6062","-122.3321","737000","1705089780","2024-01-12 20:03:00","0","2","18","1443.28","6","11","4319.50","2","5","5","0.1980","0.1464","0.2100","0.0200","0.10","0.00","2","3","0.20","0.40"
"1928","40001000000015267832","fraud_Schmeler Inc","personal_care","719.04","40.7128","-74.0060","8419000","1705090320","2024-01-12 20:12:00","0","3","20","2166.54","1","11","731.79","3","7","8","0.2000","0.1613","0.2200","0.0700","0.20","0.10","3","1","0.30","0.00"
"1929","40001000000015275751","fraud_Heathcote LLC","grocery_pos","719.58","34.0522","-118.2437","3980000","1705090860","2024-01-12 20:21:00","0","4","22","2890.88","4","19","2895.32","4","2","11","0.2020","0.1762","0.2300","0.1200","0.00","0.20","1","2","0.40","0.10"
"1930","40001000000015283670","fraud_Kilback LLC","personal_care","720.12","41.8781","-87.6298","2746000","1705091400","2024-01-12 20:30:00","0","5","24","3616.30","7","9","5040.84","5","4","14","0.2040","0.1911","0.2400","0.1700","0.10","0.30","2","3","0.00","0.20"
"1931","40001000000015291589","fraud_Ruecker Group","grocery_pos","720.66","29.7604","-95.3698","2328000","1705091940","2024-01-12 20:39:00","0","6","26","4342.80","2","9","1445.57","6","6","17","0.2060","0.2060","0.2500","0.2200","0.20","0.00","3","1","0.10","0.30"
"1932","40001000000015299508","fraud_Stokes and Sons","personal_care","721.20","39.9526","-75.1652","1600000","1705092480","2024-01-12 20:48:00","0","7","7","5048.40","5","17","3614.50","1","1","2","0.2080","0.2209","0.2600","0.2700","0.00","0.10","1","2","0.20","0.40"
"1933","40001000000015307427","fraud_Bahringer Group","grocery_pos","721.74","33.4484","-112.0740","1625000","1705093020","2024-01-12 20:57:00","0","8","9","5777.06","8","25","5786.67","2","3","5","0.2100","0.0464","0.2700","0.3200","0.10","0.20","2","3","0.30","0.00"
"1934","40001000000015315346","fraud_Haley Ltd","personal_care","722.28","32.7767","-96.7970","1304000","1705093560","2024-01-12 21:06:00","0","9","11","6506.80","3","7","2183.84","3","5","8","0.2120","0.0613","0.2800","0.3700","0.20","0.30","3","1","0.40","0.10"
"1935","40001000000015323265","fraud_McDermott PLC","grocery_pos","722.82","47.6062","-122.3321","737000","1705094100","2024-01-12 21:15:00","0","1","4","732.24","6","15","4336.92","4","7","11","0.2140","0.0762","0.2900","0.4200","0.00","0.00","1","2","0.00","0.20"
"1936","40001000000015331184","fraud_Lynch-Wisozk","misc_net","723.36","40.7128","-74.0060","8419000","1705094640","2024-01-12 21:24:00","0","2","6","1459.28","1","15","727.61","5","2","14","0.2160","0.0911","0.3000","0.4700","0.10","0.10","2","3","0.10","0.30"
"1937","40001000000015339103","fraud_Huels-Nolan","shopping_net","721.69","34.0522","-118.2437","3980000","1705095180","2024-01-12 21:33:00","0","3","8","2180.77","4","5","2895.26","6","4","17","0.2180","0.1060","0.3100","0.0500","0.20","0.20","3","1","0.20","0.40"
"1938","40001000000015347022","fraud_Schmeler Inc","misc_net","722.23","41.8781","-87.6298","2746000","1705095720","2024-01-12 21:42:00","1","4","10","2907.76","7","13","5068.36","1","6","2","0.2200","0.1209","0.3200","0.1000","0.00","0.30","1","2","0.30","0.00"
"1939","40001000000015354941","fraud_Heathcote LLC","shopping_net","722.77","29.7604","-95.3698","2328000","1705096260","2024-01-12 21:51:00","0","5","12","3613.85","2","13","1462.54","2","1","5","0.2220","0.1357","0.3300","0.1500","0.10","0.00","2","3","0.40","0.10"
"1940","40001000000015362860","fraud_Kilback LLC","misc_net","723.31","39.9526","-75.1652","1600000","1705096800","2024-01-12 22:00:00","0","6","14","4343.00","5","21","3616.55","3","3","8","0.0300","0.1506","0.3400","0.2000","0.20","0.10","3","1","0.00","0.20"
"1941","40001000000015370779","fraud_Ruecker Group","shopping_net","723.85","33.4484","-112.0740","1625000","1705097340","2024-01-12 22:09:00","0","7","16","5073.23","8","11","5795.05","4","5","11","0.0320","0.1655","0.3500","0.2500","0.00","0.20","1","2","0.10","0.30"
"1942","40001000000015378698","fraud_Stokes and Sons","misc_net","724.39","32.7767","-96.7970","1304000","1705097880","2024-01-12 22:18:00","0","8","18","5804.54","3","11","2181.67","5","7","14","0.0340","0.1804","0.3600","0.3000","0.10","0.30","2","3","0.20","0.40"
"1943","40001000000015386617","fraud_Bahringer Group","shopping_net","724.93","47.6062","-122.3321","737000","1705098420","2024-01-12 22:27:00","0","9","20","6536.93","6","19","4362.33","6","2","17","0.0360","0.1953","0.3700","0.3500","0.20","0.00","3","1","0.30","0.00"
"1944","40001000000015394536","fraud_Haley Ltd","misc_net","725.47","40.7128","-74.0060","8419000","1705098960","2024-01-12 22:36:00","0","1","13","741.17","1","1","742.47","1","4","2","0.0380","0.2102","0.3800","0.4000","0.00","0.10","1","2","0.40","0.10"
"1945","40001000000015402455","fraud_McDermott PLC","shopping_net","726.01","34.0522","-118.2437","3980000","1705099500","2024-01-12 22:45:00","0","2","15","1470.86","4","9","2904.04","2","6","5","0.0400","0.2251","0.3900","0.4500","0.10","0.20","2","3","0.00","0.20"
"1946","40001000000015410374","fraud_Lynch-Wisozk","misc_net","726.55","41.8781","-87.6298","2746000","1705100040","2024-01-12 22:54:00","0","3","17","2179.65","7","17","5090.10","3","1","8","0.0420","0.0506","0.4000","0.0300","0.20","0.30","3","1","0.10","0.30"
"1947","40001000000015418293","fraud_Huels-Nolan","gas_transport","727.09","29.7604","-95.3698","2328000","1705100580","2024-01-12 23:03:00","0","4","19","2911.50","2","17","1462.68","4","3","11","0.0440","0.0655","0.4100","0.0800","0.00","0.00","1","2","0.20","0.40"
"1948","40001000000015426212","fraud_Schmeler Inc","food_dining","727.63","39.9526","-75.1652","1600000","1705101120","2024-01-12 23:12:00","0","5","21","3644.43","5","7","3650.90","5","5","14","0.0460","0.0804","0.4200","0.1300","0.10","0.10","2","3","0.30","0.00"
"1949","40001000000015434131","fraud_Heathcote LLC","gas_transport","728.17","33.4484","-112.0740","1625000","1705101660","2024-01-12 23:21:00","0","6","23","4378.44","8","15","5842.36","6","7","17","0.0480","0.0953","0.4300","0.1800","0.20","0.20","3","1","0.40","0.10"
"1950","40001000000015442050","fraud_Kilback LLC","food_dining","726.50","32.7767","-96.7970","1304000","1705102200","2024-01-12 23:30:00","0","7","25","5098.06","3","15","2179.50","1","2","2","0.0500","0.1102","0.4400","0.2300","0.00","0.30","1","2","0.00","0.20"
"1951","40001000000015449969","fraud_Ruecker Group","gas_transport","727.04","47.6062","-122.3321","737000","1705102740","2024-01-12 23:39:00","0","8","27","5832.02","6","23","4366.49","2","4","5","0.0520","0.1251","0.4500","0.2800","0.10","0.00","2","3","0.10","0.30"
"1952","40001000000015457888","fraud_Stokes and Sons","food_dining","727.58","40.7128","-74.0060","8419000","1705103280","2024-01-12 23:48:00","0","9","29","6567.06","1","5","736.08","3","6","8","0.0540","0.1400","0.4600","0.3300","0.20","0.10","3","1","0.20","0.40"
"1953","40001000000015465807","fraud_Bahringer Group","gas_transport","728.12","34.0522","-118.2437","3980000","1705103820","2024-01-12 23:57:00","0","1","1","728.12","4","13","2925.23","4","1","11","0.0560","0.1549","0.4700","0.3800","0.00","0.20","1","2","0.30","0.00"
"1954","40001000000015473726","fraud_Haley Ltd","food_dining","728.66","41.8781","-87.6298","2746000","1705104360","2024-01-13 00:06:00","0","2","3","1460.46","7","21","5117.62","5","3","14","0.0580","0.1698","0.4800","0.4300","0.10","0.30","2","3","0.40","0.10"
"1955","40001000000015481645","fraud_McDermott PLC","gas_transport","729.20","29.7604","-95.3698","2328000","1705104900","2024-01-13 00:15:00","1","3","5","2193.88","2","3","1458.40","6","5","17","0.0600","0.1847","0.4900","0.4800","0.20","0.00","3","1","0.00","0.20"
"1956","40001000000015489564","fraud_Lynch-Wisozk","food_dining","729.74","39.9526","-75.1652","1600000","1705105440","2024-01-13 00:24:00","0","4","7","2928.38","5","11","3652.95","1","7","2","0.0620","0.1996","0.5000","0.0600","0.00","0.10","1","2","0.10","0.30"
"1957","40001000000015497483","fraud_Huels-Nolan","gas_transport","730.28","33.4484","-112.0740","1625000","1705105980","2024-01-13 00:33:00","0","5","9","3663.96","8","19","5850.74","2","2","5","0.0640","0.2145","0.5100","0.1100","0.10","0.20","2","3","0.20","0.40"
"1958","40001000000015505402","fraud_Schmeler Inc","travel","730.82","32.7767","-96.7970","1304000","1705106520","2024-01-13 00:42:00","0","6","11","4400.62","3","19","2205.21","3","4","8","0.0660","0.0400","0.5200","0.1600","0.20","0.30","3","1","0.30","0.00"
"1959","40001000000015513321","fraud_Heathcote LLC","entertainment","731.36","47.6062","-122.3321","737000","1705107060","2024-01-13 00:51:00","0","7","13","5138.36","6","9","4405.16","4","6","11","0.0680","0.0549","0.5300","0.2100","0.00","0.00","1","2","0.40","0.10"
"1960","40001000000015521240","fraud_Kilback LLC","travel","731.90","40.7128","-74.0060","8419000","1705107600","2024-01-13 01:00:00","0","8","15","5855.20","1","9","731.90","5","1","14","0.0700","0.0698","0.5400","0.2600","0.10","0.10","2","3","0.00","0.20"
"1961","40001000000015529159","fraud_Ruecker Group","entertainment","732.44","34.0522","-118.2437","3980000","1705108140","2024-01-13 01:09:00","0","9","17","6595.10","4","17","2934.01","6","3","17","0.0720","0.0847","0.0200","0.3100","0.20","0.20","3","1","0.10","0.30"
"1962","40001000000015537078","fraud_Stokes and Sons","travel","732.98","41.8781","-87.6298","2746000","1705108680","2024-01-13 01:18:00","0","1","10","739.26","7","7","5139.36","1","5","2","0.0740","0.0996","0.0300","0.3600","0.00","0.30","1","2","0.20","0.40"
"1963","40001000000015544997","fraud_Bahringer Group","entertainment","731.31","29.7604","-95.3698","2328000","1705109220","2024-01-13 01:27:00","0","2","12","1472.04","2","7","1475.37","2","7","5","0.0760","0.1145","0.0400","0.4100","0.10","0.00","2","3","0.30","0.00"
"1964","40001000000015552916","fraud_Haley Ltd","travel","731.85","39.9526","-75.1652","1600000","1705109760","2024-01-13 01:36:00","0","3","14","2208.11","5","15","3676.25","3","2","8","0.0780","0.1294","0.0500","0.4600","0.20","0.10","3","1","0.40","0.10"
"1965","40001000000015560835","fraud_McDermott PLC","entertainment","732.39","33.4484","-112.0740","1625000","1705110300","2024-01-13 01:45:00","0","4","16","2945.26","8","23","5859.12","4","4","11","0.0800","0.1443","0.0600","0.0400","0.00","0.20","1","2","0.00","0.20"
"1966","40001000000015568754","fraud_Lynch-Wisozk","travel","732.93","32.7767","-96.7970","1304000","1705110840","2024-01-13 01:54:00","0","5","18","3683.49","3","5","2203.04","5","6","14","0.0820","0.1591","0.0700","0.0900","0.10","0.30","2","3","0.10","0.30"
"1967","40001000000015576673","fraud_Huels-Nolan","entertainment","733.47","47.6062","-122.3321","737000","1705111380","2024-01-13 02:03:00","0","6","20","4400.82","6","13","4409.32","6","1","17","0.0840","0.1740","0.0800","0.1400","0.20","0.00","3","1","0.20","0.40"
"1968","40001000000015584592","fraud_Schmeler Inc","travel","734.01","40.7128","-74.0060","8419000","1705111920","2024-01-13 02:12:00","0","7","22","5141.21","1","13","746.76","1","3","2","0.0860","0.1889","0.0900","0.1900","0.00","0.10","1","2","0.30","0.00"
"1969","40001000000015592511","fraud_Heathcote LLC","home","734.55","34.0522","-118.2437","3980000","1705112460","2024-01-13 02:21:00","0","8","24","5882.68","4","21","2955.20","2","5","5","0.0880","0.2038","0.1000","0.2400","0.10","0.20","2","3","0.40","0.10"
"1970","40001000000015600430","fraud_Kilback LLC","health_fitness","735.09","41.8781","-87.6298","2746000","1705113000","2024-01-13 02:30:00","0","9","26","6625.23","7","11","5145.63","3","7","8","0.0900","0.2187","0.1100","0.2900","0.20","0.30","3","1","0.00","0.20"
"1971","40001000000015608349","fraud_Ruecker Group","home","735.63","29.7604","-95.3698","2328000","1705113540","2024-01-13 02:39:00","0","1","19","748.19","2","11","1475.51","4","2","11","0.0920","0.0443","0.1200","0.3400","0.00","0.00","1","2","0.10","0.30"
"1972","40001000000015616268","fraud_Stokes and Sons","health_fitness","736.17","39.9526","-75.1652","1600000","1705114080","2024-01-13 02:48:00","1","2","21","1488.04","5","19","3689.35","5","4","14","0.0940","0.0591","0.1300","0.3900","0.10","0.10","2","3","0.20","0.40"
"1973","40001000000015624187","fraud_Bahringer Group","home","736.71","33.4484","-112.0740","1625000","1705114620","2024-01-13 02:57:00","0","3","23","2228.97","8","9","5906.43","6","6","17","0.0960","0.0740","0.1400","0.4400","0.20","0.20","3","1","0.30","0.00"
"1974","40001000000015632106","fraud_Haley Ltd","health_fitness","737.25","32.7767","-96.7970","1304000","1705115160","2024-01-13 03:06:00","0","4","4","2949.00","3","9","2228.75","1","1","2","0.0980","0.0889","0.1500","0.0200","0.00","0.30","1","2","0.40","0.10"
"1975","40001000000015640025","fraud_McDermott PLC","home","737.79","47.6062","-122.3321","737000","1705115700","2024-01-13 03:15:00","0","5","6","3692.09","6","17","4426.74","2","3","5","0.1000","0.1038","0.1600","0.0700","0.10","0.00","2","3","0.00","0.20"
"1976","40001000000015647944","fraud_Lynch-Wisozk","health_fitness","736.12","40.7128","-74.0060","8419000","1705116240","2024-01-13 03:24:00","0","6","8","4423.00","1","17","740.37","3","5","8","0.1020","0.1187","0.1700","0.1200","0.20","0.10","3","1","0.10","0.30"
"1977","40001000000015655863","fraud_Huels-Nolan","home","736.66","34.0522","-118.2437","3980000","1705116780","2024-01-13 03:33:00","0","7","10","5166.04","4","7","2955.14","4","7","11","0.1040","0.1336","0.1800","0.1700","0.00","0.20","1","2","0.20","0.40"
"1978","40001000000015663782","fraud_Schmeler Inc","health_fitness","737.20","41.8781","-87.6298","2746000","1705117320","2024-01-13 03:42:00","0","8","12","5910.16","7","15","5173.15","5","2","14","0.1060","0.1485","0.1900","0.2200","0.10","0.30","2","3","0.30","0.00"
"1979","40001000000015671701","fraud_Heathcote LLC","home","737.74","29.7604","-95.3698","2328000","1705117860","2024-01-13 03:51:00","0","9","14","6655.36","2","15","1492.48","6","4","17","0.1080","0.1634","0.2000","0.2700","0.20","0.00","3","1","0.40","0.10"
"1980","40001000000015679620","fraud_Kilback LLC","grocery_pos","738.28","39.9526","-75.1652","1600000","1705118400","2024-01-13 04:00:00","0","1","7","757.12","5","5","3691.40","1","6","2","0.1100","0.1783","0.2100","0.3200","0.00","0.10","1","2","0.00","0.20"
"1981","40001000000015687539","fraud_Ruecker Group","personal_care","738.82","33.4484","-112.0740","1625000","1705118940","2024-01-13 04:09:00","0","2","9","1477.64","8","13","5914.81","2","1","5","0.1120","0.1932","0.2200","0.3700","0.10","0.20","2","3","0.10","0.30"
"1982","40001000000015695458","fraud_Stokes and Sons","grocery_pos","739.36","32.7767","-96.7970","1304000","1705119480","2024-01-13 04:18:00","0","3","11","2221.22","3","13","2226.58","3","3","8","0.1140","0.2081","0.2300","0.4200","0.20","0.30","3","1","0.20","0.40"
"1983","40001000000015703377","fraud_Bahringer Group","personal_care","739.90","47.6062","-122.3321","737000","1705120020","2024-01-13 04:27:00","0","4","13","2965.88","6","21","4452.15","4","5","11","0.1160","0.2230","0.2400","0.4700","0.00","0.00","1","2","0.30","0.00"
"1984","40001000000015711296","fraud_Haley Ltd","grocery_pos","740.44","40.7128","-74.0060","8419000","1705120560","2024-01-13 04:36:00","0","5","15","3711.62","1","3","757.44","5","7","14","0.1180","0.0485","0.2500","0.0500","0.10","0.10","2","3","0.40","0.10"
"1985","40001000000015719215","fraud_McDermott PLC","personal_care","740.98","34.0522","-118.2437","3980000","1705121100","2024-01-13 04:45:00","0","6","17","4458.44","4","11","2963.92","6","2","17","0.1200","0.0634","0.2600","0.1000","0.20","0.20","3","1","0.00","0.20"
"1986","40001000000015727134","fraud_Lynch-Wisozk","grocery_pos","741.52","41.8781","-87.6298","2746000","1705121640","2024-01-13 04:54:00","0","7","19","5206.34","7","19","5194.89","1","4","2","0.1220","0.0783","0.2700","0.1500","0.00","0.30","1","2","0.10","0.30"
"1987","40001000000015735053","fraud_Huels-Nolan","personal_care","742.06","29.7604","-95.3698","2328000","1705122180","2024-01-13 05:03:00","0","8","21","5955.32","2","19","1492.62","2","6","5","0.1240","0.0932","0.2800","0.2000","0.10","0.00","2","3","0.20","0.40"
"1988","40001000000015742972","fraud_Schmeler Inc","grocery_pos","742.60","39.9526","-75.1652","1600000","1705122720","2024-01-13 05:12:00","0","9","23","6683.40","5","9","3725.75","3","1","8","0.1260","0.1081","0.2900","0.2500","0.20","0.10","3","1","0.30","0.00"
"1989","40001000000015750891","fraud_Heathcote LLC","personal_care","740.93","33.4484","-112.0740","1625000","1705123260","2024-01-13 05:21:00","1","1","16","744.07","8","17","5944.44","4","3","11","0.1280","0.1230","0.3000","0.3000","0.00","0.20","1","2","0.40","0.10"
"1990","40001000000015758810","fraud_Kilback LLC","grocery_pos","741.47","32.7767","-96.7970","1304000","1705123800","2024-01-13 05:30:00","0","2","18","1489.22","3","17","2224.41","5","5","14","0.1300","0.1379","0.3100","0.3500","0.10","0.30","2","3","0.00","0.20"
"1991","40001000000015766729","fraud_Ruecker Group","misc_net","742.01","47.6062","-122.3321","737000","1705124340","2024-01-13 05:39:00","0","3","20","2235.45","6","7","4456.31","6","7","17","0.1320","0.1528","0.3200","0.4000","0.20","0.00","3","1","0.10","0.30"
"1992","40001000000015774648","fraud_Stokes and Sons","shopping_net","742.55","40.7128","-74.0060","8419000","1705124880","2024-01-13 05:48:00","0","4","22","2982.76","1","7","751.05","1","2","2","0.1340","0.1677","0.3300","0.4500","0.00","0.10","1","2","0.20","0.40"
"1993","40001000000015782567","fraud_Bahringer Group","misc_net","743.09","34.0522","-118.2437","3980000","1705125420","2024-01-13 05:57:00","0","5","24","3731.15","4","15","2985.11","2","4","5","0.1360","0.1826","0.3400","0.0300","0.10","0.20","2","3","0.30","0.00"
"1994","40001000000015790486","fraud_Haley Ltd","shopping_net","743.63","41.8781","-87.6298","2746000","1705125960","2024-01-13 06:06:00","0","6","26","4480.62","7","23","5222.41","3","6","8","0.1380","0.1974","0.3500","0.0800","0.20","0.30","3","1","0.40","0.10"
"1995","40001000000015798405","fraud_McDermott PLC","misc_net","744.17","29.7604","-95.3698","2328000","1705126500","2024-01-13 06:15:00","0","7","7","5209.19","2","5","1488.34","4","1","11","0.1400","0.2123","0.3600","0.1300","0.00","0.00","1","2","0.00","0.20"
"1996","40001000000015806324","fraud_Lynch-Wisozk","shopping_net","744.71","39.9526","-75.1652","1600000","1705127040","2024-01-13 06:24:00","0","8","9","5960.82","5","13","3727.80","5","3","14","0.1420","0.2272","0.3700","0.1800","0.10","0.10","2","3","0.10","0.30"
"1997","40001000000015814243","fraud_Huels-Nolan","misc_net","745.25","33.4484","-112.0740","1625000","1705127580","2024-01-13 06:33:00","0","9","11","6713.53","8","21","5970.50","6","5","17","0.1440","0.0528","0.3800","0.2300","0.20","0.20","3","1","0.20","0.40"
"1998","40001000000015822162","fraud_Schmeler Inc","shopping_net","745.79","32.7767","-96.7970","1304000","1705128120","2024-01-13 06:42:00","0","1","4","755.21","3","3","2250.12","1","7","2","0.1460","0.0677","0.3900","0.2800","0.00","0.30","1","2","0.30","0.00"
"1999","40001000000015830081","fraud_Heathcote LLC","misc_net","746.33","47.6062","-122.3321","737000","1705128660","2024-01-13 06:51:00","0","2","6","1505.22","6","11","4494.98","2","2","5","0.1480","0.0826","0.4000","0.3300","0.10","0.00","2","3","0.40","0.10"
